

Microchip MPLAB XC8 Assembler V3.10 build 20250813170317 
                                                                                               Sun May 17 15:51:53 2026

Microchip MPLAB XC8 C Compiler v3.10 (Free license) build 20250813170317 Og1 
     1                           	processor	18F47K42
     2                           	fnconf	rparam,??,?,0
     3                           	pagewidth 120
     4                           	opt	flic
     5                           	psect	smallconst,global,reloc=2,class=SMALLCONST,space=0,delta=1,noexec
     6                           	psect	cinit,global,reloc=2,class=CODE,space=0,delta=1
     7                           	psect	bssCOMRAM,global,class=COMRAM,space=1,delta=1,lowdata,noexec
     8                           	psect	bssBANK0,global,class=BANK0,space=1,delta=1,lowdata,noexec
     9                           	psect	cstackCOMRAM,global,class=COMRAM,space=1,delta=1,lowdata,noexec
    10                           	psect	text0,global,reloc=2,class=CODE,space=0,delta=1
    11                           	psect	text1,global,reloc=2,class=CODE,space=0,delta=1,group=3
    12                           	psect	text2,global,reloc=2,class=CODE,space=0,delta=1,group=1
    13                           	psect	text3,global,reloc=2,class=CODE,space=0,delta=1,group=1
    14                           	psect	text4,global,reloc=2,class=CODE,space=0,delta=1,group=1
    15                           	psect	text5,global,reloc=2,class=CODE,space=0,delta=1,group=1
    16                           	psect	text6,global,reloc=2,class=CODE,space=0,delta=1,group=3
    17                           	psect	text7,global,reloc=2,class=CODE,space=0,delta=1,group=3
    18                           	psect	text8,global,reloc=2,class=CODE,space=0,delta=1,group=3
    19                           	psect	text9,global,reloc=2,class=CODE,space=0,delta=1,group=2
    20                           	psect	text10,global,reloc=2,class=CODE,space=0,delta=1,group=1
    21                           	psect	text11,global,reloc=2,class=CODE,space=0,delta=1
    22                           	psect	text12,global,reloc=2,class=CODE,space=0,delta=1
    23                           	psect	text13,global,reloc=2,class=CODE,space=0,delta=1
    24                           	psect	text14,global,reloc=2,class=CODE,space=0,delta=1
    25                           	psect	text15,global,reloc=2,class=CODE,space=0,delta=1
    26                           	psect	text16,global,reloc=2,class=CODE,space=0,delta=1
    27                           	psect	text17,global,reloc=2,class=CODE,space=0,delta=1
    28                           	psect	text18,global,reloc=2,class=CODE,space=0,delta=1
    29                           	psect	text19,global,reloc=2,class=CODE,space=0,delta=1
    30                           	psect	text20,global,reloc=2,class=CODE,space=0,delta=1
    31                           	psect	text21,global,reloc=2,class=CODE,space=0,delta=1
    32                           	psect	text22,global,reloc=2,class=CODE,space=0,delta=1
    33                           	psect	text23,global,reloc=2,class=CODE,space=0,delta=1
    34                           	psect	text24,global,reloc=2,class=CODE,space=0,delta=1
    35                           	psect	text25,global,reloc=2,class=CODE,space=0,delta=1,group=2
    36                           	psect	text26,global,reloc=2,class=CODE,space=0,delta=1
    37                           	psect	text27,global,reloc=2,class=CODE,space=0,delta=1
    38                           	psect	text28,global,reloc=2,class=CODE,space=0,delta=1
    39                           	psect	text29,global,reloc=2,class=CODE,space=0,delta=1
    40                           	psect	text30,global,reloc=2,class=CODE,space=0,delta=1
    41                           	psect	text31,global,reloc=2,class=CODE,space=0,delta=1,group=2
    42                           	psect	text32,global,reloc=2,class=CODE,space=0,delta=1,group=2
    43                           	psect	text33,global,reloc=2,class=CODE,space=0,delta=1
    44                           	psect	intsave_regs,global,class=BIGRAM,space=1,delta=1,noexec
    45                           	psect	rparam,global,class=COMRAM,space=1,delta=1,noexec
    46                           	psect	config,global,abs,ovrld,class=CONFIG,space=4,delta=1,noexec
    47   000000                     
    48                           ; Generated 24/03/2025 GMT
    49                           ; 
    50                           ; Copyright © 2025, Microchip Technology Inc. and its subsidiaries ("Microchip")
    51                           ; All rights reserved.
    52                           ; 
    53                           ; This software is developed by Microchip Technology Inc. and its subsidiaries ("Microch
      +                          ip").
    54                           ; 
    55                           ; Redistribution and use in source and binary forms, with or without modification, are
    56                           ; permitted provided that the following conditions are met:
    57                           ; 
    58                           ;     1. Redistributions of source code must retain the above copyright notice, this lis
      +                          t of
    59                           ;        conditions and the following disclaimer.
    60                           ; 
    61                           ;     2. Redistributions in binary form must reproduce the above copyright notice, this 
      +                          list
    62                           ;        of conditions and the following disclaimer in the documentation and/or other
    63                           ;        materials provided with the distribution. Publication is not required when
    64                           ;        this file is used in an embedded application.
    65                           ; 
    66                           ;     3. Microchip's name may not be used to endorse or promote products derived from th
      +                          is
    67                           ;        software without specific prior written permission.
    68                           ; 
    69                           ; THIS SOFTWARE IS PROVIDED BY MICROCHIP "AS IS" AND ANY EXPRESS OR IMPLIED WARRANTIES,
    70                           ; INCLUDING, BUT NOT LIMITED TO, THE IMPLIED WARRANTIES OF MERCHANTABILITY AND FITNESS F
      +                          OR
    71                           ; PURPOSE ARE DISCLAIMED.  IN NO EVENT SHALL MICROCHIP BE LIABLE FOR ANY DIRECT, INDIREC
      +                          T,
    72                           ; INCIDENTAL, SPECIAL, EXEMPLARY, OR CONSEQUENTIAL DAMAGES (INCLUDING BUT NOT LIMITED TO
    73                           ; PROCUREMENT OF SUBSTITUTE GOODS OR SERVICES; LOSS OF USE, DATA OR PROFITS; OR BUSINESS
    74                           ; INTERRUPTION) HOWSOEVER CAUSED AND ON ANY THEORY OF LIABILITY, WHETHER IN CONTRACT, ST
      +                          RICT
    75                           ; LIABILITY, OR TORT (INCLUDING NEGLIGENCE OR OTHERWISE) ARISING IN ANY WAY OUT OF THE U
      +                          SE OF
    76                           ; THIS SOFTWARE, EVEN IF ADVISED OF THE POSSIBILITY OF SUCH DAMAGE.
    77                           ; 
    78                           ; 
    79                           ; Code-generator required, PIC18F47K42 Definitions
    80                           ; 
    81                           ; SFR Addresses
    82   003FE0                     bsr             equ	16352
    83   003FE9                     fsr0            equ	16361
    84   003FEA                     fsr0h           equ	16362
    85   003FE9                     fsr0l           equ	16361
    86   003FE1                     fsr1            equ	16353
    87   003FE2                     fsr1h           equ	16354
    88   003FE1                     fsr1l           equ	16353
    89   003FD9                     fsr2            equ	16345
    90   003FDA                     fsr2h           equ	16346
    91   003FD9                     fsr2l           equ	16345
    92   003FEF                     indf0           equ	16367
    93   003FE7                     indf1           equ	16359
    94   003FDF                     indf2           equ	16351
    95   003FD2                     intcon          equ	16338
    96   0039E5                     nvmcon          equ	14821
    97   003FF9                     pcl             equ	16377
    98   003FFA                     pclath          equ	16378
    99   003FFB                     pclatu          equ	16379
   100   003FEB                     plusw0          equ	16363
   101   003FE3                     plusw1          equ	16355
   102   003FDB                     plusw2          equ	16347
   103   003FED                     postdec0        equ	16365
   104   003FE5                     postdec1        equ	16357
   105   003FDD                     postdec2        equ	16349
   106   003FEE                     postinc0        equ	16366
   107   003FE6                     postinc1        equ	16358
   108   003FDE                     postinc2        equ	16350
   109   003FEC                     preinc0         equ	16364
   110   003FE4                     preinc1         equ	16356
   111   003FDC                     preinc2         equ	16348
   112   003FF3                     prod            equ	16371
   113   003FF4                     prodh           equ	16372
   114   003FF3                     prodl           equ	16371
   115   003FD8                     status          equ	16344
   116   003FF5                     tablat          equ	16373
   117   003FF6                     tblptr          equ	16374
   118   003FF7                     tblptrh         equ	16375
   119   003FF6                     tblptrl         equ	16374
   120   003FF8                     tblptru         equ	16376
   121   003FFD                     tosl            equ	16381
   122   003FE8                     wreg            equ	16360
   123   003880                     STATUS_CSHAD    equ	14464	;# 
   124   003881                     WREG_CSHAD      equ	14465	;# 
   125   003882                     BSR_CSHAD       equ	14466	;# 
   126   003883                     SHADCON         equ	14467	;# 
   127   003884                     STATUS_SHAD     equ	14468	;# 
   128   003885                     WREG_SHAD       equ	14469	;# 
   129   003886                     BSR_SHAD        equ	14470	;# 
   130   003887                     PCLATH_SHAD     equ	14471	;# 
   131   003888                     PCLATU_SHAD     equ	14472	;# 
   132   003889                     FSR0SH          equ	14473	;# 
   133   003889                     FSR0L_SHAD      equ	14473	;# 
   134   00388A                     FSR0H_SHAD      equ	14474	;# 
   135   00388B                     FSR1SH          equ	14475	;# 
   136   00388B                     FSR1L_SHAD      equ	14475	;# 
   137   00388C                     FSR1H_SHAD      equ	14476	;# 
   138   00388D                     FSR2SH          equ	14477	;# 
   139   00388D                     FSR2L_SHAD      equ	14477	;# 
   140   00388E                     FSR2H_SHAD      equ	14478	;# 
   141   00388F                     PRODSH          equ	14479	;# 
   142   00388F                     PRODL_SHAD      equ	14479	;# 
   143   003890                     PRODH_SHAD      equ	14480	;# 
   144   00389D                     IVTADL          equ	14493	;# 
   145   00389E                     IVTADH          equ	14494	;# 
   146   00389F                     IVTADU          equ	14495	;# 
   147   00395B                     WDTCON0         equ	14683	;# 
   148   00395C                     WDTCON1         equ	14684	;# 
   149   00395D                     WDTPSL          equ	14685	;# 
   150   00395E                     WDTPSH          equ	14686	;# 
   151   00395F                     WDTTMR          equ	14687	;# 
   152   003960                     CRCDATA         equ	14688	;# 
   153   003960                     CRCDATL         equ	14688	;# 
   154   003961                     CRCDATH         equ	14689	;# 
   155   003962                     CRCACC          equ	14690	;# 
   156   003962                     CRCACCL         equ	14690	;# 
   157   003963                     CRCACCH         equ	14691	;# 
   158   003964                     CRCSHFT         equ	14692	;# 
   159   003964                     CRCSHIFTL       equ	14692	;# 
   160   003965                     CRCSHIFTH       equ	14693	;# 
   161   003966                     CRCXOR          equ	14694	;# 
   162   003966                     CRCXORL         equ	14694	;# 
   163   003967                     CRCXORH         equ	14695	;# 
   164   003968                     CRCCON0         equ	14696	;# 
   165   003969                     CRCCON1         equ	14697	;# 
   166   003976                     SCANLADR        equ	14710	;# 
   167   003976                     SCANLADRL       equ	14710	;# 
   168   003977                     SCANLADRH       equ	14711	;# 
   169   003978                     SCANLADRU       equ	14712	;# 
   170   003979                     SCANHADR        equ	14713	;# 
   171   003979                     SCANHADRL       equ	14713	;# 
   172   00397A                     SCANHADRH       equ	14714	;# 
   173   00397B                     SCANHADRU       equ	14715	;# 
   174   00397C                     SCANCON0        equ	14716	;# 
   175   00397D                     SCANTRIG        equ	14717	;# 
   176   003980                     IPR0            equ	14720	;# 
   177   003981                     IPR1            equ	14721	;# 
   178   003982                     IPR2            equ	14722	;# 
   179   003983                     IPR3            equ	14723	;# 
   180   003984                     IPR4            equ	14724	;# 
   181   003985                     IPR5            equ	14725	;# 
   182   003986                     IPR6            equ	14726	;# 
   183   003987                     IPR7            equ	14727	;# 
   184   003988                     IPR8            equ	14728	;# 
   185   003989                     IPR9            equ	14729	;# 
   186   00398A                     IPR10           equ	14730	;# 
   187   003990                     PIE0            equ	14736	;# 
   188   003991                     PIE1            equ	14737	;# 
   189   003992                     PIE2            equ	14738	;# 
   190   003993                     PIE3            equ	14739	;# 
   191   003994                     PIE4            equ	14740	;# 
   192   003995                     PIE5            equ	14741	;# 
   193   003996                     PIE6            equ	14742	;# 
   194   003997                     PIE7            equ	14743	;# 
   195   003998                     PIE8            equ	14744	;# 
   196   003999                     PIE9            equ	14745	;# 
   197   00399A                     PIE10           equ	14746	;# 
   198   0039A0                     PIR0            equ	14752	;# 
   199   0039A1                     PIR1            equ	14753	;# 
   200   0039A2                     PIR2            equ	14754	;# 
   201   0039A3                     PIR3            equ	14755	;# 
   202   0039A4                     PIR4            equ	14756	;# 
   203   0039A5                     PIR5            equ	14757	;# 
   204   0039A6                     PIR6            equ	14758	;# 
   205   0039A7                     PIR7            equ	14759	;# 
   206   0039A8                     PIR8            equ	14760	;# 
   207   0039A9                     PIR9            equ	14761	;# 
   208   0039AA                     PIR10           equ	14762	;# 
   209   0039C0                     PMD0            equ	14784	;# 
   210   0039C1                     PMD1            equ	14785	;# 
   211   0039C2                     PMD2            equ	14786	;# 
   212   0039C3                     PMD3            equ	14787	;# 
   213   0039C4                     PMD4            equ	14788	;# 
   214   0039C5                     PMD5            equ	14789	;# 
   215   0039C6                     PMD6            equ	14790	;# 
   216   0039C7                     PMD7            equ	14791	;# 
   217   0039D0                     BORCON          equ	14800	;# 
   218   0039D1                     VREGCON         equ	14801	;# 
   219   0039D8                     CPUDOZE         equ	14808	;# 
   220   0039D9                     OSCCON1         equ	14809	;# 
   221   0039DA                     OSCCON2         equ	14810	;# 
   222   0039DB                     OSCCON3         equ	14811	;# 
   223   0039DC                     OSCSTAT         equ	14812	;# 
   224   0039DC                     OSCSTAT1        equ	14812	;# 
   225   0039DD                     OSCEN           equ	14813	;# 
   226   0039DE                     OSCTUNE         equ	14814	;# 
   227   0039DF                     OSCFRQ          equ	14815	;# 
   228   0039E0                     NVMADRL         equ	14816	;# 
   229   0039E1                     NVMADRH         equ	14817	;# 
   230   0039E3                     NVMDAT          equ	14819	;# 
   231   0039E5                     NVMCON1         equ	14821	;# 
   232   0039E6                     NVMCON2         equ	14822	;# 
   233   0039EF                     PRLOCK          equ	14831	;# 
   234   0039F1                     ISRPR           equ	14833	;# 
   235   0039F2                     MAINPR          equ	14834	;# 
   236   0039F3                     DMA1PR          equ	14835	;# 
   237   0039F4                     DMA2PR          equ	14836	;# 
   238   0039F7                     SCANPR          equ	14839	;# 
   239   003A00                     RA0PPS          equ	14848	;# 
   240   003A01                     RA1PPS          equ	14849	;# 
   241   003A02                     RA2PPS          equ	14850	;# 
   242   003A03                     RA3PPS          equ	14851	;# 
   243   003A04                     RA4PPS          equ	14852	;# 
   244   003A05                     RA5PPS          equ	14853	;# 
   245   003A06                     RA6PPS          equ	14854	;# 
   246   003A07                     RA7PPS          equ	14855	;# 
   247   003A08                     RB0PPS          equ	14856	;# 
   248   003A09                     RB1PPS          equ	14857	;# 
   249   003A0A                     RB2PPS          equ	14858	;# 
   250   003A0B                     RB3PPS          equ	14859	;# 
   251   003A0C                     RB4PPS          equ	14860	;# 
   252   003A0D                     RB5PPS          equ	14861	;# 
   253   003A0E                     RB6PPS          equ	14862	;# 
   254   003A0F                     RB7PPS          equ	14863	;# 
   255   003A10                     RC0PPS          equ	14864	;# 
   256   003A11                     RC1PPS          equ	14865	;# 
   257   003A12                     RC2PPS          equ	14866	;# 
   258   003A13                     RC3PPS          equ	14867	;# 
   259   003A14                     RC4PPS          equ	14868	;# 
   260   003A15                     RC5PPS          equ	14869	;# 
   261   003A16                     RC6PPS          equ	14870	;# 
   262   003A17                     RC7PPS          equ	14871	;# 
   263   003A18                     RD0PPS          equ	14872	;# 
   264   003A19                     RD1PPS          equ	14873	;# 
   265   003A1A                     RD2PPS          equ	14874	;# 
   266   003A1B                     RD3PPS          equ	14875	;# 
   267   003A1C                     RD4PPS          equ	14876	;# 
   268   003A1D                     RD5PPS          equ	14877	;# 
   269   003A1E                     RD6PPS          equ	14878	;# 
   270   003A1F                     RD7PPS          equ	14879	;# 
   271   003A20                     RE0PPS          equ	14880	;# 
   272   003A21                     RE1PPS          equ	14881	;# 
   273   003A22                     RE2PPS          equ	14882	;# 
   274   003A40                     ANSELA          equ	14912	;# 
   275   003A41                     WPUA            equ	14913	;# 
   276   003A42                     ODCONA          equ	14914	;# 
   277   003A43                     SLRCONA         equ	14915	;# 
   278   003A44                     INLVLA          equ	14916	;# 
   279   003A45                     IOCAP           equ	14917	;# 
   280   003A46                     IOCAN           equ	14918	;# 
   281   003A47                     IOCAF           equ	14919	;# 
   282   003A50                     ANSELB          equ	14928	;# 
   283   003A51                     WPUB            equ	14929	;# 
   284   003A52                     ODCONB          equ	14930	;# 
   285   003A53                     SLRCONB         equ	14931	;# 
   286   003A54                     INLVLB          equ	14932	;# 
   287   003A55                     IOCBP           equ	14933	;# 
   288   003A56                     IOCBN           equ	14934	;# 
   289   003A57                     IOCBF           equ	14935	;# 
   290   003A5A                     RB1I2C          equ	14938	;# 
   291   003A5B                     RB2I2C          equ	14939	;# 
   292   003A60                     ANSELC          equ	14944	;# 
   293   003A61                     WPUC            equ	14945	;# 
   294   003A62                     ODCONC          equ	14946	;# 
   295   003A63                     SLRCONC         equ	14947	;# 
   296   003A64                     INLVLC          equ	14948	;# 
   297   003A65                     IOCCP           equ	14949	;# 
   298   003A66                     IOCCN           equ	14950	;# 
   299   003A67                     IOCCF           equ	14951	;# 
   300   003A6A                     RC3I2C          equ	14954	;# 
   301   003A6B                     RC4I2C          equ	14955	;# 
   302   003A70                     ANSELD          equ	14960	;# 
   303   003A71                     WPUD            equ	14961	;# 
   304   003A72                     ODCOND          equ	14962	;# 
   305   003A73                     SLRCOND         equ	14963	;# 
   306   003A74                     INLVLD          equ	14964	;# 
   307   003A7A                     RD0I2C          equ	14970	;# 
   308   003A7B                     RD1I2C          equ	14971	;# 
   309   003A80                     ANSELE          equ	14976	;# 
   310   003A81                     WPUE            equ	14977	;# 
   311   003A82                     ODCONE          equ	14978	;# 
   312   003A83                     SLRCONE         equ	14979	;# 
   313   003A84                     INLVLE          equ	14980	;# 
   314   003A85                     IOCEP           equ	14981	;# 
   315   003A86                     IOCEN           equ	14982	;# 
   316   003A87                     IOCEF           equ	14983	;# 
   317   003ABF                     PPSLOCK         equ	15039	;# 
   318   003AC0                     INT0PPS         equ	15040	;# 
   319   003AC1                     INT1PPS         equ	15041	;# 
   320   003AC2                     INT2PPS         equ	15042	;# 
   321   003AC3                     T0CKIPPS        equ	15043	;# 
   322   003AC4                     T1CKIPPS        equ	15044	;# 
   323   003AC5                     T1GPPS          equ	15045	;# 
   324   003AC6                     T3CKIPPS        equ	15046	;# 
   325   003AC7                     T3GPPS          equ	15047	;# 
   326   003AC8                     T5CKIPPS        equ	15048	;# 
   327   003AC9                     T5GPPS          equ	15049	;# 
   328   003ACA                     T2INPPS         equ	15050	;# 
   329   003ACB                     T4INPPS         equ	15051	;# 
   330   003ACC                     T6INPPS         equ	15052	;# 
   331   003ACD                     CCP1PPS         equ	15053	;# 
   332   003ACE                     CCP2PPS         equ	15054	;# 
   333   003ACF                     CCP3PPS         equ	15055	;# 
   334   003AD0                     CCP4PPS         equ	15056	;# 
   335   003AD1                     SMT1WINPPS      equ	15057	;# 
   336   003AD2                     SMT1SIGPPS      equ	15058	;# 
   337   003AD3                     CWG1INPPS       equ	15059	;# 
   338   003AD4                     CWG2INPPS       equ	15060	;# 
   339   003AD5                     CWG3INPPS       equ	15061	;# 
   340   003AD6                     MD1CARLPPS      equ	15062	;# 
   341   003AD7                     MD1CARHPPS      equ	15063	;# 
   342   003AD8                     MD1SRCPPS       equ	15064	;# 
   343   003AD9                     CLCIN0PPS       equ	15065	;# 
   344   003ADA                     CLCIN1PPS       equ	15066	;# 
   345   003ADB                     CLCIN2PPS       equ	15067	;# 
   346   003ADC                     CLCIN3PPS       equ	15068	;# 
   347   003ADD                     ADACTPPS        equ	15069	;# 
   348   003ADE                     SPI1SCKPPS      equ	15070	;# 
   349   003ADF                     SPI1SDIPPS      equ	15071	;# 
   350   003AE0                     SPI1SSPPS       equ	15072	;# 
   351   003AE1                     I2C1SCLPPS      equ	15073	;# 
   352   003AE2                     I2C1SDAPPS      equ	15074	;# 
   353   003AE3                     I2C2SCLPPS      equ	15075	;# 
   354   003AE4                     I2C2SDAPPS      equ	15076	;# 
   355   003AE5                     U1RXPPS         equ	15077	;# 
   356   003AE6                     U1CTSPPS        equ	15078	;# 
   357   003AE8                     U2RXPPS         equ	15080	;# 
   358   003AE9                     U2CTSPPS        equ	15081	;# 
   359   003BC9                     DMA2BUF         equ	15305	;# 
   360   003BCA                     DMA2DCNT        equ	15306	;# 
   361   003BCA                     DMA2DCNTL       equ	15306	;# 
   362   003BCB                     DMA2DCNTH       equ	15307	;# 
   363   003BCC                     DMA2DPTR        equ	15308	;# 
   364   003BCC                     DMA2DPTRL       equ	15308	;# 
   365   003BCD                     DMA2DPTRH       equ	15309	;# 
   366   003BCE                     DMA2DSZ         equ	15310	;# 
   367   003BCE                     DMA2DSZL        equ	15310	;# 
   368   003BCF                     DMA2DSZH        equ	15311	;# 
   369   003BD0                     DMA2DSA         equ	15312	;# 
   370   003BD0                     DMA2DSAL        equ	15312	;# 
   371   003BD1                     DMA2DSAH        equ	15313	;# 
   372   003BD2                     DMA2SCNT        equ	15314	;# 
   373   003BD2                     DMA2SCNTL       equ	15314	;# 
   374   003BD3                     DMA2SCNTH       equ	15315	;# 
   375   003BD4                     DMA2SPTR        equ	15316	;# 
   376   003BD4                     DMA2SPTRL       equ	15316	;# 
   377   003BD5                     DMA2SPTRH       equ	15317	;# 
   378   003BD6                     DMA2SPTRU       equ	15318	;# 
   379   003BD7                     DMA2SSZ         equ	15319	;# 
   380   003BD7                     DMA2SSZL        equ	15319	;# 
   381   003BD8                     DMA2SSZH        equ	15320	;# 
   382   003BD9                     DMA2SSA         equ	15321	;# 
   383   003BD9                     DMA2SSAL        equ	15321	;# 
   384   003BDA                     DMA2SSAH        equ	15322	;# 
   385   003BDB                     DMA2SSAU        equ	15323	;# 
   386   003BDC                     DMA2CON0        equ	15324	;# 
   387   003BDD                     DMA2CON1        equ	15325	;# 
   388   003BDE                     DMA2AIRQ        equ	15326	;# 
   389   003BDF                     DMA2SIRQ        equ	15327	;# 
   390   003BE9                     DMA1BUF         equ	15337	;# 
   391   003BEA                     DMA1DCNT        equ	15338	;# 
   392   003BEA                     DMA1DCNTL       equ	15338	;# 
   393   003BEB                     DMA1DCNTH       equ	15339	;# 
   394   003BEC                     DMA1DPTR        equ	15340	;# 
   395   003BEC                     DMA1DPTRL       equ	15340	;# 
   396   003BED                     DMA1DPTRH       equ	15341	;# 
   397   003BEE                     DMA1DSZ         equ	15342	;# 
   398   003BEE                     DMA1DSZL        equ	15342	;# 
   399   003BEF                     DMA1DSZH        equ	15343	;# 
   400   003BF0                     DMA1DSA         equ	15344	;# 
   401   003BF0                     DMA1DSAL        equ	15344	;# 
   402   003BF1                     DMA1DSAH        equ	15345	;# 
   403   003BF2                     DMA1SCNT        equ	15346	;# 
   404   003BF2                     DMA1SCNTL       equ	15346	;# 
   405   003BF3                     DMA1SCNTH       equ	15347	;# 
   406   003BF4                     DMA1SPTR        equ	15348	;# 
   407   003BF4                     DMA1SPTRL       equ	15348	;# 
   408   003BF5                     DMA1SPTRH       equ	15349	;# 
   409   003BF6                     DMA1SPTRU       equ	15350	;# 
   410   003BF7                     DMA1SSZ         equ	15351	;# 
   411   003BF7                     DMA1SSZL        equ	15351	;# 
   412   003BF8                     DMA1SSZH        equ	15352	;# 
   413   003BF9                     DMA1SSA         equ	15353	;# 
   414   003BF9                     DMA1SSAL        equ	15353	;# 
   415   003BFA                     DMA1SSAH        equ	15354	;# 
   416   003BFB                     DMA1SSAU        equ	15355	;# 
   417   003BFC                     DMA1CON0        equ	15356	;# 
   418   003BFD                     DMA1CON1        equ	15357	;# 
   419   003BFE                     DMA1AIRQ        equ	15358	;# 
   420   003BFF                     DMA1SIRQ        equ	15359	;# 
   421   003C56                     CLC4CON         equ	15446	;# 
   422   003C57                     CLC4POL         equ	15447	;# 
   423   003C58                     CLC4SEL0        equ	15448	;# 
   424   003C59                     CLC4SEL1        equ	15449	;# 
   425   003C5A                     CLC4SEL2        equ	15450	;# 
   426   003C5B                     CLC4SEL3        equ	15451	;# 
   427   003C5C                     CLC4GLS0        equ	15452	;# 
   428   003C5D                     CLC4GLS1        equ	15453	;# 
   429   003C5E                     CLC4GLS2        equ	15454	;# 
   430   003C5F                     CLC4GLS3        equ	15455	;# 
   431   003C60                     CLC3CON         equ	15456	;# 
   432   003C61                     CLC3POL         equ	15457	;# 
   433   003C62                     CLC3SEL0        equ	15458	;# 
   434   003C63                     CLC3SEL1        equ	15459	;# 
   435   003C64                     CLC3SEL2        equ	15460	;# 
   436   003C65                     CLC3SEL3        equ	15461	;# 
   437   003C66                     CLC3GLS0        equ	15462	;# 
   438   003C67                     CLC3GLS1        equ	15463	;# 
   439   003C68                     CLC3GLS2        equ	15464	;# 
   440   003C69                     CLC3GLS3        equ	15465	;# 
   441   003C6A                     CLC2CON         equ	15466	;# 
   442   003C6B                     CLC2POL         equ	15467	;# 
   443   003C6C                     CLC2SEL0        equ	15468	;# 
   444   003C6D                     CLC2SEL1        equ	15469	;# 
   445   003C6E                     CLC2SEL2        equ	15470	;# 
   446   003C6F                     CLC2SEL3        equ	15471	;# 
   447   003C70                     CLC2GLS0        equ	15472	;# 
   448   003C71                     CLC2GLS1        equ	15473	;# 
   449   003C72                     CLC2GLS2        equ	15474	;# 
   450   003C73                     CLC2GLS3        equ	15475	;# 
   451   003C74                     CLC1CON         equ	15476	;# 
   452   003C75                     CLC1POL         equ	15477	;# 
   453   003C76                     CLC1SEL0        equ	15478	;# 
   454   003C77                     CLC1SEL1        equ	15479	;# 
   455   003C78                     CLC1SEL2        equ	15480	;# 
   456   003C79                     CLC1SEL3        equ	15481	;# 
   457   003C7A                     CLC1GLS0        equ	15482	;# 
   458   003C7B                     CLC1GLS1        equ	15483	;# 
   459   003C7C                     CLC1GLS2        equ	15484	;# 
   460   003C7D                     CLC1GLS3        equ	15485	;# 
   461   003C7E                     CLCDATA0        equ	15486	;# 
   462   003CE5                     CLKRCON         equ	15589	;# 
   463   003CE6                     CLKRCLK         equ	15590	;# 
   464   003CFA                     MD1CON0         equ	15610	;# 
   465   003CFB                     MD1CON1         equ	15611	;# 
   466   003CFC                     MD1SRC          equ	15612	;# 
   467   003CFD                     MD1CARL         equ	15613	;# 
   468   003CFE                     MD1CARH         equ	15614	;# 
   469   003D10                     SPI1RXB         equ	15632	;# 
   470   003D11                     SPI1TXB         equ	15633	;# 
   471   003D12                     SPI1TCNT        equ	15634	;# 
   472   003D12                     SPI1TCNTL       equ	15634	;# 
   473   003D13                     SPI1TCNTH       equ	15635	;# 
   474   003D14                     SPI1CON0        equ	15636	;# 
   475   003D15                     SPI1CON1        equ	15637	;# 
   476   003D16                     SPI1CON2        equ	15638	;# 
   477   003D17                     SPI1STATUS      equ	15639	;# 
   478   003D18                     SPI1TWIDTH      equ	15640	;# 
   479   003D19                     SPI1BAUD        equ	15641	;# 
   480   003D1A                     SPI1INTF        equ	15642	;# 
   481   003D1B                     SPI1INTE        equ	15643	;# 
   482   003D1C                     SPI1CLK         equ	15644	;# 
   483   003D54                     I2C2RXB         equ	15700	;# 
   484   003D55                     I2C2TXB         equ	15701	;# 
   485   003D56                     I2C2CNT         equ	15702	;# 
   486   003D57                     I2C2ADB0        equ	15703	;# 
   487   003D58                     I2C2ADB1        equ	15704	;# 
   488   003D59                     I2C2ADR0        equ	15705	;# 
   489   003D5A                     I2C2ADR1        equ	15706	;# 
   490   003D5B                     I2C2ADR2        equ	15707	;# 
   491   003D5C                     I2C2ADR3        equ	15708	;# 
   492   003D5D                     I2C2CON0        equ	15709	;# 
   493   003D5E                     I2C2CON1        equ	15710	;# 
   494   003D5F                     I2C2CON2        equ	15711	;# 
   495   003D60                     I2C2ERR         equ	15712	;# 
   496   003D61                     I2C2STAT0       equ	15713	;# 
   497   003D62                     I2C2STAT1       equ	15714	;# 
   498   003D63                     I2C2PIR         equ	15715	;# 
   499   003D64                     I2C2PIE         equ	15716	;# 
   500   003D65                     I2C2CLK         equ	15717	;# 
   501   003D66                     I2C2BTO         equ	15718	;# 
   502   003D6A                     I2C1RXB         equ	15722	;# 
   503   003D6B                     I2C1TXB         equ	15723	;# 
   504   003D6C                     I2C1CNT         equ	15724	;# 
   505   003D6D                     I2C1ADB0        equ	15725	;# 
   506   003D6E                     I2C1ADB1        equ	15726	;# 
   507   003D6F                     I2C1ADR0        equ	15727	;# 
   508   003D70                     I2C1ADR1        equ	15728	;# 
   509   003D71                     I2C1ADR2        equ	15729	;# 
   510   003D72                     I2C1ADR3        equ	15730	;# 
   511   003D73                     I2C1CON0        equ	15731	;# 
   512   003D74                     I2C1CON1        equ	15732	;# 
   513   003D75                     I2C1CON2        equ	15733	;# 
   514   003D76                     I2C1ERR         equ	15734	;# 
   515   003D77                     I2C1STAT0       equ	15735	;# 
   516   003D78                     I2C1STAT1       equ	15736	;# 
   517   003D79                     I2C1PIR         equ	15737	;# 
   518   003D7A                     I2C1PIE         equ	15738	;# 
   519   003D7B                     I2C1CLK         equ	15739	;# 
   520   003D7C                     I2C1BTO         equ	15740	;# 
   521   003DD0                     U2RXB           equ	15824	;# 
   522   003DD0                     U2RXBL          equ	15824	;# 
   523   003DD2                     U2TXB           equ	15826	;# 
   524   003DD2                     U2TXBL          equ	15826	;# 
   525   003DD4                     U2P1            equ	15828	;# 
   526   003DD4                     U2P1L           equ	15828	;# 
   527   003DD6                     U2P2            equ	15830	;# 
   528   003DD6                     U2P2L           equ	15830	;# 
   529   003DD8                     U2P3            equ	15832	;# 
   530   003DD8                     U2P3L           equ	15832	;# 
   531   003DDA                     U2CON0          equ	15834	;# 
   532   003DDB                     U2CON1          equ	15835	;# 
   533   003DDC                     U2CON2          equ	15836	;# 
   534   003DDD                     U2BRG           equ	15837	;# 
   535   003DDD                     U2BRGL          equ	15837	;# 
   536   003DDE                     U2BRGH          equ	15838	;# 
   537   003DDF                     U2FIFO          equ	15839	;# 
   538   003DE0                     U2UIR           equ	15840	;# 
   539   003DE1                     U2ERRIR         equ	15841	;# 
   540   003DE2                     U2ERRIE         equ	15842	;# 
   541   003DE8                     U1RXB           equ	15848	;# 
   542   003DE8                     U1RXBL          equ	15848	;# 
   543   003DE9                     U1RXCHK         equ	15849	;# 
   544   003DEA                     U1TXB           equ	15850	;# 
   545   003DEA                     U1TXBL          equ	15850	;# 
   546   003DEB                     U1TXCHK         equ	15851	;# 
   547   003DEC                     U1P1            equ	15852	;# 
   548   003DEC                     U1P1L           equ	15852	;# 
   549   003DED                     U1P1H           equ	15853	;# 
   550   003DEE                     U1P2            equ	15854	;# 
   551   003DEE                     U1P2L           equ	15854	;# 
   552   003DEF                     U1P2H           equ	15855	;# 
   553   003DF0                     U1P3            equ	15856	;# 
   554   003DF0                     U1P3L           equ	15856	;# 
   555   003DF1                     U1P3H           equ	15857	;# 
   556   003DF2                     U1CON0          equ	15858	;# 
   557   003DF3                     U1CON1          equ	15859	;# 
   558   003DF4                     U1CON2          equ	15860	;# 
   559   003DF5                     U1BRG           equ	15861	;# 
   560   003DF5                     U1BRGL          equ	15861	;# 
   561   003DF6                     U1BRGH          equ	15862	;# 
   562   003DF7                     U1FIFO          equ	15863	;# 
   563   003DF8                     U1UIR           equ	15864	;# 
   564   003DF9                     U1ERRIR         equ	15865	;# 
   565   003DFA                     U1ERRIE         equ	15866	;# 
   566   003E9C                     DAC1CON1        equ	16028	;# 
   567   003E9E                     DAC1CON0        equ	16030	;# 
   568   003EB8                     CM2CON0         equ	16056	;# 
   569   003EB9                     CM2CON1         equ	16057	;# 
   570   003EBA                     CM2NCH          equ	16058	;# 
   571   003EBB                     CM2PCH          equ	16059	;# 
   572   003EBC                     CM1CON0         equ	16060	;# 
   573   003EBD                     CM1CON1         equ	16061	;# 
   574   003EBE                     CM1NCH          equ	16062	;# 
   575   003EBF                     CM1PCH          equ	16063	;# 
   576   003EC0                     CMOUT           equ	16064	;# 
   577   003EC1                     FVRCON          equ	16065	;# 
   578   003EC3                     ZCDCON          equ	16067	;# 
   579   003EC9                     HLVDCON0        equ	16073	;# 
   580   003ECA                     HLVDCON1        equ	16074	;# 
   581   003ED7                     ADCP            equ	16087	;# 
   582   003EDE                     ADLTH           equ	16094	;# 
   583   003EDE                     ADLTHL          equ	16094	;# 
   584   003EDF                     ADLTHH          equ	16095	;# 
   585   003EE0                     ADUTH           equ	16096	;# 
   586   003EE0                     ADUTHL          equ	16096	;# 
   587   003EE1                     ADUTHH          equ	16097	;# 
   588   003EE2                     ADERR           equ	16098	;# 
   589   003EE2                     ADERRL          equ	16098	;# 
   590   003EE3                     ADERRH          equ	16099	;# 
   591   003EE4                     ADSTPT          equ	16100	;# 
   592   003EE4                     ADSTPTL         equ	16100	;# 
   593   003EE5                     ADSTPTH         equ	16101	;# 
   594   003EE6                     ADFLTR          equ	16102	;# 
   595   003EE6                     ADFLTRL         equ	16102	;# 
   596   003EE7                     ADFLTRH         equ	16103	;# 
   597   003EE8                     ADACC           equ	16104	;# 
   598   003EE8                     ADACCL          equ	16104	;# 
   599   003EE9                     ADACCH          equ	16105	;# 
   600   003EEA                     ADACCU          equ	16106	;# 
   601   003EEB                     ADCNT           equ	16107	;# 
   602   003EEC                     ADRPT           equ	16108	;# 
   603   003EED                     ADPREV          equ	16109	;# 
   604   003EED                     ADPREVL         equ	16109	;# 
   605   003EEE                     ADPREVH         equ	16110	;# 
   606   003EEF                     ADRES           equ	16111	;# 
   607   003EEF                     ADRESL          equ	16111	;# 
   608   003EF0                     ADRESH          equ	16112	;# 
   609   003EF1                     ADPCH           equ	16113	;# 
   610   003EF3                     ADACQ           equ	16115	;# 
   611   003EF3                     ADACQL          equ	16115	;# 
   612   003EF4                     ADACQH          equ	16116	;# 
   613   003EF5                     ADCAP           equ	16117	;# 
   614   003EF6                     ADPRE           equ	16118	;# 
   615   003EF6                     ADPREL          equ	16118	;# 
   616   003EF7                     ADPREH          equ	16119	;# 
   617   003EF8                     ADCON0          equ	16120	;# 
   618   003EF9                     ADCON1          equ	16121	;# 
   619   003EFA                     ADCON2          equ	16122	;# 
   620   003EFB                     ADCON3          equ	16123	;# 
   621   003EFC                     ADSTAT          equ	16124	;# 
   622   003EFD                     ADREF           equ	16125	;# 
   623   003EFE                     ADACT           equ	16126	;# 
   624   003EFF                     ADCLK           equ	16127	;# 
   625   003F12                     SMT1TMR         equ	16146	;# 
   626   003F12                     SMT1TMRL        equ	16146	;# 
   627   003F13                     SMT1TMRH        equ	16147	;# 
   628   003F14                     SMT1TMRU        equ	16148	;# 
   629   003F15                     SMT1CPR         equ	16149	;# 
   630   003F15                     SMT1CPRL        equ	16149	;# 
   631   003F16                     SMT1CPRH        equ	16150	;# 
   632   003F17                     SMT1CPRU        equ	16151	;# 
   633   003F18                     SMT1CPW         equ	16152	;# 
   634   003F18                     SMT1CPWL        equ	16152	;# 
   635   003F19                     SMT1CPWH        equ	16153	;# 
   636   003F1A                     SMT1CPWU        equ	16154	;# 
   637   003F1B                     SMT1PR          equ	16155	;# 
   638   003F1B                     SMT1PRL         equ	16155	;# 
   639   003F1C                     SMT1PRH         equ	16156	;# 
   640   003F1D                     SMT1PRU         equ	16157	;# 
   641   003F1E                     SMT1CON0        equ	16158	;# 
   642   003F1F                     SMT1CON1        equ	16159	;# 
   643   003F20                     SMT1STAT        equ	16160	;# 
   644   003F21                     SMT1CLK         equ	16161	;# 
   645   003F22                     SMT1SIG         equ	16162	;# 
   646   003F23                     SMT1WIN         equ	16163	;# 
   647   003F38                     NCO1ACC         equ	16184	;# 
   648   003F38                     NCO1ACCL        equ	16184	;# 
   649   003F39                     NCO1ACCH        equ	16185	;# 
   650   003F3A                     NCO1ACCU        equ	16186	;# 
   651   003F3B                     NCO1INC         equ	16187	;# 
   652   003F3B                     NCO1INCL        equ	16187	;# 
   653   003F3C                     NCO1INCH        equ	16188	;# 
   654   003F3D                     NCO1INCU        equ	16189	;# 
   655   003F3E                     NCO1CON         equ	16190	;# 
   656   003F3F                     NCO1CLK         equ	16191	;# 
   657   003F40                     CWG3CLK         equ	16192	;# 
   658   003F40                     CWG3CLKCON      equ	16192	;# 
   659   003F41                     CWG3ISM         equ	16193	;# 
   660   003F41                     CWG3DAT         equ	16193	;# 
   661   003F42                     CWG3DBR         equ	16194	;# 
   662   003F43                     CWG3DBF         equ	16195	;# 
   663   003F44                     CWG3CON0        equ	16196	;# 
   664   003F45                     CWG3CON1        equ	16197	;# 
   665   003F46                     CWG3AS0         equ	16198	;# 
   666   003F47                     CWG3AS1         equ	16199	;# 
   667   003F48                     CWG3STR         equ	16200	;# 
   668   003F49                     CWG2CLK         equ	16201	;# 
   669   003F49                     CWG2CLKCON      equ	16201	;# 
   670   003F4A                     CWG2ISM         equ	16202	;# 
   671   003F4A                     CWG2DAT         equ	16202	;# 
   672   003F4B                     CWG2DBR         equ	16203	;# 
   673   003F4C                     CWG2DBF         equ	16204	;# 
   674   003F4D                     CWG2CON0        equ	16205	;# 
   675   003F4E                     CWG2CON1        equ	16206	;# 
   676   003F4F                     CWG2AS0         equ	16207	;# 
   677   003F50                     CWG2AS1         equ	16208	;# 
   678   003F51                     CWG2STR         equ	16209	;# 
   679   003F52                     CWG1CLK         equ	16210	;# 
   680   003F52                     CWG1CLKCON      equ	16210	;# 
   681   003F53                     CWG1ISM         equ	16211	;# 
   682   003F53                     CWG1DAT         equ	16211	;# 
   683   003F54                     CWG1DBR         equ	16212	;# 
   684   003F55                     CWG1DBF         equ	16213	;# 
   685   003F56                     CWG1CON0        equ	16214	;# 
   686   003F57                     CWG1CON1        equ	16215	;# 
   687   003F58                     CWG1AS0         equ	16216	;# 
   688   003F59                     CWG1AS1         equ	16217	;# 
   689   003F5A                     CWG1STR         equ	16218	;# 
   690   003F5E                     CCPTMRS0        equ	16222	;# 
   691   003F5F                     CCPTMRS1        equ	16223	;# 
   692   003F60                     PWM8DC          equ	16224	;# 
   693   003F60                     PWM8DCL         equ	16224	;# 
   694   003F61                     PWM8DCH         equ	16225	;# 
   695   003F62                     PWM8CON         equ	16226	;# 
   696   003F64                     PWM7DC          equ	16228	;# 
   697   003F64                     PWM7DCL         equ	16228	;# 
   698   003F65                     PWM7DCH         equ	16229	;# 
   699   003F66                     PWM7CON         equ	16230	;# 
   700   003F68                     PWM6DC          equ	16232	;# 
   701   003F68                     PWM6DCL         equ	16232	;# 
   702   003F69                     PWM6DCH         equ	16233	;# 
   703   003F6A                     PWM6CON         equ	16234	;# 
   704   003F6C                     PWM5DC          equ	16236	;# 
   705   003F6C                     PWM5DCL         equ	16236	;# 
   706   003F6D                     PWM5DCH         equ	16237	;# 
   707   003F6E                     PWM5CON         equ	16238	;# 
   708   003F70                     CCPR4           equ	16240	;# 
   709   003F70                     CCPR4L          equ	16240	;# 
   710   003F71                     CCPR4H          equ	16241	;# 
   711   003F72                     CCP4CON         equ	16242	;# 
   712   003F73                     CCP4CAP         equ	16243	;# 
   713   003F74                     CCPR3           equ	16244	;# 
   714   003F74                     CCPR3L          equ	16244	;# 
   715   003F75                     CCPR3H          equ	16245	;# 
   716   003F76                     CCP3CON         equ	16246	;# 
   717   003F77                     CCP3CAP         equ	16247	;# 
   718   003F78                     CCPR2           equ	16248	;# 
   719   003F78                     CCPR2L          equ	16248	;# 
   720   003F79                     CCPR2H          equ	16249	;# 
   721   003F7A                     CCP2CON         equ	16250	;# 
   722   003F7B                     CCP2CAP         equ	16251	;# 
   723   003F7C                     CCPR1           equ	16252	;# 
   724   003F7C                     CCPR1L          equ	16252	;# 
   725   003F7D                     CCPR1H          equ	16253	;# 
   726   003F7E                     CCP1CON         equ	16254	;# 
   727   003F7F                     CCP1CAP         equ	16255	;# 
   728   003F92                     T6TMR           equ	16274	;# 
   729   003F92                     TMR6            equ	16274	;# 
   730   003F93                     T6PR            equ	16275	;# 
   731   003F93                     PR6             equ	16275	;# 
   732   003F94                     T6CON           equ	16276	;# 
   733   003F95                     T6HLT           equ	16277	;# 
   734   003F96                     T6CLKCON        equ	16278	;# 
   735   003F96                     T6CLK           equ	16278	;# 
   736   003F97                     T6RST           equ	16279	;# 
   737   003F98                     TMR5            equ	16280	;# 
   738   003F98                     TMR5L           equ	16280	;# 
   739   003F99                     TMR5H           equ	16281	;# 
   740   003F9A                     T5CON           equ	16282	;# 
   741   003F9A                     TMR5CON         equ	16282	;# 
   742   003F9B                     T5GCON          equ	16283	;# 
   743   003F9B                     TMR5GCON        equ	16283	;# 
   744   003F9C                     T5GATE          equ	16284	;# 
   745   003F9C                     TMR5GATE        equ	16284	;# 
   746   003F9D                     T5CLK           equ	16285	;# 
   747   003F9D                     TMR5CLK         equ	16285	;# 
   748   003F9D                     PR5             equ	16285	;# 
   749   003F9E                     T4TMR           equ	16286	;# 
   750   003F9E                     TMR4            equ	16286	;# 
   751   003F9F                     T4PR            equ	16287	;# 
   752   003F9F                     PR4             equ	16287	;# 
   753   003FA0                     T4CON           equ	16288	;# 
   754   003FA1                     T4HLT           equ	16289	;# 
   755   003FA2                     T4CLKCON        equ	16290	;# 
   756   003FA2                     T4CLK           equ	16290	;# 
   757   003FA3                     T4RST           equ	16291	;# 
   758   003FA4                     TMR3            equ	16292	;# 
   759   003FA4                     TMR3L           equ	16292	;# 
   760   003FA5                     TMR3H           equ	16293	;# 
   761   003FA6                     T3CON           equ	16294	;# 
   762   003FA6                     TMR3CON         equ	16294	;# 
   763   003FA7                     T3GCON          equ	16295	;# 
   764   003FA7                     TMR3GCON        equ	16295	;# 
   765   003FA8                     T3GATE          equ	16296	;# 
   766   003FA8                     TMR3GATE        equ	16296	;# 
   767   003FA9                     T3CLK           equ	16297	;# 
   768   003FA9                     TMR3CLK         equ	16297	;# 
   769   003FA9                     PR3             equ	16297	;# 
   770   003FAA                     T2TMR           equ	16298	;# 
   771   003FAA                     TMR2            equ	16298	;# 
   772   003FAB                     T2PR            equ	16299	;# 
   773   003FAB                     PR2             equ	16299	;# 
   774   003FAC                     T2CON           equ	16300	;# 
   775   003FAD                     T2HLT           equ	16301	;# 
   776   003FAE                     T2CLKCON        equ	16302	;# 
   777   003FAE                     T2CLK           equ	16302	;# 
   778   003FAF                     T2RST           equ	16303	;# 
   779   003FB0                     TMR1            equ	16304	;# 
   780   003FB0                     TMR1L           equ	16304	;# 
   781   003FB1                     TMR1H           equ	16305	;# 
   782   003FB2                     T1CON           equ	16306	;# 
   783   003FB2                     TMR1CON         equ	16306	;# 
   784   003FB3                     T1GCON          equ	16307	;# 
   785   003FB3                     TMR1GCON        equ	16307	;# 
   786   003FB4                     T1GATE          equ	16308	;# 
   787   003FB4                     TMR1GATE        equ	16308	;# 
   788   003FB5                     T1CLK           equ	16309	;# 
   789   003FB5                     TMR1CLK         equ	16309	;# 
   790   003FB5                     PR1             equ	16309	;# 
   791   003FB6                     TMR0L           equ	16310	;# 
   792   003FB6                     TMR0            equ	16310	;# 
   793   003FB7                     TMR0H           equ	16311	;# 
   794   003FB7                     PR0             equ	16311	;# 
   795   003FB8                     T0CON0          equ	16312	;# 
   796   003FB9                     T0CON1          equ	16313	;# 
   797   003FBA                     LATA            equ	16314	;# 
   798   003FBB                     LATB            equ	16315	;# 
   799   003FBC                     LATC            equ	16316	;# 
   800   003FBD                     LATD            equ	16317	;# 
   801   003FBE                     LATE            equ	16318	;# 
   802   003FC2                     TRISA           equ	16322	;# 
   803   003FC3                     TRISB           equ	16323	;# 
   804   003FC4                     TRISC           equ	16324	;# 
   805   003FC5                     TRISD           equ	16325	;# 
   806   003FC6                     TRISE           equ	16326	;# 
   807   003FCA                     PORTA           equ	16330	;# 
   808   003FCB                     PORTB           equ	16331	;# 
   809   003FCC                     PORTC           equ	16332	;# 
   810   003FCD                     PORTD           equ	16333	;# 
   811   003FCE                     PORTE           equ	16334	;# 
   812   003FD2                     INTCON0         equ	16338	;# 
   813   003FD3                     INTCON1         equ	16339	;# 
   814   003FD4                     IVTLOCK         equ	16340	;# 
   815   003FD5                     IVTBASE         equ	16341	;# 
   816   003FD5                     IVTBASEL        equ	16341	;# 
   817   003FD6                     IVTBASEH        equ	16342	;# 
   818   003FD7                     IVTBASEU        equ	16343	;# 
   819   003FD8                     STATUS          equ	16344	;# 
   820   003FD9                     FSR2            equ	16345	;# 
   821   003FD9                     FSR2L           equ	16345	;# 
   822   003FDA                     FSR2H           equ	16346	;# 
   823   003FDB                     PLUSW2          equ	16347	;# 
   824   003FDC                     PREINC2         equ	16348	;# 
   825   003FDD                     POSTDEC2        equ	16349	;# 
   826   003FDE                     POSTINC2        equ	16350	;# 
   827   003FDF                     INDF2           equ	16351	;# 
   828   003FE0                     BSR             equ	16352	;# 
   829   003FE1                     FSR1            equ	16353	;# 
   830   003FE1                     FSR1L           equ	16353	;# 
   831   003FE2                     FSR1H           equ	16354	;# 
   832   003FE3                     PLUSW1          equ	16355	;# 
   833   003FE4                     PREINC1         equ	16356	;# 
   834   003FE5                     POSTDEC1        equ	16357	;# 
   835   003FE6                     POSTINC1        equ	16358	;# 
   836   003FE7                     INDF1           equ	16359	;# 
   837   003FE8                     WREG            equ	16360	;# 
   838   003FE9                     FSR0            equ	16361	;# 
   839   003FE9                     FSR0L           equ	16361	;# 
   840   003FEA                     FSR0H           equ	16362	;# 
   841   003FEB                     PLUSW0          equ	16363	;# 
   842   003FEC                     PREINC0         equ	16364	;# 
   843   003FED                     POSTDEC0        equ	16365	;# 
   844   003FEE                     POSTINC0        equ	16366	;# 
   845   003FEF                     INDF0           equ	16367	;# 
   846   003FF0                     PCON0           equ	16368	;# 
   847   003FF1                     PCON1           equ	16369	;# 
   848   003FF3                     PROD            equ	16371	;# 
   849   003FF3                     PRODL           equ	16371	;# 
   850   003FF4                     PRODH           equ	16372	;# 
   851   003FF5                     TABLAT          equ	16373	;# 
   852   003FF6                     TBLPTR          equ	16374	;# 
   853   003FF6                     TBLPTRL         equ	16374	;# 
   854   003FF7                     TBLPTRH         equ	16375	;# 
   855   003FF8                     TBLPTRU         equ	16376	;# 
   856   003FF9                     PCLAT           equ	16377	;# 
   857   003FF9                     PCL             equ	16377	;# 
   858   003FFA                     PCLATH          equ	16378	;# 
   859   003FFB                     PCLATU          equ	16379	;# 
   860   003FFC                     STKPTR          equ	16380	;# 
   861   003FFD                     TOS             equ	16381	;# 
   862   003FFD                     TOSL            equ	16381	;# 
   863   003FFE                     TOSH            equ	16382	;# 
   864   003FFF                     TOSU            equ	16383	;# 
   865   0039A4                     _PIR4bits       set	14756
   866   0039DF                     _OSCFRQ         set	14815
   867   0039D9                     _OSCCON1        set	14809
   868   003A15                     _RC5PPS         set	14869
   869   003ABF                     _PPSLOCKbits    set	15039
   870   003ABF                     _PPSLOCK        set	15039
   871   003A60                     _ANSELCbits     set	14944
   872   003A70                     _ANSELD         set	14960
   873   003A50                     _ANSELB         set	14928
   874   003F5E                     _CCPTMRS0       set	16222
   875   003F7A                     _CCP2CON        set	16250
   876   003F78                     _CCPR2L         set	16248
   877   003F79                     _CCPR2H         set	16249
   878   003FAC                     _T2CON          set	16300
   879   003FAB                     _T2PR           set	16299
   880   003FAA                     _T2TMR          set	16298
   881   003FAF                     _T2RST          set	16303
   882   003FAD                     _T2HLT          set	16301
   883   003FAE                     _T2CLKCON       set	16302
   884   003FCD                     _PORTDbits      set	16333
   885   003FB0                     _TMR1L          set	16304
   886   003FB1                     _TMR1H          set	16305
   887   003FB2                     _T1CON          set	16306
   888   003FB3                     _T1GCON         set	16307
   889   003FB5                     _T1CLK          set	16309
   890   003FBD                     _LATD           set	16317
   891   003FBD                     _LATDbits       set	16317
   892   003FC4                     _TRISCbits      set	16324
   893   003FC5                     _TRISDbits      set	16325
   894   003FBB                     _LATB           set	16315
   895   003FC3                     _TRISB          set	16323
   896                           
   897                           	psect	smallconst
   898   002000                     __psmallconst:
   899                           	callstack 0
   900   002000  00                 	db	0
   901   002001                     STR_5:
   902                           
   903                           ; BSR set to: 57
   904   002001  53                 	db	83	;'S'
   905   002002  65                 	db	101	;'e'
   906   002003  72                 	db	114	;'r'
   907   002004  76                 	db	118	;'v'
   908   002005  6F                 	db	111	;'o'
   909   002006  3A                 	db	58	;':'
   910   002007  39                 	db	57	;'9'
   911   002008  30                 	db	48	;'0'
   912   002009  20                 	db	32
   913   00200A  44                 	db	68	;'D'
   914   00200B  45                 	db	69	;'E'
   915   00200C  50                 	db	80	;'P'
   916   00200D  4C                 	db	76	;'L'
   917   00200E  4F                 	db	79	;'O'
   918   00200F  59                 	db	89	;'Y'
   919   002010  00                 	db	0
   920   002011                     STR_6:
   921                           
   922                           ; BSR set to: 57
   923   002011  53                 	db	83	;'S'
   924   002012  65                 	db	101	;'e'
   925   002013  72                 	db	114	;'r'
   926   002014  76                 	db	118	;'v'
   927   002015  6F                 	db	111	;'o'
   928   002016  3A                 	db	58	;':'
   929   002017  20                 	db	32
   930   002018  30                 	db	48	;'0'
   931   002019  20                 	db	32
   932   00201A  53                 	db	83	;'S'
   933   00201B  41                 	db	65	;'A'
   934   00201C  46                 	db	70	;'F'
   935   00201D  45                 	db	69	;'E'
   936   00201E  00                 	db	0
   937   00201F                     STR_3:
   938                           
   939                           ; BSR set to: 57
   940   00201F  44                 	db	68	;'D'
   941   002020  69                 	db	105	;'i'
   942   002021  73                 	db	115	;'s'
   943   002022  74                 	db	116	;'t'
   944   002023  3A                 	db	58	;':'
   945   002024  20                 	db	32
   946   002025  6E                 	db	110	;'n'
   947   002026  6F                 	db	111	;'o'
   948   002027  20                 	db	32
   949   002028  65                 	db	101	;'e'
   950   002029  63                 	db	99	;'c'
   951   00202A  68                 	db	104	;'h'
   952   00202B  6F                 	db	111	;'o'
   953   00202C  00                 	db	0
   954   00202D                     STR_2:
   955                           
   956                           ; BSR set to: 57
   957   00202D  53                 	db	83	;'S'
   958   00202E  74                 	db	116	;'t'
   959   00202F  61                 	db	97	;'a'
   960   002030  72                 	db	114	;'r'
   961   002031  74                 	db	116	;'t'
   962   002032  69                 	db	105	;'i'
   963   002033  6E                 	db	110	;'n'
   964   002034  67                 	db	103	;'g'
   965   002035  2E                 	db	46
   966   002036  2E                 	db	46
   967   002037  2E                 	db	46
   968   002038  00                 	db	0
   969   002039                     STR_4:
   970                           
   971                           ; BSR set to: 57
   972   002039  44                 	db	68	;'D'
   973   00203A  69                 	db	105	;'i'
   974   00203B  73                 	db	115	;'s'
   975   00203C  74                 	db	116	;'t'
   976   00203D  3A                 	db	58	;':'
   977   00203E  25                 	db	37
   978   00203F  33                 	db	51	;'3'
   979   002040  75                 	db	117	;'u'
   980   002041  20                 	db	32
   981   002042  63                 	db	99	;'c'
   982   002043  6D                 	db	109	;'m'
   983   002044  00                 	db	0
   984   002045                     STR_1:
   985                           
   986                           ; BSR set to: 57
   987   002045  41                 	db	65	;'A'
   988   002046  69                 	db	105	;'i'
   989   002047  72                 	db	114	;'r'
   990   002048  62                 	db	98	;'b'
   991   002049  61                 	db	97	;'a'
   992   00204A  67                 	db	103	;'g'
   993   00204B  20                 	db	32
   994   00204C  44                 	db	68	;'D'
   995   00204D  65                 	db	101	;'e'
   996   00204E  6D                 	db	109	;'m'
   997   00204F  6F                 	db	111	;'o'
   998   002050  00                 	db	0
   999   002051  00                 	db	0	; dummy byte at the end
  1000   002000                     __smallconst    set	__psmallconst
  1001   002000                     __mediumconst   set	__psmallconst
  1002   000003                     __activetblptr  equ	3
  1003                           
  1004                           ; #config settings
  1005                           
  1006                           	psect	cinit
  1007   002C78                     __pcinit:
  1008                           	callstack 0
  1009   002C78                     start_initialization:
  1010                           	callstack 0
  1011   002C78                     __initialization:
  1012                           	callstack 0
  1013                           
  1014                           ; Clear objects allocated to BANK0 (32 bytes)
  1015   002C78  EE00  F060         	lfsr	0,__pbssBANK0
  1016   002C7C  0E20               	movlw	32
  1017   002C7E                     clear_0:
  1018   002C7E  6AEE               	clrf	postinc0,c
  1019   002C80  06E8               	decf	wreg,f,c
  1020   002C82  E1FD               	bnz	clear_0
  1021                           
  1022                           ; Clear objects allocated to COMRAM (8 bytes)
  1023   002C84  EE00  F04F         	lfsr	0,__pbssCOMRAM
  1024   002C88  0E08               	movlw	8
  1025   002C8A                     clear_1:
  1026   002C8A  6AEE               	clrf	postinc0,c
  1027   002C8C  06E8               	decf	wreg,f,c
  1028   002C8E  E1FD               	bnz	clear_1
  1029   002C90                     end_of_initialization:
  1030                           	callstack 0
  1031   002C90                     __end_of__initialization:
  1032                           	callstack 0
  1033   002C90  0100               	movlb	0
  1034   002C92  EF29  F010         	goto	_main	;jump to C main() function
  1035                           
  1036                           	psect	bssCOMRAM
  1037   00004F                     __pbssCOMRAM:
  1038                           	callstack 0
  1039   00004F                     _width:
  1040                           	callstack 0
  1041   00004F                     	ds	2
  1042   000051                     _prec:
  1043                           	callstack 0
  1044   000051                     	ds	2
  1045   000053                     Buzzer_Update@elapsed_ms:
  1046                           	callstack 0
  1047   000053                     	ds	2
  1048   000055                     _flags:
  1049                           	callstack 0
  1050   000055                     	ds	1
  1051   000056                     Buzzer_Update@buzzerOn:
  1052                           	callstack 0
  1053   000056                     	ds	1
  1054                           
  1055                           	psect	bssBANK0
  1056   000060                     __pbssBANK0:
  1057                           	callstack 0
  1058   000060                     _dbuf:
  1059                           	callstack 0
  1060   000060                     	ds	32
  1061                           
  1062                           	psect	cstackCOMRAM
  1063   000001                     __pcstackCOMRAM:
  1064                           	callstack 0
  1065   000001                     ?___lwdiv:
  1066                           	callstack 0
  1067   000001                     ?___lwmod:
  1068                           	callstack 0
  1069   000001                     ?_TMR1_Read:
  1070                           	callstack 0
  1071   000001                     ?_read_prec_or_width:
  1072                           	callstack 0
  1073   000001                     ?___lmul:
  1074                           	callstack 0
  1075   000001                     LCD_Char@c:
  1076                           	callstack 0
  1077   000001                     read_prec_or_width@fmt:
  1078                           	callstack 0
  1079   000001                     TMR1_Write@value:
  1080                           	callstack 0
  1081   000001                     PWM2_LoadDutyValue@dutyValue:
  1082                           	callstack 0
  1083   000001                     ___lwdiv@dividend:
  1084                           	callstack 0
  1085   000001                     ___lwmod@dividend:
  1086                           	callstack 0
  1087   000001                     fputc@c:
  1088                           	callstack 0
  1089   000001                     ___lmul@multiplier:
  1090                           	callstack 0
  1091   000001                     ??_LCD_Command:
  1092   000001                     
  1093                           ; 1 bytes @ 0x0
  1094   000001                     	ds	1
  1095   000002                     LCD_Command@command:
  1096                           	callstack 0
  1097   000002                     read_prec_or_width@ap:
  1098                           	callstack 0
  1099   000002                     LCD_Print16@text:
  1100                           	callstack 0
  1101                           
  1102                           ; 2 bytes @ 0x1
  1103   000002                     	ds	1
  1104   000003                     LCD_SetCursor@col:
  1105                           	callstack 0
  1106   000003                     fputc@fp:
  1107                           	callstack 0
  1108   000003                     ___lwdiv@divisor:
  1109                           	callstack 0
  1110   000003                     ___lwmod@divisor:
  1111                           	callstack 0
  1112   000003                     ??_LCD_Initialize:
  1113   000003                     ??_TMR1_Read:
  1114   000003                     ??_read_prec_or_width:
  1115                           
  1116                           ; 1 bytes @ 0x2
  1117   000003                     	ds	1
  1118   000004                     LCD_Print16@i:
  1119                           	callstack 0
  1120   000004                     LCD_SetCursor@row:
  1121                           	callstack 0
  1122   000004                     ??_fputc:
  1123                           
  1124                           ; 1 bytes @ 0x3
  1125   000004                     	ds	1
  1126   000005                     TMR1_Read@low:
  1127                           	callstack 0
  1128   000005                     ___lwmod@counter:
  1129                           	callstack 0
  1130   000005                     read_prec_or_width@c:
  1131                           	callstack 0
  1132   000005                     ___lwdiv@quotient:
  1133                           	callstack 0
  1134   000005                     ___lmul@multiplicand:
  1135                           	callstack 0
  1136   000005                     
  1137                           ; 1 bytes @ 0x4
  1138   000005                     	ds	1
  1139   000006                     TMR1_Read@high:
  1140                           	callstack 0
  1141   000006                     read_prec_or_width@n:
  1142                           	callstack 0
  1143                           
  1144                           ; 2 bytes @ 0x5
  1145   000006                     	ds	1
  1146   000007                     ___lwdiv@counter:
  1147                           	callstack 0
  1148                           
  1149                           ; 1 bytes @ 0x6
  1150   000007                     	ds	1
  1151   000008                     ?_HCSR04_ReadDistanceCM:
  1152                           	callstack 0
  1153                           
  1154                           ; 2 bytes @ 0x7
  1155   000008                     	ds	1
  1156   000009                     fputs@s:
  1157                           	callstack 0
  1158   000009                     ___lmul@product:
  1159                           	callstack 0
  1160   000009                     
  1161                           ; 1 bytes @ 0x8
  1162   000009                     	ds	1
  1163   00000A                     fputs@fp:
  1164                           	callstack 0
  1165   00000A                     HCSR04_ReadDistanceCM@echo_us:
  1166                           	callstack 0
  1167   00000A                     
  1168                           ; 1 bytes @ 0x9
  1169   00000A                     	ds	1
  1170   00000B                     fputs@c:
  1171                           	callstack 0
  1172   00000B                     
  1173                           ; 1 bytes @ 0xA
  1174   00000B                     	ds	1
  1175   00000C                     HCSR04_ReadDistanceCM@timeout:
  1176                           	callstack 0
  1177   00000C                     fputs@i:
  1178                           	callstack 0
  1179                           
  1180                           ; 2 bytes @ 0xB
  1181   00000C                     	ds	1
  1182   00000D                     ?___lldiv:
  1183                           	callstack 0
  1184   00000D                     ___lldiv@dividend:
  1185                           	callstack 0
  1186                           
  1187                           ; 4 bytes @ 0xC
  1188   00000D                     	ds	1
  1189   00000E                     pad@fp:
  1190                           	callstack 0
  1191                           
  1192                           ; 1 bytes @ 0xD
  1193   00000E                     	ds	1
  1194   00000F                     pad@buf:
  1195                           	callstack 0
  1196                           
  1197                           ; 1 bytes @ 0xE
  1198   00000F                     	ds	1
  1199   000010                     pad@p:
  1200                           	callstack 0
  1201                           
  1202                           ; 2 bytes @ 0xF
  1203   000010                     	ds	1
  1204   000011                     ___lldiv@divisor:
  1205                           	callstack 0
  1206                           
  1207                           ; 4 bytes @ 0x10
  1208   000011                     	ds	1
  1209   000012                     ??_pad:
  1210                           
  1211                           ; 1 bytes @ 0x11
  1212   000012                     	ds	1
  1213   000013                     pad@i:
  1214                           	callstack 0
  1215                           
  1216                           ; 2 bytes @ 0x12
  1217   000013                     	ds	2
  1218   000015                     utoa@fp:
  1219                           	callstack 0
  1220   000015                     ___lldiv@quotient:
  1221                           	callstack 0
  1222   000015                     
  1223                           ; 1 bytes @ 0x14
  1224   000015                     	ds	1
  1225   000016                     utoa@d:
  1226                           	callstack 0
  1227                           
  1228                           ; 2 bytes @ 0x15
  1229   000016                     	ds	2
  1230   000018                     utoa@w:
  1231                           	callstack 0
  1232   000018                     
  1233                           ; 1 bytes @ 0x17
  1234   000018                     	ds	1
  1235   000019                     ___lldiv@counter:
  1236                           	callstack 0
  1237                           
  1238                           ; 1 bytes @ 0x18
  1239   000019                     	ds	1
  1240   00001A                     ?_Buzzer_GetIntervalMs:
  1241                           	callstack 0
  1242   00001A                     utoa@p:
  1243                           	callstack 0
  1244   00001A                     Buzzer_GetIntervalMs@distance:
  1245                           	callstack 0
  1246                           
  1247                           ; 2 bytes @ 0x19
  1248   00001A                     	ds	1
  1249   00001B                     utoa@i:
  1250                           	callstack 0
  1251                           
  1252                           ; 2 bytes @ 0x1A
  1253   00001B                     	ds	1
  1254   00001C                     ??_Buzzer_GetIntervalMs:
  1255                           
  1256                           ; 1 bytes @ 0x1B
  1257   00001C                     	ds	1
  1258   00001D                     vfpfcnvrt@fp:
  1259                           	callstack 0
  1260                           
  1261                           ; 1 bytes @ 0x1C
  1262   00001D                     	ds	1
  1263   00001E                     vfpfcnvrt@fmt:
  1264                           	callstack 0
  1265   00001E                     Buzzer_GetIntervalMs@interval:
  1266                           	callstack 0
  1267                           
  1268                           ; 2 bytes @ 0x1D
  1269   00001E                     	ds	1
  1270   00001F                     vfpfcnvrt@ap:
  1271                           	callstack 0
  1272                           
  1273                           ; 1 bytes @ 0x1E
  1274   00001F                     	ds	1
  1275   000020                     Buzzer_Update@distance:
  1276                           	callstack 0
  1277   000020                     vfpfcnvrt@convarg:
  1278                           	callstack 0
  1279   000020                     
  1280                           ; 1 bytes @ 0x1F
  1281   000020                     	ds	2
  1282   000022                     Buzzer_Update@tick_ms:
  1283                           	callstack 0
  1284                           
  1285                           ; 2 bytes @ 0x21
  1286   000022                     	ds	2
  1287   000024                     vfpfcnvrt@cp:
  1288                           	callstack 0
  1289   000024                     Buzzer_Update@offTime:
  1290                           	callstack 0
  1291   000024                     
  1292                           ; 1 bytes @ 0x23
  1293   000024                     	ds	1
  1294   000025                     ?_vfprintf:
  1295                           	callstack 0
  1296   000025                     vfprintf@fp:
  1297                           	callstack 0
  1298                           
  1299                           ; 1 bytes @ 0x24
  1300   000025                     	ds	1
  1301   000026                     vfprintf@fmt:
  1302                           	callstack 0
  1303   000026                     Buzzer_Update@interval:
  1304                           	callstack 0
  1305                           
  1306                           ; 2 bytes @ 0x25
  1307   000026                     	ds	1
  1308   000027                     vfprintf@ap:
  1309                           	callstack 0
  1310                           
  1311                           ; 1 bytes @ 0x26
  1312   000027                     	ds	1
  1313   000028                     vfprintf@cfmt:
  1314                           	callstack 0
  1315   000028                     DelayMs_WithBuzzer@distance:
  1316                           	callstack 0
  1317   000028                     
  1318                           ; 1 bytes @ 0x27
  1319   000028                     	ds	1
  1320   000029                     ?_sprintf:
  1321                           	callstack 0
  1322   000029                     sprintf@s:
  1323                           	callstack 0
  1324                           
  1325                           ; 1 bytes @ 0x28
  1326   000029                     	ds	1
  1327   00002A                     sprintf@fmt:
  1328                           	callstack 0
  1329   00002A                     DelayMs_WithBuzzer@total_ms:
  1330                           	callstack 0
  1331                           
  1332                           ; 2 bytes @ 0x29
  1333   00002A                     	ds	2
  1334   00002C                     ??_DelayMs_WithBuzzer:
  1335                           
  1336                           ; 1 bytes @ 0x2B
  1337   00002C                     	ds	1
  1338   00002D                     sprintf@ap:
  1339                           	callstack 0
  1340   00002D                     
  1341                           ; 1 bytes @ 0x2C
  1342   00002D                     	ds	1
  1343   00002E                     sprintf@f:
  1344                           	callstack 0
  1345                           
  1346                           ; 11 bytes @ 0x2D
  1347   00002E                     	ds	11
  1348   000039                     ??_main:
  1349                           
  1350                           ; 1 bytes @ 0x38
  1351   000039                     	ds	2
  1352   00003B                     main@line:
  1353                           	callstack 0
  1354                           
  1355                           ; 17 bytes @ 0x3A
  1356   00003B                     	ds	17
  1357   00004C                     main@deployed:
  1358                           	callstack 0
  1359                           
  1360                           ; 1 bytes @ 0x4B
  1361   00004C                     	ds	1
  1362   00004D                     main@distance:
  1363                           	callstack 0
  1364                           
  1365                           ; 2 bytes @ 0x4C
  1366   00004D                     	ds	2
  1367                           
  1368 ;;
  1369 ;;Main: autosize = 0, tempsize = 2, incstack = 0, save=0
  1370 ;;
  1371 ;; *************** function _main *****************
  1372 ;; Defined at:
  1373 ;;		line 102 in file "PWMservo.c"
  1374 ;; Parameters:    Size  Location     Type
  1375 ;;		None
  1376 ;; Auto vars:     Size  Location     Type
  1377 ;;  line           17   58[COMRAM] unsigned char [17]
  1378 ;;  distance        2   76[COMRAM] unsigned short 
  1379 ;;  deployed        1   75[COMRAM] _Bool 
  1380 ;; Return value:  Size  Location     Type
  1381 ;;                  1    wreg      void 
  1382 ;; Registers used:
  1383 ;;		wreg, fsr1l, fsr1h, fsr2l, fsr2h, status,2, status,0, tblptrl, tblptrh, tblptru, prodl, prodh, cstack
  1384 ;; Tracked objects:
  1385 ;;		On entry : 0/0
  1386 ;;		On exit  : 0/0
  1387 ;;		Unchanged: 0/0
  1388 ;; Data sizes:     COMRAM   BANK0   BANK1   BANK2   BANK3   BANK4   BANK5   BANK6   BANK7   BANK8   BANK9  BANK10  BANK1
      +1  BANK12  BANK13  BANK14  BANK15  BANK16  BANK17  BANK18  BANK19  BANK20  BANK21  BANK22  BANK23  BANK24  BANK25  BANK2
      +6  BANK27  BANK28  BANK29  BANK30  BANK31
  1389 ;;      Params:         0       0       0       0       0       0       0       0       0       0       0       0       
      +0       0       0       0       0       0       0       0       0       0       0       0       0       0       0       
      +0       0       0       0       0       0
  1390 ;;      Locals:        20       0       0       0       0       0       0       0       0       0       0       0       
      +0       0       0       0       0       0       0       0       0       0       0       0       0       0       0       
      +0       0       0       0       0       0
  1391 ;;      Temps:          2       0       0       0       0       0       0       0       0       0       0       0       
      +0       0       0       0       0       0       0       0       0       0       0       0       0       0       0       
      +0       0       0       0       0       0
  1392 ;;      Totals:        22       0       0       0       0       0       0       0       0       0       0       0       
      +0       0       0       0       0       0       0       0       0       0       0       0       0       0       0       
      +0       0       0       0       0       0
  1393 ;;Total ram usage:       22 bytes
  1394 ;; Hardware stack levels required when called: 7
  1395 ;; This function calls:
  1396 ;;		_CLK_Initialize
  1397 ;;		_DelayMs_WithBuzzer
  1398 ;;		_HCSR04_ReadDistanceCM
  1399 ;;		_LCD_Initialize
  1400 ;;		_LCD_Print16
  1401 ;;		_LCD_SetCursor
  1402 ;;		_PORT_Initialize
  1403 ;;		_PPS_Initialize
  1404 ;;		_PWM2_Initialize
  1405 ;;		_PWM2_LoadDutyValue
  1406 ;;		_PWM2_Start
  1407 ;;		_TMR1_Initialize
  1408 ;;		_TMR2_PWM_Initialize
  1409 ;;		_sprintf
  1410 ;; This function is called by:
  1411 ;;		Startup code after reset
  1412 ;; This function uses a non-reentrant model
  1413 ;;
  1414                           
  1415                           	psect	text0
  1416   002052                     __ptext0:
  1417                           	callstack 0
  1418   002052                     _main:
  1419                           	callstack 24
  1420   002052                     
  1421                           ;PWMservo.c: 104:     uint16_t distance;;PWMservo.c: 105:     _Bool deployed = 0;
  1422   002052  6A4C               	clrf	main@deployed^0,c
  1423   002054                     
  1424                           ;PWMservo.c: 106:     char line[17];;PWMservo.c: 108:     CLK_Initialize();
  1425   002054  ECB5  F016         	call	_CLK_Initialize	;wreg free
  1426   002058                     
  1427                           ;PWMservo.c: 109:     PORT_Initialize();
  1428   002058  EC2C  F016         	call	_PORT_Initialize	;wreg free
  1429   00205C                     
  1430                           ;PWMservo.c: 110:     PPS_Initialize();
  1431   00205C  EC59  F016         	call	_PPS_Initialize	;wreg free
  1432   002060                     
  1433                           ;PWMservo.c: 112:     LCD_Initialize();
  1434   002060  EC77  F015         	call	_LCD_Initialize	;wreg free
  1435   002064                     
  1436                           ;PWMservo.c: 113:     TMR1_Initialize();
  1437   002064  EC97  F016         	call	_TMR1_Initialize	;wreg free
  1438   002068                     
  1439                           ;PWMservo.c: 115:     TMR2_PWM_Initialize();
  1440   002068  EC81  F016         	call	_TMR2_PWM_Initialize	;wreg free
  1441   00206C                     
  1442                           ;PWMservo.c: 116:     PWM2_Initialize();
  1443   00206C  EC4B  F016         	call	_PWM2_Initialize	;wreg free
  1444   002070                     
  1445                           ;PWMservo.c: 117:     PWM2_Start();
  1446   002070  EC67  F016         	call	_PWM2_Start	;wreg free
  1447   002074                     
  1448                           ;PWMservo.c: 119:     LCD_SetCursor(0, 0);
  1449   002074  0E00               	movlw	0
  1450   002076  6E03               	movwf	LCD_SetCursor@col^0,c
  1451   002078  0E00               	movlw	0
  1452   00207A  EC18  F016         	call	_LCD_SetCursor
  1453   00207E                     
  1454                           ;PWMservo.c: 120:     LCD_Print16("Airbag Demo");
  1455   00207E  0E45               	movlw	low STR_1
  1456   002080  6E02               	movwf	LCD_Print16@text^0,c
  1457   002082  5002               	movf	LCD_Print16@text^0,w,c
  1458   002084  A4D8               	btfss	status,2,c
  1459   002086  0E20               	movlw	high __smallconst
  1460   002088  6E03               	movwf	(LCD_Print16@text+1)^0,c
  1461   00208A  EC10  F014         	call	_LCD_Print16	;wreg free
  1462   00208E                     
  1463                           ;PWMservo.c: 121:     LCD_SetCursor(1, 0);
  1464   00208E  0E00               	movlw	0
  1465   002090  6E03               	movwf	LCD_SetCursor@col^0,c
  1466   002092  0E01               	movlw	1
  1467   002094  EC18  F016         	call	_LCD_SetCursor
  1468   002098                     
  1469                           ;PWMservo.c: 122:     LCD_Print16("Starting...");
  1470   002098  0E2D               	movlw	low STR_2
  1471   00209A  6E02               	movwf	LCD_Print16@text^0,c
  1472   00209C  5002               	movf	LCD_Print16@text^0,w,c
  1473   00209E  A4D8               	btfss	status,2,c
  1474   0020A0  0E20               	movlw	high __smallconst
  1475   0020A2  6E03               	movwf	(LCD_Print16@text+1)^0,c
  1476   0020A4  EC10  F014         	call	_LCD_Print16	;wreg free
  1477   0020A8                     
  1478                           ;PWMservo.c: 123:     _delay((unsigned long)((1000)*(4000000UL/4000.0)));
  1479   0020A8  0E06               	movlw	6
  1480   0020AA  6E3A               	movwf	(??_main+1)^0,c
  1481   0020AC  0E13               	movlw	19
  1482   0020AE  6E39               	movwf	??_main^0,c
  1483   0020B0  0EAE               	movlw	174
  1484   0020B2                     u1197:
  1485   0020B2  2EE8               	decfsz	wreg,f,c
  1486   0020B4  D7FE               	bra	u1197
  1487   0020B6  2E39               	decfsz	??_main^0,f,c
  1488   0020B8  D7FC               	bra	u1197
  1489   0020BA  2E3A               	decfsz	(??_main+1)^0,f,c
  1490   0020BC  D7FA               	bra	u1197
  1491   0020BE                     l2020:
  1492                           
  1493                           ;PWMservo.c: 144:     {;PWMservo.c: 145:         distance = HCSR04_ReadDistanceCM();
  1494   0020BE  EC5A  F012         	call	_HCSR04_ReadDistanceCM	;wreg free
  1495   0020C2  C008  F04D         	movff	?_HCSR04_ReadDistanceCM,main@distance
  1496   0020C6  C009  F04E         	movff	?_HCSR04_ReadDistanceCM+1,main@distance+1
  1497   0020CA                     
  1498                           ;PWMservo.c: 148:         if (!deployed && distance <= 10u)
  1499   0020CA  504C               	movf	main@deployed^0,w,c
  1500   0020CC  A4D8               	btfss	status,2,c
  1501   0020CE  EF6B  F010         	goto	u1121
  1502   0020D2  EF6D  F010         	goto	u1120
  1503   0020D6                     u1121:
  1504   0020D6  EF7C  F010         	goto	l2028
  1505   0020DA                     u1120:
  1506   0020DA  504E               	movf	(main@distance+1)^0,w,c
  1507   0020DC  E107               	bnz	u1131
  1508   0020DE  0E0B               	movlw	11
  1509   0020E0  5C4D               	subwf	main@distance^0,w,c
  1510   0020E2  B0D8               	btfsc	status,0,c
  1511   0020E4  EF76  F010         	goto	u1131
  1512   0020E8  EF78  F010         	goto	u1130
  1513   0020EC                     u1131:
  1514   0020EC  EF7C  F010         	goto	l2028
  1515   0020F0                     u1130:
  1516   0020F0                     
  1517                           ;PWMservo.c: 149:         {;PWMservo.c: 150:             deployed = 1;
  1518   0020F0  0E01               	movlw	1
  1519   0020F2  6E4C               	movwf	main@deployed^0,c
  1520                           
  1521                           ;PWMservo.c: 151:         }
  1522   0020F4  EF90  F010         	goto	l2034
  1523   0020F8                     l2028:
  1524   0020F8  504C               	movf	main@deployed^0,w,c
  1525   0020FA  B4D8               	btfsc	status,2,c
  1526   0020FC  EF82  F010         	goto	u1141
  1527   002100  EF84  F010         	goto	u1140
  1528   002104                     u1141:
  1529   002104  EF90  F010         	goto	l2034
  1530   002108                     u1140:
  1531   002108  504E               	movf	(main@distance+1)^0,w,c
  1532   00210A  E109               	bnz	u1150
  1533   00210C  0E0D               	movlw	13
  1534   00210E  5C4D               	subwf	main@distance^0,w,c
  1535   002110  A0D8               	btfss	status,0,c
  1536   002112  EF8D  F010         	goto	u1151
  1537   002116  EF8F  F010         	goto	u1150
  1538   00211A                     u1151:
  1539   00211A  EF90  F010         	goto	l2034
  1540   00211E                     u1150:
  1541   00211E                     
  1542                           ;PWMservo.c: 153:         {;PWMservo.c: 154:             deployed = 0;
  1543   00211E  6A4C               	clrf	main@deployed^0,c
  1544   002120                     l2034:
  1545                           
  1546                           ;PWMservo.c: 157:         if (deployed)
  1547   002120  504C               	movf	main@deployed^0,w,c
  1548   002122  B4D8               	btfsc	status,2,c
  1549   002124  EF96  F010         	goto	u1161
  1550   002128  EF98  F010         	goto	u1160
  1551   00212C                     u1161:
  1552   00212C  EF9F  F010         	goto	l2038
  1553   002130                     u1160:
  1554   002130                     
  1555                           ;PWMservo.c: 158:         {;PWMservo.c: 159:             PWM2_LoadDutyValue(22u);
  1556   002130  6A02               	clrf	(PWM2_LoadDutyValue@dutyValue+1)^0,c
  1557   002132  0E16               	movlw	22
  1558   002134  6E01               	movwf	PWM2_LoadDutyValue@dutyValue^0,c
  1559   002136  EC8D  F016         	call	_PWM2_LoadDutyValue	;wreg free
  1560                           
  1561                           ;PWMservo.c: 160:         }
  1562   00213A  EFA4  F010         	goto	l102
  1563   00213E                     l2038:
  1564                           
  1565                           ;PWMservo.c: 162:         {;PWMservo.c: 163:             PWM2_LoadDutyValue(50u);
  1566   00213E  6A02               	clrf	(PWM2_LoadDutyValue@dutyValue+1)^0,c
  1567   002140  0E32               	movlw	50
  1568   002142  6E01               	movwf	PWM2_LoadDutyValue@dutyValue^0,c
  1569   002144  EC8D  F016         	call	_PWM2_LoadDutyValue	;wreg free
  1570   002148                     l102:
  1571                           
  1572                           ;PWMservo.c: 167:         LCD_SetCursor(0, 0);
  1573   002148  0E00               	movlw	0
  1574   00214A  6E03               	movwf	LCD_SetCursor@col^0,c
  1575   00214C  0E00               	movlw	0
  1576   00214E  EC18  F016         	call	_LCD_SetCursor
  1577   002152                     
  1578                           ;PWMservo.c: 169:         if (distance == 999)
  1579   002152  0EE7               	movlw	231
  1580   002154  184D               	xorwf	main@distance^0,w,c
  1581   002156  E107               	bnz	u1171
  1582   002158  0E03               	movlw	3
  1583   00215A  184E               	xorwf	(main@distance+1)^0,w,c
  1584   00215C  A4D8               	btfss	status,2,c
  1585   00215E  EFB3  F010         	goto	u1171
  1586   002162  EFB5  F010         	goto	u1170
  1587   002166                     u1171:
  1588   002166  EFBF  F010         	goto	l2044
  1589   00216A                     u1170:
  1590   00216A                     
  1591                           ;PWMservo.c: 170:         {;PWMservo.c: 171:             LCD_Print16("Dist: no echo");
  1592   00216A  0E1F               	movlw	low STR_3
  1593   00216C  6E02               	movwf	LCD_Print16@text^0,c
  1594   00216E  5002               	movf	LCD_Print16@text^0,w,c
  1595   002170  A4D8               	btfss	status,2,c
  1596   002172  0E20               	movlw	high __smallconst
  1597   002174  6E03               	movwf	(LCD_Print16@text+1)^0,c
  1598   002176  EC10  F014         	call	_LCD_Print16	;wreg free
  1599                           
  1600                           ;PWMservo.c: 172:         }
  1601   00217A  EFCE  F010         	goto	l2048
  1602   00217E                     l2044:
  1603                           
  1604                           ;PWMservo.c: 174:         {;PWMservo.c: 175:             sprintf(line, "Dist:%3u cm", di
      +                          stance);
  1605   00217E  0E3B               	movlw	low main@line
  1606   002180  6E29               	movwf	sprintf@s^0,c
  1607   002182  0E39               	movlw	low STR_4
  1608   002184  6E2A               	movwf	sprintf@fmt^0,c
  1609   002186  C04D  F02B         	movff	main@distance,?_sprintf+2
  1610   00218A  C04E  F02C         	movff	main@distance+1,?_sprintf+3
  1611   00218E  EC00  F016         	call	_sprintf	;wreg free
  1612   002192                     
  1613                           ;PWMservo.c: 176:             LCD_Print16(line);
  1614   002192  0E3B               	movlw	low main@line
  1615   002194  6E02               	movwf	LCD_Print16@text^0,c
  1616   002196  6A03               	clrf	(LCD_Print16@text+1)^0,c
  1617   002198  EC10  F014         	call	_LCD_Print16	;wreg free
  1618   00219C                     l2048:
  1619                           
  1620                           ;PWMservo.c: 180:         LCD_SetCursor(1, 0);
  1621   00219C  0E00               	movlw	0
  1622   00219E  6E03               	movwf	LCD_SetCursor@col^0,c
  1623   0021A0  0E01               	movlw	1
  1624   0021A2  EC18  F016         	call	_LCD_SetCursor
  1625   0021A6                     
  1626                           ;PWMservo.c: 182:         if (deployed)
  1627   0021A6  504C               	movf	main@deployed^0,w,c
  1628   0021A8  B4D8               	btfsc	status,2,c
  1629   0021AA  EFD9  F010         	goto	u1181
  1630   0021AE  EFDB  F010         	goto	u1180
  1631   0021B2                     u1181:
  1632   0021B2  EFE5  F010         	goto	l2054
  1633   0021B6                     u1180:
  1634   0021B6                     
  1635                           ;PWMservo.c: 183:         {;PWMservo.c: 184:             LCD_Print16("Servo:90 DEPLOY");
  1636   0021B6  0E01               	movlw	low STR_5
  1637   0021B8  6E02               	movwf	LCD_Print16@text^0,c
  1638   0021BA  5002               	movf	LCD_Print16@text^0,w,c
  1639   0021BC  A4D8               	btfss	status,2,c
  1640   0021BE  0E20               	movlw	high __smallconst
  1641   0021C0  6E03               	movwf	(LCD_Print16@text+1)^0,c
  1642   0021C2  EC10  F014         	call	_LCD_Print16	;wreg free
  1643                           
  1644                           ;PWMservo.c: 185:         }
  1645   0021C6  EFED  F010         	goto	l2056
  1646   0021CA                     l2054:
  1647                           
  1648                           ;PWMservo.c: 187:         {;PWMservo.c: 188:             LCD_Print16("Servo: 0 SAFE");
  1649   0021CA  0E11               	movlw	low STR_6
  1650   0021CC  6E02               	movwf	LCD_Print16@text^0,c
  1651   0021CE  5002               	movf	LCD_Print16@text^0,w,c
  1652   0021D0  A4D8               	btfss	status,2,c
  1653   0021D2  0E20               	movlw	high __smallconst
  1654   0021D4  6E03               	movwf	(LCD_Print16@text+1)^0,c
  1655   0021D6  EC10  F014         	call	_LCD_Print16	;wreg free
  1656   0021DA                     l2056:
  1657                           
  1658                           ;PWMservo.c: 193:         DelayMs_WithBuzzer(distance, 100);
  1659   0021DA  C04D  F028         	movff	main@distance,DelayMs_WithBuzzer@distance
  1660   0021DE  C04E  F029         	movff	main@distance+1,DelayMs_WithBuzzer@distance+1
  1661   0021E2  6A2B               	clrf	(DelayMs_WithBuzzer@total_ms+1)^0,c
  1662   0021E4  0E64               	movlw	100
  1663   0021E6  6E2A               	movwf	DelayMs_WithBuzzer@total_ms^0,c
  1664   0021E8  EC11  F015         	call	_DelayMs_WithBuzzer	;wreg free
  1665   0021EC  EF5F  F010         	goto	l2020
  1666   0021F0  EFFE  F0FF         	goto	start
  1667   0021F4                     __end_of_main:
  1668                           	callstack 0
  1669                           
  1670 ;; *************** function _sprintf *****************
  1671 ;; Defined at:
  1672 ;;		line 9 in file "C:\Program Files\Microchip\xc8\v3.10\pic\sources\c99\common\nf_sprintf.c"
  1673 ;; Parameters:    Size  Location     Type
  1674 ;;  s               1   40[COMRAM] PTR unsigned char 
  1675 ;;		 -> main@line(17), 
  1676 ;;  fmt             1   41[COMRAM] PTR const unsigned char 
  1677 ;;		 -> STR_4(12), 
  1678 ;; Auto vars:     Size  Location     Type
  1679 ;;  f              11   45[COMRAM] struct _IO_FILE
  1680 ;;  ret             2    0        int 
  1681 ;;  ap              1   44[COMRAM] PTR void [1]
  1682 ;;		 -> ?_sprintf(2), 
  1683 ;; Return value:  Size  Location     Type
  1684 ;;                  2   40[COMRAM] int 
  1685 ;; Registers used:
  1686 ;;		wreg, fsr1l, fsr1h, fsr2l, fsr2h, status,2, status,0, tblptrl, tblptrh, tblptru, prodl, prodh, cstack
  1687 ;; Tracked objects:
  1688 ;;		On entry : 0/0
  1689 ;;		On exit  : 0/0
  1690 ;;		Unchanged: 0/0
  1691 ;; Data sizes:     COMRAM   BANK0   BANK1   BANK2   BANK3   BANK4   BANK5   BANK6   BANK7   BANK8   BANK9  BANK10  BANK1
      +1  BANK12  BANK13  BANK14  BANK15  BANK16  BANK17  BANK18  BANK19  BANK20  BANK21  BANK22  BANK23  BANK24  BANK25  BANK2
      +6  BANK27  BANK28  BANK29  BANK30  BANK31
  1692 ;;      Params:         4       0       0       0       0       0       0       0       0       0       0       0       
      +0       0       0       0       0       0       0       0       0       0       0       0       0       0       0       
      +0       0       0       0       0       0
  1693 ;;      Locals:        12       0       0       0       0       0       0       0       0       0       0       0       
      +0       0       0       0       0       0       0       0       0       0       0       0       0       0       0       
      +0       0       0       0       0       0
  1694 ;;      Temps:          0       0       0       0       0       0       0       0       0       0       0       0       
      +0       0       0       0       0       0       0       0       0       0       0       0       0       0       0       
      +0       0       0       0       0       0
  1695 ;;      Totals:        16       0       0       0       0       0       0       0       0       0       0       0       
      +0       0       0       0       0       0       0       0       0       0       0       0       0       0       0       
      +0       0       0       0       0       0
  1696 ;;Total ram usage:       16 bytes
  1697 ;; Hardware stack levels used: 1
  1698 ;; Hardware stack levels required when called: 6
  1699 ;; This function calls:
  1700 ;;		_vfprintf
  1701 ;; This function is called by:
  1702 ;;		_main
  1703 ;; This function uses a non-reentrant model
  1704 ;;
  1705                           
  1706                           	psect	text1
  1707   002C00                     __ptext1:
  1708                           	callstack 0
  1709   002C00                     _sprintf:
  1710                           	callstack 24
  1711   002C00  0E2B               	movlw	low (?_sprintf+2)
  1712   002C02  6E2D               	movwf	sprintf@ap^0,c
  1713   002C04  C029  F02E         	movff	sprintf@s,sprintf@f
  1714   002C08  6A31               	clrf	(sprintf@f+3)^0,c
  1715   002C0A  0E00               	movlw	0
  1716   002C0C  6E30               	movwf	(sprintf@f+2)^0,c
  1717   002C0E  6A38               	clrf	(sprintf@f+10)^0,c
  1718   002C10  0E00               	movlw	0
  1719   002C12  6E37               	movwf	(sprintf@f+9)^0,c
  1720   002C14  0E2E               	movlw	low sprintf@f
  1721   002C16  6E25               	movwf	vfprintf@fp^0,c
  1722   002C18  C02A  F026         	movff	sprintf@fmt,vfprintf@fmt
  1723   002C1C  0E2D               	movlw	low sprintf@ap
  1724   002C1E  6E27               	movwf	vfprintf@ap^0,c
  1725   002C20  ECA2  F015         	call	_vfprintf	;wreg free
  1726   002C24  5029               	movf	sprintf@s^0,w,c
  1727   002C26  2430               	addwf	(sprintf@f+2)^0,w,c
  1728   002C28  6ED9               	movwf	fsr2l,c
  1729   002C2A  6ADA               	clrf	fsr2h,c
  1730   002C2C  6ADF               	clrf	indf2,c
  1731   002C2E  0012               	return		;funcret
  1732   002C30                     __end_of_sprintf:
  1733                           	callstack 0
  1734                           
  1735 ;; *************** function _vfprintf *****************
  1736 ;; Defined at:
  1737 ;;		line 1817 in file "C:\Program Files\Microchip\xc8\v3.10\pic\sources\c99\common\doprnt.c"
  1738 ;; Parameters:    Size  Location     Type
  1739 ;;  fp              1   36[COMRAM] PTR struct _IO_FILE
  1740 ;;		 -> sprintf@f(11), 
  1741 ;;  fmt             1   37[COMRAM] PTR const unsigned char 
  1742 ;;		 -> STR_4(12), 
  1743 ;;  ap              1   38[COMRAM] PTR PTR void 
  1744 ;;		 -> sprintf@ap(1), 
  1745 ;; Auto vars:     Size  Location     Type
  1746 ;;  cfmt            1   39[COMRAM] PTR unsigned char 
  1747 ;;		 -> STR_4(12), 
  1748 ;; Return value:  Size  Location     Type
  1749 ;;                  2   36[COMRAM] int 
  1750 ;; Registers used:
  1751 ;;		wreg, fsr1l, fsr1h, fsr2l, fsr2h, status,2, status,0, tblptrl, tblptrh, tblptru, prodl, prodh, cstack
  1752 ;; Tracked objects:
  1753 ;;		On entry : 0/0
  1754 ;;		On exit  : 0/0
  1755 ;;		Unchanged: 0/0
  1756 ;; Data sizes:     COMRAM   BANK0   BANK1   BANK2   BANK3   BANK4   BANK5   BANK6   BANK7   BANK8   BANK9  BANK10  BANK1
      +1  BANK12  BANK13  BANK14  BANK15  BANK16  BANK17  BANK18  BANK19  BANK20  BANK21  BANK22  BANK23  BANK24  BANK25  BANK2
      +6  BANK27  BANK28  BANK29  BANK30  BANK31
  1757 ;;      Params:         3       0       0       0       0       0       0       0       0       0       0       0       
      +0       0       0       0       0       0       0       0       0       0       0       0       0       0       0       
      +0       0       0       0       0       0
  1758 ;;      Locals:         1       0       0       0       0       0       0       0       0       0       0       0       
      +0       0       0       0       0       0       0       0       0       0       0       0       0       0       0       
      +0       0       0       0       0       0
  1759 ;;      Temps:          0       0       0       0       0       0       0       0       0       0       0       0       
      +0       0       0       0       0       0       0       0       0       0       0       0       0       0       0       
      +0       0       0       0       0       0
  1760 ;;      Totals:         4       0       0       0       0       0       0       0       0       0       0       0       
      +0       0       0       0       0       0       0       0       0       0       0       0       0       0       0       
      +0       0       0       0       0       0
  1761 ;;Total ram usage:        4 bytes
  1762 ;; Hardware stack levels used: 1
  1763 ;; Hardware stack levels required when called: 5
  1764 ;; This function calls:
  1765 ;;		_vfpfcnvrt
  1766 ;; This function is called by:
  1767 ;;		_sprintf
  1768 ;; This function uses a non-reentrant model
  1769 ;;
  1770                           
  1771                           	psect	text2
  1772   002B44                     __ptext2:
  1773                           	callstack 0
  1774   002B44                     _vfprintf:
  1775                           	callstack 24
  1776   002B44                     
  1777                           ;C:\Program Files\Microchip\xc8\v3.10\pic\sources\c99\common\doprnt.c: 1817: int vfprint
      +                          f(FILE *fp, const char *fmt, va_list ap);C:\Program Files\Microchip\xc8\v3.10\pic\source
      +                          s\c99\common\doprnt.c: 1818: {;C:\Program Files\Microchip\xc8\v3.10\pic\sources\c99\comm
      +                          on\doprnt.c: 1820:     char *cfmt;;C:\Program Files\Microchip\xc8\v3.10\pic\sources\c99\
      +                          common\doprnt.c: 1822:     cfmt = (char *)fmt;
  1778   002B44  C026  F028         	movff	vfprintf@fmt,vfprintf@cfmt
  1779                           
  1780                           ;C:\Program Files\Microchip\xc8\v3.10\pic\sources\c99\common\doprnt.c: 1826:     while (
      +                          *cfmt) {
  1781   002B48  EFAE  F015         	goto	l1888
  1782   002B4C                     l1886:
  1783                           
  1784                           ;C:\Program Files\Microchip\xc8\v3.10\pic\sources\c99\common\doprnt.c: 1830:    vfpfcnvr
      +                          t(fp, &cfmt, ap);
  1785   002B4C  C025  F01D         	movff	vfprintf@fp,vfpfcnvrt@fp
  1786   002B50  0E28               	movlw	low vfprintf@cfmt
  1787   002B52  6E1E               	movwf	vfpfcnvrt@fmt^0,c
  1788   002B54  C027  F01F         	movff	vfprintf@ap,vfpfcnvrt@ap
  1789   002B58  ECFA  F010         	call	_vfpfcnvrt	;wreg free
  1790   002B5C                     l1888:
  1791                           
  1792                           ;C:\Program Files\Microchip\xc8\v3.10\pic\sources\c99\common\doprnt.c: 1826:     while (
      +                          *cfmt) {
  1793   002B5C  0060  F0A3  FFF6   	movff	vfprintf@cfmt,tblptrl
  1794   002B62                     	if	1	;There is more than 1 active tblptr byte
  1795   002B62  0E20               	movlw	high __smallconst
  1796   002B64  6EF7               	movwf	tblptrh,c
  1797   002B66                     	endif
  1798   002B66                     	if	0	;tblptru may be non-zero
  1799   002B66                     	endif
  1800   002B66                     	if	1	;Program memory is > 0xFFFF, there are 3 active tblptr bytes
  1801   002B66  0E00               	movlw	low (__smallconst shr (0+16))
  1802   002B68  6EF8               	movwf	tblptru,c
  1803   002B6A                     	endif
  1804   002B6A  0008               	tblrd		*
  1805   002B6C  50F5               	movf	tablat,w,c
  1806   002B6E  0900               	iorlw	0
  1807   002B70  A4D8               	btfss	status,2,c
  1808   002B72  EFBD  F015         	goto	u991
  1809   002B76  EFBF  F015         	goto	u990
  1810   002B7A                     u991:
  1811   002B7A  EFA6  F015         	goto	l1886
  1812   002B7E                     u990:
  1813   002B7E                     
  1814                           ;C:\Program Files\Microchip\xc8\v3.10\pic\sources\c99\common\doprnt.c: 1835:  return 0;
  1815   002B7E  6A26               	clrf	(?_vfprintf+1)^0,c
  1816   002B80  0E00               	movlw	0
  1817   002B82  6E25               	movwf	?_vfprintf^0,c
  1818   002B84  0012               	return		;funcret
  1819   002B86                     __end_of_vfprintf:
  1820                           	callstack 0
  1821                           
  1822 ;; *************** function _vfpfcnvrt *****************
  1823 ;; Defined at:
  1824 ;;		line 1177 in file "C:\Program Files\Microchip\xc8\v3.10\pic\sources\c99\common\doprnt.c"
  1825 ;; Parameters:    Size  Location     Type
  1826 ;;  fp              1   28[COMRAM] PTR struct _IO_FILE
  1827 ;;		 -> sprintf@f(11), 
  1828 ;;  fmt             1   29[COMRAM] PTR PTR unsigned char 
  1829 ;;		 -> vfprintf@cfmt(1), 
  1830 ;;  ap              1   30[COMRAM] PTR PTR void 
  1831 ;;		 -> sprintf@ap(1), 
  1832 ;; Auto vars:     Size  Location     Type
  1833 ;;  convarg         4   31[COMRAM] struct .
  1834 ;;  cp              1   35[COMRAM] PTR unsigned char 
  1835 ;;		 -> STR_4(12), 
  1836 ;;  done            1    0        _Bool 
  1837 ;;  c               1    0        unsigned char 
  1838 ;; Return value:  Size  Location     Type
  1839 ;;                  1    wreg      void 
  1840 ;; Registers used:
  1841 ;;		wreg, fsr1l, fsr1h, fsr2l, fsr2h, status,2, status,0, tblptrl, tblptrh, tblptru, prodl, prodh, cstack
  1842 ;; Tracked objects:
  1843 ;;		On entry : 0/0
  1844 ;;		On exit  : 0/0
  1845 ;;		Unchanged: 0/0
  1846 ;; Data sizes:     COMRAM   BANK0   BANK1   BANK2   BANK3   BANK4   BANK5   BANK6   BANK7   BANK8   BANK9  BANK10  BANK1
      +1  BANK12  BANK13  BANK14  BANK15  BANK16  BANK17  BANK18  BANK19  BANK20  BANK21  BANK22  BANK23  BANK24  BANK25  BANK2
      +6  BANK27  BANK28  BANK29  BANK30  BANK31
  1847 ;;      Params:         3       0       0       0       0       0       0       0       0       0       0       0       
      +0       0       0       0       0       0       0       0       0       0       0       0       0       0       0       
      +0       0       0       0       0       0
  1848 ;;      Locals:         5       0       0       0       0       0       0       0       0       0       0       0       
      +0       0       0       0       0       0       0       0       0       0       0       0       0       0       0       
      +0       0       0       0       0       0
  1849 ;;      Temps:          0       0       0       0       0       0       0       0       0       0       0       0       
      +0       0       0       0       0       0       0       0       0       0       0       0       0       0       0       
      +0       0       0       0       0       0
  1850 ;;      Totals:         8       0       0       0       0       0       0       0       0       0       0       0       
      +0       0       0       0       0       0       0       0       0       0       0       0       0       0       0       
      +0       0       0       0       0       0
  1851 ;;Total ram usage:        8 bytes
  1852 ;; Hardware stack levels used: 1
  1853 ;; Hardware stack levels required when called: 4
  1854 ;; This function calls:
  1855 ;;		_fputc
  1856 ;;		_read_prec_or_width
  1857 ;;		_utoa
  1858 ;; This function is called by:
  1859 ;;		_vfprintf
  1860 ;; This function uses a non-reentrant model
  1861 ;;
  1862                           
  1863                           	psect	text3
  1864   0021F4                     __ptext3:
  1865                           	callstack 0
  1866   0021F4                     _vfpfcnvrt:
  1867                           	callstack 24
  1868   0021F4                     
  1869                           ;C:\Program Files\Microchip\xc8\v3.10\pic\sources\c99\common\doprnt.c: 1177: vfpfcnvrt(F
      +                          ILE *fp, char *fmt[], va_list ap);C:\Program Files\Microchip\xc8\v3.10\pic\sources\c99\c
      +                          ommon\doprnt.c: 1178: {;C:\Program Files\Microchip\xc8\v3.10\pic\sources\c99\common\dopr
      +                          nt.c: 1179:     char c, *cp;;C:\Program Files\Microchip\xc8\v3.10\pic\sources\c99\common
      +                          \doprnt.c: 1180:     _Bool done;;C:\Program Files\Microchip\xc8\v3.10\pic\sources\c99\co
      +                          mmon\doprnt.c: 1188:  } convarg;;C:\Program Files\Microchip\xc8\v3.10\pic\sources\c99\co
      +                          mmon\doprnt.c: 1201:     if ((*fmt)[0] == '%') {
  1870   0021F4  501E               	movf	vfpfcnvrt@fmt^0,w,c
  1871   0021F6  6ED9               	movwf	fsr2l,c
  1872   0021F8  6ADA               	clrf	fsr2h,c
  1873   0021FA  006F FF7F FFF6     	movff	indf2,tblptrl
  1874   002200                     	if	1	;There is more than 1 active tblptr byte
  1875   002200  0E20               	movlw	high __smallconst
  1876   002202  6EF7               	movwf	tblptrh,c
  1877   002204                     	endif
  1878   002204                     	if	0	;tblptru may be non-zero
  1879   002204                     	endif
  1880   002204                     	if	1	;Program memory is > 0xFFFF, there are 3 active tblptr bytes
  1881   002204  0E00               	movlw	low (__smallconst shr (0+16))
  1882   002206  6EF8               	movwf	tblptru,c
  1883   002208                     	endif
  1884   002208  0008               	tblrd		*
  1885   00220A  50F5               	movf	tablat,w,c
  1886   00220C  0A25               	xorlw	37
  1887   00220E  A4D8               	btfss	status,2,c
  1888   002210  EF0C  F011         	goto	u901
  1889   002214  EF0E  F011         	goto	u900
  1890   002218                     u901:
  1891   002218  EF79  F011         	goto	l1822
  1892   00221C                     u900:
  1893   00221C                     
  1894                           ;C:\Program Files\Microchip\xc8\v3.10\pic\sources\c99\common\doprnt.c: 1202:         ++*
      +                          fmt;
  1895   00221C  501E               	movf	vfpfcnvrt@fmt^0,w,c
  1896   00221E  6ED9               	movwf	fsr2l,c
  1897   002220  6ADA               	clrf	fsr2h,c
  1898   002222  2ADF               	incf	indf2,f,c
  1899   002224                     
  1900                           ;C:\Program Files\Microchip\xc8\v3.10\pic\sources\c99\common\doprnt.c: 1204:         fla
      +                          gs = width = 0;
  1901   002224  6A50               	clrf	(_width+1)^0,c
  1902   002226  0E00               	movlw	0
  1903   002228  6E4F               	movwf	_width^0,c
  1904   00222A  C04F  F055         	movff	_width,_flags
  1905   00222E                     
  1906                           ;C:\Program Files\Microchip\xc8\v3.10\pic\sources\c99\common\doprnt.c: 1205:         pre
      +                          c = -1;
  1907   00222E  6851               	setf	_prec^0,c
  1908   002230  6852               	setf	(_prec+1)^0,c
  1909   002232                     
  1910                           ;C:\Program Files\Microchip\xc8\v3.10\pic\sources\c99\common\doprnt.c: 1256:   width = r
      +                          ead_prec_or_width(fmt, ap);
  1911   002232  C01E  F001         	movff	vfpfcnvrt@fmt,read_prec_or_width@fmt
  1912   002236  C01F  F002         	movff	vfpfcnvrt@ap,read_prec_or_width@ap
  1913   00223A  ECB6  F012         	call	_read_prec_or_width	;wreg free
  1914   00223E  C001  F04F         	movff	?_read_prec_or_width,_width
  1915   002242  C002  F050         	movff	?_read_prec_or_width+1,_width+1
  1916   002246                     
  1917                           ;C:\Program Files\Microchip\xc8\v3.10\pic\sources\c99\common\doprnt.c: 1257:   if (width
      +                           < 0) {
  1918   002246  BE50               	btfsc	(_width+1)^0,7,c
  1919   002248  EF2A  F011         	goto	u910
  1920   00224C  EF28  F011         	goto	u911
  1921   002250                     u911:
  1922   002250  EF2F  F011         	goto	l1802
  1923   002254                     u910:
  1924   002254                     
  1925                           ;C:\Program Files\Microchip\xc8\v3.10\pic\sources\c99\common\doprnt.c: 1258:    flags |=
      +                           (1 << 0);
  1926   002254  8055               	bsf	_flags^0,0,c
  1927                           
  1928                           ;C:\Program Files\Microchip\xc8\v3.10\pic\sources\c99\common\doprnt.c: 1259:    width = 
      +                          -width;
  1929   002256  6C4F               	negf	_width^0,c
  1930   002258  1E50               	comf	(_width+1)^0,f,c
  1931   00225A  B0D8               	btfsc	status,0,c
  1932   00225C  2A50               	incf	(_width+1)^0,f,c
  1933   00225E                     l1802:
  1934                           
  1935                           ;C:\Program Files\Microchip\xc8\v3.10\pic\sources\c99\common\doprnt.c: 1439:   if (0
  1936   00225E  501E               	movf	vfpfcnvrt@fmt^0,w,c
  1937   002260  6ED9               	movwf	fsr2l,c
  1938   002262  6ADA               	clrf	fsr2h,c
  1939   002264  50DF               	movf	indf2,w,c
  1940   002266  6E24               	movwf	vfpfcnvrt@cp^0,c
  1941   002268  0060  F093  FFF6   	movff	vfpfcnvrt@cp,tblptrl
  1942   00226E                     	if	1	;There is more than 1 active tblptr byte
  1943   00226E  0E20               	movlw	high __smallconst
  1944   002270  6EF7               	movwf	tblptrh,c
  1945   002272                     	endif
  1946   002272                     	if	0	;tblptru may be non-zero
  1947   002272                     	endif
  1948   002272                     	if	1	;Program memory is > 0xFFFF, there are 3 active tblptr bytes
  1949   002272  0E00               	movlw	low (__smallconst shr (0+16))
  1950   002274  6EF8               	movwf	tblptru,c
  1951   002276                     	endif
  1952   002276  0008               	tblrd		*
  1953   002278  50F5               	movf	tablat,w,c
  1954   00227A  0A75               	xorlw	117
  1955   00227C  A4D8               	btfss	status,2,c
  1956   00227E  EF43  F011         	goto	u921
  1957   002282  EF45  F011         	goto	u920
  1958   002286                     u921:
  1959   002286  EF73  F011         	goto	l1818
  1960   00228A                     u920:
  1961   00228A                     
  1962                           ;C:\Program Files\Microchip\xc8\v3.10\pic\sources\c99\common\doprnt.c: 1452:     ) {;C:\
      +                          Program Files\Microchip\xc8\v3.10\pic\sources\c99\common\doprnt.c: 1495:    convarg.uint
      +                           = (vfpf_uint_t)(unsigned int)(*(unsigned int *)__va_arg(*(unsigned int **)ap, (unsigned
      +                           int)0));
  1963   00228A  501F               	movf	vfpfcnvrt@ap^0,w,c
  1964   00228C  6ED9               	movwf	fsr2l,c
  1965   00228E  6ADA               	clrf	fsr2h,c
  1966   002290  0E02               	movlw	2
  1967   002292  26DF               	addwf	indf2,f,c
  1968   002294  5CDF               	subwf	indf2,w,c
  1969   002296  6ED9               	movwf	fsr2l,c
  1970   002298  6ADA               	clrf	fsr2h,c
  1971   00229A  006F FF78  F020    	movff	postinc2,vfpfcnvrt@convarg
  1972   0022A0  006F FF78  F021    	movff	postinc2,vfpfcnvrt@convarg+1
  1973   0022A6                     
  1974                           ;C:\Program Files\Microchip\xc8\v3.10\pic\sources\c99\common\doprnt.c: 1497:    *fmt = c
      +                          p+1;
  1975   0022A6  501E               	movf	vfpfcnvrt@fmt^0,w,c
  1976   0022A8  6ED9               	movwf	fsr2l,c
  1977   0022AA  6ADA               	clrf	fsr2h,c
  1978   0022AC  2824               	incf	vfpfcnvrt@cp^0,w,c
  1979   0022AE  6EDF               	movwf	indf2,c
  1980                           
  1981                           ;C:\Program Files\Microchip\xc8\v3.10\pic\sources\c99\common\doprnt.c: 1498:    switch (
      +                          *cp) {
  1982   0022B0  EF64  F011         	goto	l1816
  1983   0022B4                     l1810:
  1984                           
  1985                           ;C:\Program Files\Microchip\xc8\v3.10\pic\sources\c99\common\doprnt.c: 1542:      return
      +                           (void) utoa(fp, convarg.uint);;	Return value of _vfpfcnvrt is never used
  1986   0022B4  C01D  F015         	movff	vfpfcnvrt@fp,utoa@fp
  1987   0022B8  C020  F016         	movff	vfpfcnvrt@convarg,utoa@d
  1988   0022BC  C021  F017         	movff	vfpfcnvrt@convarg+1,utoa@d+1
  1989   0022C0  EC11  F013         	call	_utoa	;wreg free
  1990   0022C4  EF8D  F011         	goto	l1064
  1991   0022C8                     l1816:
  1992   0022C8  0060  F093  FFF6   	movff	vfpfcnvrt@cp,tblptrl
  1993   0022CE                     	if	1	;There is more than 1 active tblptr byte
  1994   0022CE  0E20               	movlw	high __smallconst
  1995   0022D0  6EF7               	movwf	tblptrh,c
  1996   0022D2                     	endif
  1997   0022D2                     	if	0	;tblptru may be non-zero
  1998   0022D2                     	endif
  1999   0022D2                     	if	1	;Program memory is > 0xFFFF, there are 3 active tblptr bytes
  2000   0022D2  0E00               	movlw	low (__smallconst shr (0+16))
  2001   0022D4  6EF8               	movwf	tblptru,c
  2002   0022D6                     	endif
  2003   0022D6  0008               	tblrd		*
  2004   0022D8  50F5               	movf	tablat,w,c
  2005                           
  2006                           ; Switch size 1, requested type "simple"
  2007                           ; Number of cases is 1, Range of values is 117 to 117
  2008                           ; switch strategies available:
  2009                           ; Name         Instructions Cycles
  2010                           ; simple_byte            4     3 (average)
  2011                           ;	Chosen strategy is simple_byte
  2012   0022DA  0A75               	xorlw	117	; case 117
  2013   0022DC  B4D8               	btfsc	status,2,c
  2014   0022DE  EF5A  F011         	goto	l1810
  2015   0022E2  EF73  F011         	goto	l1818
  2016   0022E6                     l1818:
  2017                           
  2018                           ;C:\Program Files\Microchip\xc8\v3.10\pic\sources\c99\common\doprnt.c: 1806:         ++*
      +                          fmt;
  2019   0022E6  501E               	movf	vfpfcnvrt@fmt^0,w,c
  2020   0022E8  6ED9               	movwf	fsr2l,c
  2021   0022EA  6ADA               	clrf	fsr2h,c
  2022   0022EC  2ADF               	incf	indf2,f,c
  2023   0022EE  EF8D  F011         	goto	l1064
  2024   0022F2                     l1822:
  2025                           
  2026                           ;C:\Program Files\Microchip\xc8\v3.10\pic\sources\c99\common\doprnt.c: 1811:     fputc((
      +                          int)(*fmt)[0], fp);
  2027   0022F2  501E               	movf	vfpfcnvrt@fmt^0,w,c
  2028   0022F4  6ED9               	movwf	fsr2l,c
  2029   0022F6  6ADA               	clrf	fsr2h,c
  2030   0022F8  006F FF7F FFF6     	movff	indf2,tblptrl
  2031   0022FE                     	if	1	;There is more than 1 active tblptr byte
  2032   0022FE  0E20               	movlw	high __smallconst
  2033   002300  6EF7               	movwf	tblptrh,c
  2034   002302                     	endif
  2035   002302                     	if	0	;tblptru may be non-zero
  2036   002302                     	endif
  2037   002302                     	if	1	;Program memory is > 0xFFFF, there are 3 active tblptr bytes
  2038   002302  0E00               	movlw	low (__smallconst shr (0+16))
  2039   002304  6EF8               	movwf	tblptru,c
  2040   002306                     	endif
  2041   002306  0008               	tblrd		*
  2042   002308  50F5               	movf	tablat,w,c
  2043   00230A  6E01               	movwf	fputc@c^0,c
  2044   00230C  6A02               	clrf	(fputc@c+1)^0,c
  2045   00230E  C01D  F003         	movff	vfpfcnvrt@fp,fputc@fp
  2046   002312  EC68  F013         	call	_fputc	;wreg free
  2047   002316  EF73  F011         	goto	l1818
  2048   00231A                     l1064:
  2049   00231A  0012               	return		;funcret
  2050   00231C                     __end_of_vfpfcnvrt:
  2051                           	callstack 0
  2052                           
  2053 ;; *************** function _utoa *****************
  2054 ;; Defined at:
  2055 ;;		line 1001 in file "C:\Program Files\Microchip\xc8\v3.10\pic\sources\c99\common\doprnt.c"
  2056 ;; Parameters:    Size  Location     Type
  2057 ;;  fp              1   20[COMRAM] PTR struct _IO_FILE
  2058 ;;		 -> sprintf@f(11), 
  2059 ;;  d               2   21[COMRAM] unsigned int 
  2060 ;; Auto vars:     Size  Location     Type
  2061 ;;  i               2   26[COMRAM] int 
  2062 ;;  w               2   23[COMRAM] int 
  2063 ;;  p               1   25[COMRAM] _Bool 
  2064 ;; Return value:  Size  Location     Type
  2065 ;;                  1    wreg      void 
  2066 ;; Registers used:
  2067 ;;		wreg, fsr1l, fsr1h, fsr2l, fsr2h, status,2, status,0, cstack
  2068 ;; Tracked objects:
  2069 ;;		On entry : 0/0
  2070 ;;		On exit  : 0/0
  2071 ;;		Unchanged: 0/0
  2072 ;; Data sizes:     COMRAM   BANK0   BANK1   BANK2   BANK3   BANK4   BANK5   BANK6   BANK7   BANK8   BANK9  BANK10  BANK1
      +1  BANK12  BANK13  BANK14  BANK15  BANK16  BANK17  BANK18  BANK19  BANK20  BANK21  BANK22  BANK23  BANK24  BANK25  BANK2
      +6  BANK27  BANK28  BANK29  BANK30  BANK31
  2073 ;;      Params:         3       0       0       0       0       0       0       0       0       0       0       0       
      +0       0       0       0       0       0       0       0       0       0       0       0       0       0       0       
      +0       0       0       0       0       0
  2074 ;;      Locals:         5       0       0       0       0       0       0       0       0       0       0       0       
      +0       0       0       0       0       0       0       0       0       0       0       0       0       0       0       
      +0       0       0       0       0       0
  2075 ;;      Temps:          0       0       0       0       0       0       0       0       0       0       0       0       
      +0       0       0       0       0       0       0       0       0       0       0       0       0       0       0       
      +0       0       0       0       0       0
  2076 ;;      Totals:         8       0       0       0       0       0       0       0       0       0       0       0       
      +0       0       0       0       0       0       0       0       0       0       0       0       0       0       0       
      +0       0       0       0       0       0
  2077 ;;Total ram usage:        8 bytes
  2078 ;; Hardware stack levels used: 1
  2079 ;; Hardware stack levels required when called: 3
  2080 ;; This function calls:
  2081 ;;		___lwdiv
  2082 ;;		___lwmod
  2083 ;;		_pad
  2084 ;; This function is called by:
  2085 ;;		_vfpfcnvrt
  2086 ;; This function uses a non-reentrant model
  2087 ;;
  2088                           
  2089                           	psect	text4
  2090   002622                     __ptext4:
  2091                           	callstack 0
  2092   002622                     _utoa:
  2093                           	callstack 24
  2094   002622                     
  2095                           ;C:\Program Files\Microchip\xc8\v3.10\pic\sources\c99\common\doprnt.c: 1001: static void
      +                           utoa(FILE *fp, vfpf_uint_t d);C:\Program Files\Microchip\xc8\v3.10\pic\sources\c99\comm
      +                          on\doprnt.c: 1002: {;C:\Program Files\Microchip\xc8\v3.10\pic\sources\c99\common\doprnt.
      +                          c: 1003:     int i, w;;C:\Program Files\Microchip\xc8\v3.10\pic\sources\c99\common\doprn
      +                          t.c: 1007:  _Bool p = 1;
  2096   002622  0E01               	movlw	1
  2097   002624  6E1A               	movwf	utoa@p^0,c
  2098   002626                     
  2099                           ;C:\Program Files\Microchip\xc8\v3.10\pic\sources\c99\common\doprnt.c: 1019:     w = wid
      +                          th;
  2100   002626  C04F  F018         	movff	_width,utoa@w
  2101   00262A  C050  F019         	movff	_width+1,utoa@w+1
  2102                           
  2103                           ;C:\Program Files\Microchip\xc8\v3.10\pic\sources\c99\common\doprnt.c: 1022:     i = siz
      +                          eof(dbuf) - 1;
  2104   00262E  6A1C               	clrf	(utoa@i+1)^0,c
  2105   002630  0E1F               	movlw	31
  2106   002632  6E1B               	movwf	utoa@i^0,c
  2107   002634                     
  2108                           ;C:\Program Files\Microchip\xc8\v3.10\pic\sources\c99\common\doprnt.c: 1023:     dbuf[i]
      +                           = '\0';
  2109   002634  0100               	movlb	0	; () banked
  2110   002636  6B7F               	clrf	(_dbuf+31)& (0+255),b
  2111                           
  2112                           ;C:\Program Files\Microchip\xc8\v3.10\pic\sources\c99\common\doprnt.c: 1024:     while (
      +                          i && (d != 0
  2113   002638  EF42  F013         	goto	l1744
  2114   00263C                     l1734:
  2115                           
  2116                           ;C:\Program Files\Microchip\xc8\v3.10\pic\sources\c99\common\doprnt.c: 1033:     )) {;C:
      +                          \Program Files\Microchip\xc8\v3.10\pic\sources\c99\common\doprnt.c: 1034:         --i;
  2117   00263C  061B               	decf	utoa@i^0,f,c
  2118   00263E  A0D8               	btfss	status,0,c
  2119   002640  061C               	decf	(utoa@i+1)^0,f,c
  2120   002642                     
  2121                           ;C:\Program Files\Microchip\xc8\v3.10\pic\sources\c99\common\doprnt.c: 1035:         dbu
      +                          f[i] = '0' + (d % 10);
  2122   002642  501B               	movf	utoa@i^0,w,c
  2123   002644  0F60               	addlw	low _dbuf
  2124   002646  6ED9               	movwf	fsr2l,c
  2125   002648  6ADA               	clrf	fsr2h,c
  2126   00264A  C016  F001         	movff	utoa@d,___lwmod@dividend
  2127   00264E  C017  F002         	movff	utoa@d+1,___lwmod@dividend+1
  2128   002652  6A04               	clrf	(___lwmod@divisor+1)^0,c
  2129   002654  0E0A               	movlw	10
  2130   002656  6E03               	movwf	___lwmod@divisor^0,c
  2131   002658  EC45  F015         	call	___lwmod	;wreg free
  2132   00265C  5001               	movf	?___lwmod^0,w,c
  2133   00265E  0F30               	addlw	48
  2134   002660  6EDF               	movwf	indf2,c
  2135   002662                     
  2136                           ;C:\Program Files\Microchip\xc8\v3.10\pic\sources\c99\common\doprnt.c: 1039:   p = 0;
  2137   002662  6A1A               	clrf	utoa@p^0,c
  2138   002664                     
  2139                           ;C:\Program Files\Microchip\xc8\v3.10\pic\sources\c99\common\doprnt.c: 1041:         --w
      +                          ;
  2140   002664  0618               	decf	utoa@w^0,f,c
  2141   002666  A0D8               	btfss	status,0,c
  2142   002668  0619               	decf	(utoa@w+1)^0,f,c
  2143   00266A                     
  2144                           ;C:\Program Files\Microchip\xc8\v3.10\pic\sources\c99\common\doprnt.c: 1042:         d =
      +                           d / 10;
  2145   00266A  C016  F001         	movff	utoa@d,___lwdiv@dividend
  2146   00266E  C017  F002         	movff	utoa@d+1,___lwdiv@dividend+1
  2147   002672  6A04               	clrf	(___lwdiv@divisor+1)^0,c
  2148   002674  0E0A               	movlw	10
  2149   002676  6E03               	movwf	___lwdiv@divisor^0,c
  2150   002678  ECA3  F014         	call	___lwdiv	;wreg free
  2151   00267C  C001  F016         	movff	?___lwdiv,utoa@d
  2152   002680  C002  F017         	movff	?___lwdiv+1,utoa@d+1
  2153   002684                     l1744:
  2154                           
  2155                           ;C:\Program Files\Microchip\xc8\v3.10\pic\sources\c99\common\doprnt.c: 1024:     while (
      +                          i && (d != 0
  2156   002684  501B               	movf	utoa@i^0,w,c
  2157   002686  101C               	iorwf	(utoa@i+1)^0,w,c
  2158   002688  B4D8               	btfsc	status,2,c
  2159   00268A  EF49  F013         	goto	u821
  2160   00268E  EF4B  F013         	goto	u820
  2161   002692                     u821:
  2162   002692  EF5C  F013         	goto	l1750
  2163   002696                     u820:
  2164   002696  5016               	movf	utoa@d^0,w,c
  2165   002698  1017               	iorwf	(utoa@d+1)^0,w,c
  2166   00269A  A4D8               	btfss	status,2,c
  2167   00269C  EF52  F013         	goto	u831
  2168   0026A0  EF54  F013         	goto	u830
  2169   0026A4                     u831:
  2170   0026A4  EF1E  F013         	goto	l1734
  2171   0026A8                     u830:
  2172   0026A8  501A               	movf	utoa@p^0,w,c
  2173   0026AA  A4D8               	btfss	status,2,c
  2174   0026AC  EF5A  F013         	goto	u841
  2175   0026B0  EF5C  F013         	goto	u840
  2176   0026B4                     u841:
  2177   0026B4  EF1E  F013         	goto	l1734
  2178   0026B8                     u840:
  2179   0026B8                     l1750:
  2180                           
  2181                           ;C:\Program Files\Microchip\xc8\v3.10\pic\sources\c99\common\doprnt.c: 1046:     return 
      +                          (void) pad(fp, &dbuf[i], w);
  2182   0026B8  C015  F00E         	movff	utoa@fp,pad@fp
  2183   0026BC  501B               	movf	utoa@i^0,w,c
  2184   0026BE  0F60               	addlw	low _dbuf
  2185   0026C0  6E0F               	movwf	pad@buf^0,c
  2186   0026C2  C018  F010         	movff	utoa@w,pad@p
  2187   0026C6  C019  F011         	movff	utoa@w+1,pad@p+1
  2188   0026CA  EC61  F014         	call	_pad	;wreg free
  2189   0026CE  0012               	return		;funcret
  2190   0026D0                     __end_of_utoa:
  2191                           	callstack 0
  2192                           
  2193 ;; *************** function _pad *****************
  2194 ;; Defined at:
  2195 ;;		line 193 in file "C:\Program Files\Microchip\xc8\v3.10\pic\sources\c99\common\doprnt.c"
  2196 ;; Parameters:    Size  Location     Type
  2197 ;;  fp              1   13[COMRAM] PTR struct _IO_FILE
  2198 ;;		 -> sprintf@f(11), 
  2199 ;;  buf             1   14[COMRAM] PTR unsigned char 
  2200 ;;		 -> dbuf(32), 
  2201 ;;  p               2   15[COMRAM] int 
  2202 ;; Auto vars:     Size  Location     Type
  2203 ;;  i               2   18[COMRAM] int 
  2204 ;; Return value:  Size  Location     Type
  2205 ;;                  1    wreg      void 
  2206 ;; Registers used:
  2207 ;;		wreg, fsr1l, fsr1h, fsr2l, fsr2h, status,2, status,0, cstack
  2208 ;; Tracked objects:
  2209 ;;		On entry : 0/0
  2210 ;;		On exit  : 0/0
  2211 ;;		Unchanged: 0/0
  2212 ;; Data sizes:     COMRAM   BANK0   BANK1   BANK2   BANK3   BANK4   BANK5   BANK6   BANK7   BANK8   BANK9  BANK10  BANK1
      +1  BANK12  BANK13  BANK14  BANK15  BANK16  BANK17  BANK18  BANK19  BANK20  BANK21  BANK22  BANK23  BANK24  BANK25  BANK2
      +6  BANK27  BANK28  BANK29  BANK30  BANK31
  2213 ;;      Params:         4       0       0       0       0       0       0       0       0       0       0       0       
      +0       0       0       0       0       0       0       0       0       0       0       0       0       0       0       
      +0       0       0       0       0       0
  2214 ;;      Locals:         2       0       0       0       0       0       0       0       0       0       0       0       
      +0       0       0       0       0       0       0       0       0       0       0       0       0       0       0       
      +0       0       0       0       0       0
  2215 ;;      Temps:          1       0       0       0       0       0       0       0       0       0       0       0       
      +0       0       0       0       0       0       0       0       0       0       0       0       0       0       0       
      +0       0       0       0       0       0
  2216 ;;      Totals:         7       0       0       0       0       0       0       0       0       0       0       0       
      +0       0       0       0       0       0       0       0       0       0       0       0       0       0       0       
      +0       0       0       0       0       0
  2217 ;;Total ram usage:        7 bytes
  2218 ;; Hardware stack levels used: 1
  2219 ;; Hardware stack levels required when called: 2
  2220 ;; This function calls:
  2221 ;;		_fputc
  2222 ;;		_fputs
  2223 ;; This function is called by:
  2224 ;;		_utoa
  2225 ;; This function uses a non-reentrant model
  2226 ;;
  2227                           
  2228                           	psect	text5
  2229   0028C2                     __ptext5:
  2230                           	callstack 0
  2231   0028C2                     _pad:
  2232                           	callstack 24
  2233   0028C2                     
  2234                           ;C:\Program Files\Microchip\xc8\v3.10\pic\sources\c99\common\doprnt.c: 193: static void 
      +                          pad(FILE *fp, char *buf, int p);C:\Program Files\Microchip\xc8\v3.10\pic\sources\c99\com
      +                          mon\doprnt.c: 194: {;C:\Program Files\Microchip\xc8\v3.10\pic\sources\c99\common\doprnt.
      +                          c: 195:     int i;;C:\Program Files\Microchip\xc8\v3.10\pic\sources\c99\common\doprnt.c:
      +                           199:     if (flags & (1 << 0)) {
  2235   0028C2  A055               	btfss	_flags^0,0,c
  2236   0028C4  EF66  F014         	goto	u731
  2237   0028C8  EF68  F014         	goto	u730
  2238   0028CC                     u731:
  2239   0028CC  EF6E  F014         	goto	l1684
  2240   0028D0                     u730:
  2241   0028D0                     
  2242                           ;C:\Program Files\Microchip\xc8\v3.10\pic\sources\c99\common\doprnt.c: 200:         fput
      +                          s((const char *)buf, fp);
  2243   0028D0  C00F  F009         	movff	pad@buf,fputs@s
  2244   0028D4  C00E  F00A         	movff	pad@fp,fputs@fp
  2245   0028D8  ECE3  F015         	call	_fputs	;wreg free
  2246   0028DC                     l1684:
  2247                           
  2248                           ;C:\Program Files\Microchip\xc8\v3.10\pic\sources\c99\common\doprnt.c: 205:  if (p < 0) 
      +                          {
  2249   0028DC  BE11               	btfsc	(pad@p+1)^0,7,c
  2250   0028DE  EF75  F014         	goto	u740
  2251   0028E2  EF73  F014         	goto	u741
  2252   0028E6                     u741:
  2253   0028E6  EF78  F014         	goto	l1033
  2254   0028EA                     u740:
  2255   0028EA                     
  2256                           ;C:\Program Files\Microchip\xc8\v3.10\pic\sources\c99\common\doprnt.c: 206:   p = 0;
  2257   0028EA  6A11               	clrf	(pad@p+1)^0,c
  2258   0028EC  0E00               	movlw	0
  2259   0028EE  6E10               	movwf	pad@p^0,c
  2260   0028F0                     l1033:
  2261                           
  2262                           ;C:\Program Files\Microchip\xc8\v3.10\pic\sources\c99\common\doprnt.c: 208:     i = 0;
  2263   0028F0  6A14               	clrf	(pad@i+1)^0,c
  2264   0028F2  0E00               	movlw	0
  2265   0028F4  6E13               	movwf	pad@i^0,c
  2266                           
  2267                           ;C:\Program Files\Microchip\xc8\v3.10\pic\sources\c99\common\doprnt.c: 209:     while (i
      +                           < p) {
  2268   0028F6  EF86  F014         	goto	l1692
  2269   0028FA                     l1688:
  2270                           
  2271                           ;C:\Program Files\Microchip\xc8\v3.10\pic\sources\c99\common\doprnt.c: 210:         fput
      +                          c(' ', fp);
  2272   0028FA  6A02               	clrf	(fputc@c+1)^0,c
  2273   0028FC  0E20               	movlw	32
  2274   0028FE  6E01               	movwf	fputc@c^0,c
  2275   002900  C00E  F003         	movff	pad@fp,fputc@fp
  2276   002904  EC68  F013         	call	_fputc	;wreg free
  2277   002908                     
  2278                           ;C:\Program Files\Microchip\xc8\v3.10\pic\sources\c99\common\doprnt.c: 211:         ++i;
  2279   002908  4A13               	infsnz	pad@i^0,f,c
  2280   00290A  2A14               	incf	(pad@i+1)^0,f,c
  2281   00290C                     l1692:
  2282                           
  2283                           ;C:\Program Files\Microchip\xc8\v3.10\pic\sources\c99\common\doprnt.c: 209:     while (i
      +                           < p) {
  2284   00290C  5010               	movf	pad@p^0,w,c
  2285   00290E  5C13               	subwf	pad@i^0,w,c
  2286   002910  5014               	movf	(pad@i+1)^0,w,c
  2287   002912  0A80               	xorlw	128
  2288   002914  6E12               	movwf	??_pad^0,c
  2289   002916  5011               	movf	(pad@p+1)^0,w,c
  2290   002918  0A80               	xorlw	128
  2291   00291A  5812               	subwfb	??_pad^0,w,c
  2292   00291C  A0D8               	btfss	status,0,c
  2293   00291E  EF93  F014         	goto	u751
  2294   002922  EF95  F014         	goto	u750
  2295   002926                     u751:
  2296   002926  EF7D  F014         	goto	l1688
  2297   00292A                     u750:
  2298   00292A                     
  2299                           ;C:\Program Files\Microchip\xc8\v3.10\pic\sources\c99\common\doprnt.c: 216:     if (!(fl
      +                          ags & (1 << 0))) {
  2300   00292A  B055               	btfsc	_flags^0,0,c
  2301   00292C  EF9A  F014         	goto	u761
  2302   002930  EF9C  F014         	goto	u760
  2303   002934                     u761:
  2304   002934  EFA2  F014         	goto	l1038
  2305   002938                     u760:
  2306   002938                     
  2307                           ;C:\Program Files\Microchip\xc8\v3.10\pic\sources\c99\common\doprnt.c: 218:         fput
      +                          s((const char *)buf, fp);
  2308   002938  C00F  F009         	movff	pad@buf,fputs@s
  2309   00293C  C00E  F00A         	movff	pad@fp,fputs@fp
  2310   002940  ECE3  F015         	call	_fputs	;wreg free
  2311   002944                     l1038:
  2312   002944  0012               	return		;funcret
  2313   002946                     __end_of_pad:
  2314                           	callstack 0
  2315                           
  2316 ;; *************** function _fputs *****************
  2317 ;; Defined at:
  2318 ;;		line 8 in file "C:\Program Files\Microchip\xc8\v3.10\pic\sources\c99\common\nf_fputs.c"
  2319 ;; Parameters:    Size  Location     Type
  2320 ;;  s               1    8[COMRAM] PTR const unsigned char 
  2321 ;;		 -> dbuf(32), 
  2322 ;;  fp              1    9[COMRAM] PTR struct _IO_FILE
  2323 ;;		 -> sprintf@f(11), 
  2324 ;; Auto vars:     Size  Location     Type
  2325 ;;  i               2   11[COMRAM] int 
  2326 ;;  c               1   10[COMRAM] unsigned char 
  2327 ;; Return value:  Size  Location     Type
  2328 ;;                  2    8[COMRAM] int 
  2329 ;; Registers used:
  2330 ;;		wreg, fsr1l, fsr1h, fsr2l, fsr2h, status,2, status,0, cstack
  2331 ;; Tracked objects:
  2332 ;;		On entry : 0/0
  2333 ;;		On exit  : 0/0
  2334 ;;		Unchanged: 0/0
  2335 ;; Data sizes:     COMRAM   BANK0   BANK1   BANK2   BANK3   BANK4   BANK5   BANK6   BANK7   BANK8   BANK9  BANK10  BANK1
      +1  BANK12  BANK13  BANK14  BANK15  BANK16  BANK17  BANK18  BANK19  BANK20  BANK21  BANK22  BANK23  BANK24  BANK25  BANK2
      +6  BANK27  BANK28  BANK29  BANK30  BANK31
  2336 ;;      Params:         2       0       0       0       0       0       0       0       0       0       0       0       
      +0       0       0       0       0       0       0       0       0       0       0       0       0       0       0       
      +0       0       0       0       0       0
  2337 ;;      Locals:         3       0       0       0       0       0       0       0       0       0       0       0       
      +0       0       0       0       0       0       0       0       0       0       0       0       0       0       0       
      +0       0       0       0       0       0
  2338 ;;      Temps:          0       0       0       0       0       0       0       0       0       0       0       0       
      +0       0       0       0       0       0       0       0       0       0       0       0       0       0       0       
      +0       0       0       0       0       0
  2339 ;;      Totals:         5       0       0       0       0       0       0       0       0       0       0       0       
      +0       0       0       0       0       0       0       0       0       0       0       0       0       0       0       
      +0       0       0       0       0       0
  2340 ;;Total ram usage:        5 bytes
  2341 ;; Hardware stack levels used: 1
  2342 ;; Hardware stack levels required when called: 1
  2343 ;; This function calls:
  2344 ;;		_fputc
  2345 ;; This function is called by:
  2346 ;;		_pad
  2347 ;; This function uses a non-reentrant model
  2348 ;;
  2349                           
  2350                           	psect	text6
  2351   002BC6                     __ptext6:
  2352                           	callstack 0
  2353   002BC6                     _fputs:
  2354                           	callstack 24
  2355   002BC6  6A0D               	clrf	(fputs@i+1)^0,c
  2356   002BC8  0E00               	movlw	0
  2357   002BCA  6E0C               	movwf	fputs@i^0,c
  2358   002BCC  EFF1  F015         	goto	l1640
  2359   002BD0                     l1636:
  2360   002BD0  C00B  F001         	movff	fputs@c,fputc@c
  2361   002BD4  6A02               	clrf	(fputc@c+1)^0,c
  2362   002BD6  C00A  F003         	movff	fputs@fp,fputc@fp
  2363   002BDA  EC68  F013         	call	_fputc	;wreg free
  2364   002BDE  4A0C               	infsnz	fputs@i^0,f,c
  2365   002BE0  2A0D               	incf	(fputs@i+1)^0,f,c
  2366   002BE2                     l1640:
  2367   002BE2  5009               	movf	fputs@s^0,w,c
  2368   002BE4  240C               	addwf	fputs@i^0,w,c
  2369   002BE6  6ED9               	movwf	fsr2l,c
  2370   002BE8  6ADA               	clrf	fsr2h,c
  2371   002BEA  50DF               	movf	indf2,w,c
  2372   002BEC  6E0B               	movwf	fputs@c^0,c
  2373   002BEE  500B               	movf	fputs@c^0,w,c
  2374   002BF0  A4D8               	btfss	status,2,c
  2375   002BF2  EFFD  F015         	goto	u661
  2376   002BF6  EFFF  F015         	goto	u660
  2377   002BFA                     u661:
  2378   002BFA  EFE8  F015         	goto	l1636
  2379   002BFE                     u660:
  2380   002BFE  0012               	return		;funcret
  2381   002C00                     __end_of_fputs:
  2382                           	callstack 0
  2383                           
  2384 ;; *************** function _fputc *****************
  2385 ;; Defined at:
  2386 ;;		line 8 in file "C:\Program Files\Microchip\xc8\v3.10\pic\sources\c99\common\nf_fputc.c"
  2387 ;; Parameters:    Size  Location     Type
  2388 ;;  c               2    0[COMRAM] int 
  2389 ;;  fp              1    2[COMRAM] PTR struct _IO_FILE
  2390 ;;		 -> sprintf@f(11), 
  2391 ;; Auto vars:     Size  Location     Type
  2392 ;;		None
  2393 ;; Return value:  Size  Location     Type
  2394 ;;                  2    0[COMRAM] int 
  2395 ;; Registers used:
  2396 ;;		wreg, fsr1l, fsr1h, fsr2l, fsr2h, status,2, status,0, cstack
  2397 ;; Tracked objects:
  2398 ;;		On entry : 0/0
  2399 ;;		On exit  : 0/0
  2400 ;;		Unchanged: 0/0
  2401 ;; Data sizes:     COMRAM   BANK0   BANK1   BANK2   BANK3   BANK4   BANK5   BANK6   BANK7   BANK8   BANK9  BANK10  BANK1
      +1  BANK12  BANK13  BANK14  BANK15  BANK16  BANK17  BANK18  BANK19  BANK20  BANK21  BANK22  BANK23  BANK24  BANK25  BANK2
      +6  BANK27  BANK28  BANK29  BANK30  BANK31
  2402 ;;      Params:         3       0       0       0       0       0       0       0       0       0       0       0       
      +0       0       0       0       0       0       0       0       0       0       0       0       0       0       0       
      +0       0       0       0       0       0
  2403 ;;      Locals:         0       0       0       0       0       0       0       0       0       0       0       0       
      +0       0       0       0       0       0       0       0       0       0       0       0       0       0       0       
      +0       0       0       0       0       0
  2404 ;;      Temps:          5       0       0       0       0       0       0       0       0       0       0       0       
      +0       0       0       0       0       0       0       0       0       0       0       0       0       0       0       
      +0       0       0       0       0       0
  2405 ;;      Totals:         8       0       0       0       0       0       0       0       0       0       0       0       
      +0       0       0       0       0       0       0       0       0       0       0       0       0       0       0       
      +0       0       0       0       0       0
  2406 ;;Total ram usage:        8 bytes
  2407 ;; Hardware stack levels used: 1
  2408 ;; This function calls:
  2409 ;;		_putch
  2410 ;; This function is called by:
  2411 ;;		_pad
  2412 ;;		_vfpfcnvrt
  2413 ;;		_fputs
  2414 ;; This function uses a non-reentrant model
  2415 ;;
  2416                           
  2417                           	psect	text7
  2418   0026D0                     __ptext7:
  2419                           	callstack 0
  2420   0026D0                     _fputc:
  2421                           	callstack 24
  2422   0026D0  5003               	movf	fputc@fp^0,w,c
  2423   0026D2  B4D8               	btfsc	status,2,c
  2424   0026D4  EF6E  F013         	goto	u621
  2425   0026D8  EF70  F013         	goto	u620
  2426   0026DC                     u621:
  2427   0026DC  EF78  F013         	goto	l1624
  2428   0026E0                     u620:
  2429   0026E0  5003               	movf	fputc@fp^0,w,c
  2430   0026E2  A4D8               	btfss	status,2,c
  2431   0026E4  EF76  F013         	goto	u631
  2432   0026E8  EF78  F013         	goto	u630
  2433   0026EC                     u631:
  2434   0026EC  EF7D  F013         	goto	l1626
  2435   0026F0                     u630:
  2436   0026F0                     l1624:
  2437   0026F0  5001               	movf	fputc@c^0,w,c
  2438   0026F2  ECBB  F016         	call	_putch
  2439   0026F6  EFBD  F013         	goto	l1083
  2440   0026FA                     l1626:
  2441   0026FA  5003               	movf	fputc@fp^0,w,c
  2442   0026FC  6ED9               	movwf	fsr2l,c
  2443   0026FE  6ADA               	clrf	fsr2h,c
  2444   002700  0E09               	movlw	9
  2445   002702  26D9               	addwf	fsr2l,f,c
  2446   002704  50DE               	movf	postinc2,w,c
  2447   002706  10DE               	iorwf	postinc2,w,c
  2448   002708  B4D8               	btfsc	status,2,c
  2449   00270A  EF89  F013         	goto	u641
  2450   00270E  EF8B  F013         	goto	u640
  2451   002712                     u641:
  2452   002712  EFA4  F013         	goto	l1630
  2453   002716                     u640:
  2454   002716  5003               	movf	fputc@fp^0,w,c
  2455   002718  6ED9               	movwf	fsr2l,c
  2456   00271A  6ADA               	clrf	fsr2h,c
  2457   00271C  0E09               	movlw	9
  2458   00271E  26D9               	addwf	fsr2l,f,c
  2459   002720  5003               	movf	fputc@fp^0,w,c
  2460   002722  6EE1               	movwf	fsr1l,c
  2461   002724  6AE2               	clrf	fsr1h,c
  2462   002726  0E02               	movlw	2
  2463   002728  26E1               	addwf	fsr1l,f,c
  2464   00272A  50DE               	movf	postinc2,w,c
  2465   00272C  5CE6               	subwf	postinc1,w,c
  2466   00272E  50E6               	movf	postinc1,w,c
  2467   002730  0A80               	xorlw	128
  2468   002732  6E08               	movwf	(??_fputc+4)^0,c
  2469   002734  50DE               	movf	postinc2,w,c
  2470   002736  0A80               	xorlw	128
  2471   002738  5808               	subwfb	(??_fputc+4)^0,w,c
  2472   00273A  B0D8               	btfsc	status,0,c
  2473   00273C  EFA2  F013         	goto	u651
  2474   002740  EFA4  F013         	goto	u650
  2475   002744                     u651:
  2476   002744  EFBD  F013         	goto	l1083
  2477   002748                     u650:
  2478   002748                     l1630:
  2479   002748  5003               	movf	fputc@fp^0,w,c
  2480   00274A  6ED9               	movwf	fsr2l,c
  2481   00274C  6ADA               	clrf	fsr2h,c
  2482   00274E  0E02               	movlw	2
  2483   002750  26D9               	addwf	fsr2l,f,c
  2484   002752  50DF               	movf	indf2,w,c
  2485   002754  6E04               	movwf	??_fputc^0,c
  2486   002756  5003               	movf	fputc@fp^0,w,c
  2487   002758  6ED9               	movwf	fsr2l,c
  2488   00275A  6ADA               	clrf	fsr2h,c
  2489   00275C  50DF               	movf	indf2,w,c
  2490   00275E  2404               	addwf	??_fputc^0,w,c
  2491   002760  6ED9               	movwf	fsr2l,c
  2492   002762  6ADA               	clrf	fsr2h,c
  2493   002764  0060  F007  FFDF   	movff	fputc@c,indf2
  2494   00276A  5003               	movf	fputc@fp^0,w,c
  2495   00276C  6ED9               	movwf	fsr2l,c
  2496   00276E  6ADA               	clrf	fsr2h,c
  2497   002770  0E02               	movlw	2
  2498   002772  26D9               	addwf	fsr2l,f,c
  2499   002774  2ADE               	incf	postinc2,f,c
  2500   002776  0E00               	movlw	0
  2501   002778  22DD               	addwfc	postdec2,f,c
  2502   00277A                     l1083:
  2503   00277A  0012               	return		;funcret
  2504   00277C                     __end_of_fputc:
  2505                           	callstack 0
  2506                           
  2507 ;; *************** function _putch *****************
  2508 ;; Defined at:
  2509 ;;		line 7 in file "C:\Program Files\Microchip\xc8\v3.10\pic\sources\c99\common\putch.c"
  2510 ;; Parameters:    Size  Location     Type
  2511 ;;  c               1    wreg     unsigned char 
  2512 ;; Auto vars:     Size  Location     Type
  2513 ;;  c               1    0[COMRAM] unsigned char 
  2514 ;; Return value:  Size  Location     Type
  2515 ;;                  1    wreg      void 
  2516 ;; Registers used:
  2517 ;;		wreg
  2518 ;; Tracked objects:
  2519 ;;		On entry : 0/0
  2520 ;;		On exit  : 0/0
  2521 ;;		Unchanged: 0/0
  2522 ;; Data sizes:     COMRAM   BANK0   BANK1   BANK2   BANK3   BANK4   BANK5   BANK6   BANK7   BANK8   BANK9  BANK10  BANK1
      +1  BANK12  BANK13  BANK14  BANK15  BANK16  BANK17  BANK18  BANK19  BANK20  BANK21  BANK22  BANK23  BANK24  BANK25  BANK2
      +6  BANK27  BANK28  BANK29  BANK30  BANK31
  2523 ;;      Params:         0       0       0       0       0       0       0       0       0       0       0       0       
      +0       0       0       0       0       0       0       0       0       0       0       0       0       0       0       
      +0       0       0       0       0       0
  2524 ;;      Locals:         0       0       0       0       0       0       0       0       0       0       0       0       
      +0       0       0       0       0       0       0       0       0       0       0       0       0       0       0       
      +0       0       0       0       0       0
  2525 ;;      Temps:          0       0       0       0       0       0       0       0       0       0       0       0       
      +0       0       0       0       0       0       0       0       0       0       0       0       0       0       0       
      +0       0       0       0       0       0
  2526 ;;      Totals:         0       0       0       0       0       0       0       0       0       0       0       0       
      +0       0       0       0       0       0       0       0       0       0       0       0       0       0       0       
      +0       0       0       0       0       0
  2527 ;;Total ram usage:        0 bytes
  2528 ;; Hardware stack levels used: 1
  2529 ;; This function calls:
  2530 ;;		Nothing
  2531 ;; This function is called by:
  2532 ;;		_fputc
  2533 ;; This function uses a non-reentrant model
  2534 ;;
  2535                           
  2536                           	psect	text8
  2537   002D76                     __ptext8:
  2538                           	callstack 0
  2539   002D76                     _putch:
  2540                           	callstack 23
  2541   002D76  0012               	return		;funcret
  2542   002D78                     __end_of_putch:
  2543                           	callstack 0
  2544                           
  2545 ;; *************** function ___lwmod *****************
  2546 ;; Defined at:
  2547 ;;		line 7 in file "C:\Program Files\Microchip\xc8\v3.10\pic\sources\c99\common\lwmod.c"
  2548 ;; Parameters:    Size  Location     Type
  2549 ;;  dividend        2    0[COMRAM] unsigned int 
  2550 ;;  divisor         2    2[COMRAM] unsigned int 
  2551 ;; Auto vars:     Size  Location     Type
  2552 ;;  counter         1    4[COMRAM] unsigned char 
  2553 ;; Return value:  Size  Location     Type
  2554 ;;                  2    0[COMRAM] unsigned int 
  2555 ;; Registers used:
  2556 ;;		wreg, status,2, status,0
  2557 ;; Tracked objects:
  2558 ;;		On entry : 0/0
  2559 ;;		On exit  : 0/0
  2560 ;;		Unchanged: 0/0
  2561 ;; Data sizes:     COMRAM   BANK0   BANK1   BANK2   BANK3   BANK4   BANK5   BANK6   BANK7   BANK8   BANK9  BANK10  BANK1
      +1  BANK12  BANK13  BANK14  BANK15  BANK16  BANK17  BANK18  BANK19  BANK20  BANK21  BANK22  BANK23  BANK24  BANK25  BANK2
      +6  BANK27  BANK28  BANK29  BANK30  BANK31
  2562 ;;      Params:         4       0       0       0       0       0       0       0       0       0       0       0       
      +0       0       0       0       0       0       0       0       0       0       0       0       0       0       0       
      +0       0       0       0       0       0
  2563 ;;      Locals:         1       0       0       0       0       0       0       0       0       0       0       0       
      +0       0       0       0       0       0       0       0       0       0       0       0       0       0       0       
      +0       0       0       0       0       0
  2564 ;;      Temps:          0       0       0       0       0       0       0       0       0       0       0       0       
      +0       0       0       0       0       0       0       0       0       0       0       0       0       0       0       
      +0       0       0       0       0       0
  2565 ;;      Totals:         5       0       0       0       0       0       0       0       0       0       0       0       
      +0       0       0       0       0       0       0       0       0       0       0       0       0       0       0       
      +0       0       0       0       0       0
  2566 ;;Total ram usage:        5 bytes
  2567 ;; Hardware stack levels used: 1
  2568 ;; This function calls:
  2569 ;;		Nothing
  2570 ;; This function is called by:
  2571 ;;		_utoa
  2572 ;; This function uses a non-reentrant model
  2573 ;;
  2574                           
  2575                           	psect	text9
  2576   002A8A                     __ptext9:
  2577                           	callstack 0
  2578   002A8A                     ___lwmod:
  2579                           	callstack 26
  2580   002A8A  5003               	movf	___lwmod@divisor^0,w,c
  2581   002A8C  1004               	iorwf	(___lwmod@divisor+1)^0,w,c
  2582   002A8E  B4D8               	btfsc	status,2,c
  2583   002A90  EF4C  F015         	goto	u701
  2584   002A94  EF4E  F015         	goto	u700
  2585   002A98                     u701:
  2586   002A98  EF72  F015         	goto	l838
  2587   002A9C                     u700:
  2588   002A9C  0E01               	movlw	1
  2589   002A9E  6E05               	movwf	___lwmod@counter^0,c
  2590   002AA0  EF56  F015         	goto	l1670
  2591   002AA4                     l1668:
  2592   002AA4  90D8               	bcf	status,0,c
  2593   002AA6  3603               	rlcf	___lwmod@divisor^0,f,c
  2594   002AA8  3604               	rlcf	(___lwmod@divisor+1)^0,f,c
  2595   002AAA  2A05               	incf	___lwmod@counter^0,f,c
  2596   002AAC                     l1670:
  2597   002AAC  AE04               	btfss	(___lwmod@divisor+1)^0,7,c
  2598   002AAE  EF5B  F015         	goto	u711
  2599   002AB2  EF5D  F015         	goto	u710
  2600   002AB6                     u711:
  2601   002AB6  EF52  F015         	goto	l1668
  2602   002ABA                     u710:
  2603   002ABA                     l1672:
  2604   002ABA  5003               	movf	___lwmod@divisor^0,w,c
  2605   002ABC  5C01               	subwf	___lwmod@dividend^0,w,c
  2606   002ABE  5004               	movf	(___lwmod@divisor+1)^0,w,c
  2607   002AC0  5802               	subwfb	(___lwmod@dividend+1)^0,w,c
  2608   002AC2  A0D8               	btfss	status,0,c
  2609   002AC4  EF66  F015         	goto	u721
  2610   002AC8  EF68  F015         	goto	u720
  2611   002ACC                     u721:
  2612   002ACC  EF6C  F015         	goto	l1676
  2613   002AD0                     u720:
  2614   002AD0  5003               	movf	___lwmod@divisor^0,w,c
  2615   002AD2  5E01               	subwf	___lwmod@dividend^0,f,c
  2616   002AD4  5004               	movf	(___lwmod@divisor+1)^0,w,c
  2617   002AD6  5A02               	subwfb	(___lwmod@dividend+1)^0,f,c
  2618   002AD8                     l1676:
  2619   002AD8  90D8               	bcf	status,0,c
  2620   002ADA  3204               	rrcf	(___lwmod@divisor+1)^0,f,c
  2621   002ADC  3203               	rrcf	___lwmod@divisor^0,f,c
  2622   002ADE  2E05               	decfsz	___lwmod@counter^0,f,c
  2623   002AE0  EF5D  F015         	goto	l1672
  2624   002AE4                     l838:
  2625   002AE4  C001  F001         	movff	___lwmod@dividend,?___lwmod
  2626   002AE8  C002  F002         	movff	___lwmod@dividend+1,?___lwmod+1
  2627   002AEC  0012               	return		;funcret
  2628   002AEE                     __end_of___lwmod:
  2629                           	callstack 0
  2630                           
  2631 ;; *************** function _read_prec_or_width *****************
  2632 ;; Defined at:
  2633 ;;		line 1158 in file "C:\Program Files\Microchip\xc8\v3.10\pic\sources\c99\common\doprnt.c"
  2634 ;; Parameters:    Size  Location     Type
  2635 ;;  fmt             1    0[COMRAM] PTR PTR const unsigned c
  2636 ;;		 -> vfprintf@cfmt(1), 
  2637 ;;  ap              1    1[COMRAM] PTR PTR void [1]
  2638 ;;		 -> sprintf@ap(1), 
  2639 ;; Auto vars:     Size  Location     Type
  2640 ;;  c               1    4[COMRAM] unsigned char 
  2641 ;;  n               2    5[COMRAM] int 
  2642 ;; Return value:  Size  Location     Type
  2643 ;;                  2    0[COMRAM] int 
  2644 ;; Registers used:
  2645 ;;		wreg, fsr2l, fsr2h, status,2, status,0, tblptrl, tblptrh, tblptru, prodl, prodh
  2646 ;; Tracked objects:
  2647 ;;		On entry : 0/0
  2648 ;;		On exit  : 0/0
  2649 ;;		Unchanged: 0/0
  2650 ;; Data sizes:     COMRAM   BANK0   BANK1   BANK2   BANK3   BANK4   BANK5   BANK6   BANK7   BANK8   BANK9  BANK10  BANK1
      +1  BANK12  BANK13  BANK14  BANK15  BANK16  BANK17  BANK18  BANK19  BANK20  BANK21  BANK22  BANK23  BANK24  BANK25  BANK2
      +6  BANK27  BANK28  BANK29  BANK30  BANK31
  2651 ;;      Params:         2       0       0       0       0       0       0       0       0       0       0       0       
      +0       0       0       0       0       0       0       0       0       0       0       0       0       0       0       
      +0       0       0       0       0       0
  2652 ;;      Locals:         3       0       0       0       0       0       0       0       0       0       0       0       
      +0       0       0       0       0       0       0       0       0       0       0       0       0       0       0       
      +0       0       0       0       0       0
  2653 ;;      Temps:          2       0       0       0       0       0       0       0       0       0       0       0       
      +0       0       0       0       0       0       0       0       0       0       0       0       0       0       0       
      +0       0       0       0       0       0
  2654 ;;      Totals:         7       0       0       0       0       0       0       0       0       0       0       0       
      +0       0       0       0       0       0       0       0       0       0       0       0       0       0       0       
      +0       0       0       0       0       0
  2655 ;;Total ram usage:        7 bytes
  2656 ;; Hardware stack levels used: 1
  2657 ;; This function calls:
  2658 ;;		Nothing
  2659 ;; This function is called by:
  2660 ;;		_vfpfcnvrt
  2661 ;; This function uses a non-reentrant model
  2662 ;;
  2663                           
  2664                           	psect	text10
  2665   00256C                     __ptext10:
  2666                           	callstack 0
  2667   00256C                     _read_prec_or_width:
  2668                           	callstack 27
  2669   00256C                     
  2670                           ;C:\Program Files\Microchip\xc8\v3.10\pic\sources\c99\common\doprnt.c: 1159:     int n =
      +                           0;
  2671   00256C  6A07               	clrf	(read_prec_or_width@n+1)^0,c
  2672   00256E  0E00               	movlw	0
  2673   002570  6E06               	movwf	read_prec_or_width@n^0,c
  2674   002572                     
  2675                           ;C:\Program Files\Microchip\xc8\v3.10\pic\sources\c99\common\doprnt.c: 1160:     if ((*f
      +                          mt)[0] == '*') {
  2676   002572  5001               	movf	read_prec_or_width@fmt^0,w,c
  2677   002574  6ED9               	movwf	fsr2l,c
  2678   002576  6ADA               	clrf	fsr2h,c
  2679   002578  006F FF7F FFF6     	movff	indf2,tblptrl
  2680   00257E                     	if	1	;There is more than 1 active tblptr byte
  2681   00257E  0E20               	movlw	high __smallconst
  2682   002580  6EF7               	movwf	tblptrh,c
  2683   002582                     	endif
  2684   002582                     	if	0	;tblptru may be non-zero
  2685   002582                     	endif
  2686   002582                     	if	1	;Program memory is > 0xFFFF, there are 3 active tblptr bytes
  2687   002582  0E00               	movlw	low (__smallconst shr (0+16))
  2688   002584  6EF8               	movwf	tblptru,c
  2689   002586                     	endif
  2690   002586  0008               	tblrd		*
  2691   002588  50F5               	movf	tablat,w,c
  2692   00258A  0A2A               	xorlw	42
  2693   00258C  A4D8               	btfss	status,2,c
  2694   00258E  EFCB  F012         	goto	u851
  2695   002592  EFCD  F012         	goto	u850
  2696   002596                     u851:
  2697   002596  EFF6  F012         	goto	l1766
  2698   00259A                     u850:
  2699   00259A                     
  2700                           ;C:\Program Files\Microchip\xc8\v3.10\pic\sources\c99\common\doprnt.c: 1161:         ++*
      +                          fmt;
  2701   00259A  5001               	movf	read_prec_or_width@fmt^0,w,c
  2702   00259C  6ED9               	movwf	fsr2l,c
  2703   00259E  6ADA               	clrf	fsr2h,c
  2704   0025A0  2ADF               	incf	indf2,f,c
  2705   0025A2                     
  2706                           ;C:\Program Files\Microchip\xc8\v3.10\pic\sources\c99\common\doprnt.c: 1162:         n =
      +                           (*(int *)__va_arg(*(int **)*ap, (int)0));
  2707   0025A2  5002               	movf	read_prec_or_width@ap^0,w,c
  2708   0025A4  6ED9               	movwf	fsr2l,c
  2709   0025A6  6ADA               	clrf	fsr2h,c
  2710   0025A8  0E02               	movlw	2
  2711   0025AA  26DF               	addwf	indf2,f,c
  2712   0025AC  5CDF               	subwf	indf2,w,c
  2713   0025AE  6ED9               	movwf	fsr2l,c
  2714   0025B0  6ADA               	clrf	fsr2h,c
  2715   0025B2  006F FF78  F006    	movff	postinc2,read_prec_or_width@n
  2716   0025B8  006F FF78  F007    	movff	postinc2,read_prec_or_width@n+1
  2717                           
  2718                           ;C:\Program Files\Microchip\xc8\v3.10\pic\sources\c99\common\doprnt.c: 1163:     } else 
      +                          {
  2719   0025BE  EF0C  F013         	goto	l1050
  2720   0025C2                     l1762:
  2721                           
  2722                           ;C:\Program Files\Microchip\xc8\v3.10\pic\sources\c99\common\doprnt.c: 1166:            
      +                           n = n * 10 + c;
  2723   0025C2  0E0A               	movlw	10
  2724   0025C4  0206               	mulwf	read_prec_or_width@n^0,c
  2725   0025C6  006F FFCC  F003    	movff	prodl,??_read_prec_or_width
  2726   0025CC  006F FFD0  F004    	movff	prodh,??_read_prec_or_width+1
  2727   0025D2  0207               	mulwf	(read_prec_or_width@n+1)^0,c
  2728   0025D4  50F3               	movf	prodl,w,c
  2729   0025D6  2604               	addwf	(??_read_prec_or_width+1)^0,f,c
  2730   0025D8  5005               	movf	read_prec_or_width@c^0,w,c
  2731   0025DA  2403               	addwf	??_read_prec_or_width^0,w,c
  2732   0025DC  6E06               	movwf	read_prec_or_width@n^0,c
  2733   0025DE  0E00               	movlw	0
  2734   0025E0  2004               	addwfc	(??_read_prec_or_width+1)^0,w,c
  2735   0025E2  6E07               	movwf	(read_prec_or_width@n+1)^0,c
  2736   0025E4                     
  2737                           ;C:\Program Files\Microchip\xc8\v3.10\pic\sources\c99\common\doprnt.c: 1167:            
      +                           ++*fmt;
  2738   0025E4  5001               	movf	read_prec_or_width@fmt^0,w,c
  2739   0025E6  6ED9               	movwf	fsr2l,c
  2740   0025E8  6ADA               	clrf	fsr2h,c
  2741   0025EA  2ADF               	incf	indf2,f,c
  2742   0025EC                     l1766:
  2743                           
  2744                           ;C:\Program Files\Microchip\xc8\v3.10\pic\sources\c99\common\doprnt.c: 1165:         whi
      +                          le ((c = ((unsigned)(*fmt)[0]) - '0') < 10) {
  2745   0025EC  5001               	movf	read_prec_or_width@fmt^0,w,c
  2746   0025EE  6ED9               	movwf	fsr2l,c
  2747   0025F0  6ADA               	clrf	fsr2h,c
  2748   0025F2  006F FF7F FFF6     	movff	indf2,tblptrl
  2749   0025F8                     	if	1	;There is more than 1 active tblptr byte
  2750   0025F8  0E20               	movlw	high __smallconst
  2751   0025FA  6EF7               	movwf	tblptrh,c
  2752   0025FC                     	endif
  2753   0025FC                     	if	0	;tblptru may be non-zero
  2754   0025FC                     	endif
  2755   0025FC                     	if	1	;Program memory is > 0xFFFF, there are 3 active tblptr bytes
  2756   0025FC  0E00               	movlw	low (__smallconst shr (0+16))
  2757   0025FE  6EF8               	movwf	tblptru,c
  2758   002600                     	endif
  2759   002600  0008               	tblrd		*
  2760   002602  50F5               	movf	tablat,w,c
  2761   002604  0FD0               	addlw	208
  2762   002606  6E05               	movwf	read_prec_or_width@c^0,c
  2763   002608  0E09               	movlw	9
  2764   00260A  6405               	cpfsgt	read_prec_or_width@c^0,c
  2765   00260C  EF0A  F013         	goto	u861
  2766   002610  EF0C  F013         	goto	u860
  2767   002614                     u861:
  2768   002614  EFE1  F012         	goto	l1762
  2769   002618                     u860:
  2770   002618                     l1050:
  2771                           
  2772                           ;C:\Program Files\Microchip\xc8\v3.10\pic\sources\c99\common\doprnt.c: 1170:     return 
      +                          n;
  2773   002618  C006  F001         	movff	read_prec_or_width@n,?_read_prec_or_width
  2774   00261C  C007  F002         	movff	read_prec_or_width@n+1,?_read_prec_or_width+1
  2775   002620  0012               	return		;funcret
  2776   002622                     __end_of_read_prec_or_width:
  2777                           	callstack 0
  2778                           
  2779 ;; *************** function _TMR2_PWM_Initialize *****************
  2780 ;; Defined at:
  2781 ;;		line 425 in file "PWMservo.c"
  2782 ;; Parameters:    Size  Location     Type
  2783 ;;		None
  2784 ;; Auto vars:     Size  Location     Type
  2785 ;;		None
  2786 ;; Return value:  Size  Location     Type
  2787 ;;                  1    wreg      void 
  2788 ;; Registers used:
  2789 ;;		wreg, status,2
  2790 ;; Tracked objects:
  2791 ;;		On entry : 0/0
  2792 ;;		On exit  : 0/0
  2793 ;;		Unchanged: 0/0
  2794 ;; Data sizes:     COMRAM   BANK0   BANK1   BANK2   BANK3   BANK4   BANK5   BANK6   BANK7   BANK8   BANK9  BANK10  BANK1
      +1  BANK12  BANK13  BANK14  BANK15  BANK16  BANK17  BANK18  BANK19  BANK20  BANK21  BANK22  BANK23  BANK24  BANK25  BANK2
      +6  BANK27  BANK28  BANK29  BANK30  BANK31
  2795 ;;      Params:         0       0       0       0       0       0       0       0       0       0       0       0       
      +0       0       0       0       0       0       0       0       0       0       0       0       0       0       0       
      +0       0       0       0       0       0
  2796 ;;      Locals:         0       0       0       0       0       0       0       0       0       0       0       0       
      +0       0       0       0       0       0       0       0       0       0       0       0       0       0       0       
      +0       0       0       0       0       0
  2797 ;;      Temps:          0       0       0       0       0       0       0       0       0       0       0       0       
      +0       0       0       0       0       0       0       0       0       0       0       0       0       0       0       
      +0       0       0       0       0       0
  2798 ;;      Totals:         0       0       0       0       0       0       0       0       0       0       0       0       
      +0       0       0       0       0       0       0       0       0       0       0       0       0       0       0       
      +0       0       0       0       0       0
  2799 ;;Total ram usage:        0 bytes
  2800 ;; Hardware stack levels used: 1
  2801 ;; This function calls:
  2802 ;;		Nothing
  2803 ;; This function is called by:
  2804 ;;		_main
  2805 ;; This function uses a non-reentrant model
  2806 ;;
  2807                           
  2808                           	psect	text11
  2809   002D02                     __ptext11:
  2810                           	callstack 0
  2811   002D02                     _TMR2_PWM_Initialize:
  2812                           	callstack 30
  2813   002D02                     
  2814                           ;PWMservo.c: 427:     T2CLKCON = 0x01;
  2815   002D02  0E01               	movlw	1
  2816   002D04  6EAE               	movwf	174,c	;volatile
  2817   002D06                     
  2818                           ;PWMservo.c: 428:     T2HLT = 0x00;
  2819   002D06  6AAD               	clrf	173,c	;volatile
  2820   002D08                     
  2821                           ;PWMservo.c: 429:     T2RST = 0x00;
  2822   002D08  6AAF               	clrf	175,c	;volatile
  2823   002D0A                     
  2824                           ;PWMservo.c: 430:     T2TMR = 0x00;
  2825   002D0A  6AAA               	clrf	170,c	;volatile
  2826   002D0C                     
  2827                           ;PWMservo.c: 432:     PIR4bits.TMR2IF = 0;
  2828   002D0C  0139               	movlb	57	; () banked
  2829   002D0E  95A4               	bcf	164,2,b	;volatile
  2830                           
  2831                           ;PWMservo.c: 444:     T2PR = 155;
  2832   002D10  0E9B               	movlw	155
  2833   002D12  6EAB               	movwf	171,c	;volatile
  2834                           
  2835                           ;PWMservo.c: 445:     T2CON = 0x70;
  2836   002D14  0E70               	movlw	112
  2837   002D16  6EAC               	movwf	172,c	;volatile
  2838   002D18                     
  2839                           ; BSR set to: 57
  2840   002D18  0012               	return		;funcret
  2841   002D1A                     __end_of_TMR2_PWM_Initialize:
  2842                           	callstack 0
  2843                           
  2844 ;; *************** function _TMR1_Initialize *****************
  2845 ;; Defined at:
  2846 ;;		line 348 in file "PWMservo.c"
  2847 ;; Parameters:    Size  Location     Type
  2848 ;;		None
  2849 ;; Auto vars:     Size  Location     Type
  2850 ;;		None
  2851 ;; Return value:  Size  Location     Type
  2852 ;;                  1    wreg      void 
  2853 ;; Registers used:
  2854 ;;		wreg, status,2
  2855 ;; Tracked objects:
  2856 ;;		On entry : 0/0
  2857 ;;		On exit  : 0/0
  2858 ;;		Unchanged: 0/0
  2859 ;; Data sizes:     COMRAM   BANK0   BANK1   BANK2   BANK3   BANK4   BANK5   BANK6   BANK7   BANK8   BANK9  BANK10  BANK1
      +1  BANK12  BANK13  BANK14  BANK15  BANK16  BANK17  BANK18  BANK19  BANK20  BANK21  BANK22  BANK23  BANK24  BANK25  BANK2
      +6  BANK27  BANK28  BANK29  BANK30  BANK31
  2860 ;;      Params:         0       0       0       0       0       0       0       0       0       0       0       0       
      +0       0       0       0       0       0       0       0       0       0       0       0       0       0       0       
      +0       0       0       0       0       0
  2861 ;;      Locals:         0       0       0       0       0       0       0       0       0       0       0       0       
      +0       0       0       0       0       0       0       0       0       0       0       0       0       0       0       
      +0       0       0       0       0       0
  2862 ;;      Temps:          0       0       0       0       0       0       0       0       0       0       0       0       
      +0       0       0       0       0       0       0       0       0       0       0       0       0       0       0       
      +0       0       0       0       0       0
  2863 ;;      Totals:         0       0       0       0       0       0       0       0       0       0       0       0       
      +0       0       0       0       0       0       0       0       0       0       0       0       0       0       0       
      +0       0       0       0       0       0
  2864 ;;Total ram usage:        0 bytes
  2865 ;; Hardware stack levels used: 1
  2866 ;; This function calls:
  2867 ;;		Nothing
  2868 ;; This function is called by:
  2869 ;;		_main
  2870 ;; This function uses a non-reentrant model
  2871 ;;
  2872                           
  2873                           	psect	text12
  2874   002D2E                     __ptext12:
  2875                           	callstack 0
  2876   002D2E                     _TMR1_Initialize:
  2877                           	callstack 30
  2878   002D2E                     
  2879                           ;PWMservo.c: 350:     T1CLK = 0x01;
  2880   002D2E  0E01               	movlw	1
  2881   002D30  6EB5               	movwf	181,c	;volatile
  2882   002D32                     
  2883                           ;PWMservo.c: 351:     T1GCON = 0x00;
  2884   002D32  6AB3               	clrf	179,c	;volatile
  2885                           
  2886                           ;PWMservo.c: 354:     T1CON = 0x02;
  2887   002D34  0E02               	movlw	2
  2888   002D36  6EB2               	movwf	178,c	;volatile
  2889   002D38                     
  2890                           ;PWMservo.c: 356:     TMR1H = 0x00;
  2891   002D38  6AB1               	clrf	177,c	;volatile
  2892   002D3A                     
  2893                           ;PWMservo.c: 357:     TMR1L = 0x00;
  2894   002D3A  6AB0               	clrf	176,c	;volatile
  2895   002D3C  0012               	return		;funcret
  2896   002D3E                     __end_of_TMR1_Initialize:
  2897                           	callstack 0
  2898                           
  2899 ;; *************** function _PWM2_Start *****************
  2900 ;; Defined at:
  2901 ;;		line 473 in file "PWMservo.c"
  2902 ;; Parameters:    Size  Location     Type
  2903 ;;		None
  2904 ;; Auto vars:     Size  Location     Type
  2905 ;;		None
  2906 ;; Return value:  Size  Location     Type
  2907 ;;                  1    wreg      void 
  2908 ;; Registers used:
  2909 ;;		status,2, status,0
  2910 ;; Tracked objects:
  2911 ;;		On entry : 0/0
  2912 ;;		On exit  : 0/0
  2913 ;;		Unchanged: 0/0
  2914 ;; Data sizes:     COMRAM   BANK0   BANK1   BANK2   BANK3   BANK4   BANK5   BANK6   BANK7   BANK8   BANK9  BANK10  BANK1
      +1  BANK12  BANK13  BANK14  BANK15  BANK16  BANK17  BANK18  BANK19  BANK20  BANK21  BANK22  BANK23  BANK24  BANK25  BANK2
      +6  BANK27  BANK28  BANK29  BANK30  BANK31
  2915 ;;      Params:         0       0       0       0       0       0       0       0       0       0       0       0       
      +0       0       0       0       0       0       0       0       0       0       0       0       0       0       0       
      +0       0       0       0       0       0
  2916 ;;      Locals:         0       0       0       0       0       0       0       0       0       0       0       0       
      +0       0       0       0       0       0       0       0       0       0       0       0       0       0       0       
      +0       0       0       0       0       0
  2917 ;;      Temps:          0       0       0       0       0       0       0       0       0       0       0       0       
      +0       0       0       0       0       0       0       0       0       0       0       0       0       0       0       
      +0       0       0       0       0       0
  2918 ;;      Totals:         0       0       0       0       0       0       0       0       0       0       0       0       
      +0       0       0       0       0       0       0       0       0       0       0       0       0       0       0       
      +0       0       0       0       0       0
  2919 ;;Total ram usage:        0 bytes
  2920 ;; Hardware stack levels used: 1
  2921 ;; This function calls:
  2922 ;;		Nothing
  2923 ;; This function is called by:
  2924 ;;		_main
  2925 ;; This function uses a non-reentrant model
  2926 ;;
  2927                           
  2928                           	psect	text13
  2929   002CCE                     __ptext13:
  2930                           	callstack 0
  2931   002CCE                     _PWM2_Start:
  2932                           	callstack 30
  2933   002CCE                     
  2934                           ;PWMservo.c: 475:     PIR4bits.TMR2IF = 0;
  2935   002CCE  0139               	movlb	57	; () banked
  2936   002CD0  95A4               	bcf	164,2,b	;volatile
  2937   002CD2                     
  2938                           ; BSR set to: 57
  2939                           ;PWMservo.c: 478:     T2CON |= 0x80;
  2940   002CD2  8EAC               	bsf	172,7,c	;volatile
  2941   002CD4                     l187:
  2942                           
  2943                           ; BSR set to: 57
  2944   002CD4  A5A4               	btfss	164,2,b	;volatile
  2945   002CD6  EF6F  F016         	goto	u411
  2946   002CDA  EF71  F016         	goto	u410
  2947   002CDE                     u411:
  2948   002CDE  EF6A  F016         	goto	l187
  2949   002CE2                     u410:
  2950   002CE2                     
  2951                           ; BSR set to: 57
  2952                           ;PWMservo.c: 483:     PIR4bits.TMR2IF = 0;
  2953   002CE2  95A4               	bcf	164,2,b	;volatile
  2954                           
  2955                           ;PWMservo.c: 486:     TRISCbits.TRISC5 = 0;
  2956   002CE4  9AC4               	bcf	196,5,c	;volatile
  2957   002CE6                     
  2958                           ; BSR set to: 57
  2959   002CE6  0012               	return		;funcret
  2960   002CE8                     __end_of_PWM2_Start:
  2961                           	callstack 0
  2962                           
  2963 ;; *************** function _PWM2_Initialize *****************
  2964 ;; Defined at:
  2965 ;;		line 458 in file "PWMservo.c"
  2966 ;; Parameters:    Size  Location     Type
  2967 ;;		None
  2968 ;; Auto vars:     Size  Location     Type
  2969 ;;		None
  2970 ;; Return value:  Size  Location     Type
  2971 ;;                  1    wreg      void 
  2972 ;; Registers used:
  2973 ;;		wreg, status,2, status,0, cstack
  2974 ;; Tracked objects:
  2975 ;;		On entry : 0/0
  2976 ;;		On exit  : 0/0
  2977 ;;		Unchanged: 0/0
  2978 ;; Data sizes:     COMRAM   BANK0   BANK1   BANK2   BANK3   BANK4   BANK5   BANK6   BANK7   BANK8   BANK9  BANK10  BANK1
      +1  BANK12  BANK13  BANK14  BANK15  BANK16  BANK17  BANK18  BANK19  BANK20  BANK21  BANK22  BANK23  BANK24  BANK25  BANK2
      +6  BANK27  BANK28  BANK29  BANK30  BANK31
  2979 ;;      Params:         0       0       0       0       0       0       0       0       0       0       0       0       
      +0       0       0       0       0       0       0       0       0       0       0       0       0       0       0       
      +0       0       0       0       0       0
  2980 ;;      Locals:         0       0       0       0       0       0       0       0       0       0       0       0       
      +0       0       0       0       0       0       0       0       0       0       0       0       0       0       0       
      +0       0       0       0       0       0
  2981 ;;      Temps:          0       0       0       0       0       0       0       0       0       0       0       0       
      +0       0       0       0       0       0       0       0       0       0       0       0       0       0       0       
      +0       0       0       0       0       0
  2982 ;;      Totals:         0       0       0       0       0       0       0       0       0       0       0       0       
      +0       0       0       0       0       0       0       0       0       0       0       0       0       0       0       
      +0       0       0       0       0       0
  2983 ;;Total ram usage:        0 bytes
  2984 ;; Hardware stack levels used: 1
  2985 ;; Hardware stack levels required when called: 1
  2986 ;; This function calls:
  2987 ;;		_PWM2_LoadDutyValue
  2988 ;; This function is called by:
  2989 ;;		_main
  2990 ;; This function uses a non-reentrant model
  2991 ;;
  2992                           
  2993                           	psect	text14
  2994   002C96                     __ptext14:
  2995                           	callstack 0
  2996   002C96                     _PWM2_Initialize:
  2997                           	callstack 29
  2998   002C96                     
  2999                           ;PWMservo.c: 460:     CCP2CON = 0x00;
  3000   002C96  6A7A               	clrf	122,c	;volatile
  3001   002C98                     
  3002                           ;PWMservo.c: 465:     CCPTMRS0 = (CCPTMRS0 & 0xF3) | 0x04;
  3003   002C98  013F               	movlb	63	; () banked
  3004   002C9A  515E               	movf	94,w,b	;volatile
  3005   002C9C  0BF3               	andlw	243
  3006   002C9E  0904               	iorlw	4
  3007   002CA0  6F5E               	movwf	94,b	;volatile
  3008   002CA2                     
  3009                           ; BSR set to: 63
  3010                           ;PWMservo.c: 467:     PWM2_LoadDutyValue(50u);
  3011   002CA2  6A02               	clrf	(PWM2_LoadDutyValue@dutyValue+1)^0,c
  3012   002CA4  0E32               	movlw	50
  3013   002CA6  6E01               	movwf	PWM2_LoadDutyValue@dutyValue^0,c
  3014   002CA8  EC8D  F016         	call	_PWM2_LoadDutyValue	;wreg free
  3015   002CAC                     
  3016                           ;PWMservo.c: 470:     CCP2CON = 0x8C;
  3017   002CAC  0E8C               	movlw	140
  3018   002CAE  6E7A               	movwf	122,c	;volatile
  3019   002CB0  0012               	return		;funcret
  3020   002CB2                     __end_of_PWM2_Initialize:
  3021                           	callstack 0
  3022                           
  3023 ;; *************** function _PWM2_LoadDutyValue *****************
  3024 ;; Defined at:
  3025 ;;		line 449 in file "PWMservo.c"
  3026 ;; Parameters:    Size  Location     Type
  3027 ;;  dutyValue       2    0[COMRAM] unsigned short 
  3028 ;; Auto vars:     Size  Location     Type
  3029 ;;		None
  3030 ;; Return value:  Size  Location     Type
  3031 ;;                  1    wreg      void 
  3032 ;; Registers used:
  3033 ;;		wreg, status,2, status,0
  3034 ;; Tracked objects:
  3035 ;;		On entry : 0/0
  3036 ;;		On exit  : 0/0
  3037 ;;		Unchanged: 0/0
  3038 ;; Data sizes:     COMRAM   BANK0   BANK1   BANK2   BANK3   BANK4   BANK5   BANK6   BANK7   BANK8   BANK9  BANK10  BANK1
      +1  BANK12  BANK13  BANK14  BANK15  BANK16  BANK17  BANK18  BANK19  BANK20  BANK21  BANK22  BANK23  BANK24  BANK25  BANK2
      +6  BANK27  BANK28  BANK29  BANK30  BANK31
  3039 ;;      Params:         2       0       0       0       0       0       0       0       0       0       0       0       
      +0       0       0       0       0       0       0       0       0       0       0       0       0       0       0       
      +0       0       0       0       0       0
  3040 ;;      Locals:         0       0       0       0       0       0       0       0       0       0       0       0       
      +0       0       0       0       0       0       0       0       0       0       0       0       0       0       0       
      +0       0       0       0       0       0
  3041 ;;      Temps:          0       0       0       0       0       0       0       0       0       0       0       0       
      +0       0       0       0       0       0       0       0       0       0       0       0       0       0       0       
      +0       0       0       0       0       0
  3042 ;;      Totals:         2       0       0       0       0       0       0       0       0       0       0       0       
      +0       0       0       0       0       0       0       0       0       0       0       0       0       0       0       
      +0       0       0       0       0       0
  3043 ;;Total ram usage:        2 bytes
  3044 ;; Hardware stack levels used: 1
  3045 ;; This function calls:
  3046 ;;		Nothing
  3047 ;; This function is called by:
  3048 ;;		_main
  3049 ;;		_PWM2_Initialize
  3050 ;; This function uses a non-reentrant model
  3051 ;;
  3052                           
  3053                           	psect	text15
  3054   002D1A                     __ptext15:
  3055                           	callstack 0
  3056   002D1A                     _PWM2_LoadDutyValue:
  3057                           	callstack 29
  3058   002D1A                     
  3059                           ;PWMservo.c: 449: void PWM2_LoadDutyValue(uint16_t dutyValue);PWMservo.c: 450: {;PWMserv
      +                          o.c: 451:     dutyValue &= 0x03FF;
  3060   002D1A  0EFF               	movlw	255
  3061   002D1C  1601               	andwf	PWM2_LoadDutyValue@dutyValue^0,f,c
  3062   002D1E  0E03               	movlw	3
  3063   002D20  1602               	andwf	(PWM2_LoadDutyValue@dutyValue+1)^0,f,c
  3064   002D22                     
  3065                           ;PWMservo.c: 454:     CCPR2H = (uint8_t)(dutyValue >> 8);
  3066   002D22  5002               	movf	(PWM2_LoadDutyValue@dutyValue+1)^0,w,c
  3067   002D24  6E79               	movwf	121,c	;volatile
  3068   002D26                     
  3069                           ;PWMservo.c: 455:     CCPR2L = (uint8_t)(dutyValue & 0xFF);
  3070   002D26  0060  F007  FF78   	movff	PWM2_LoadDutyValue@dutyValue,16248	;volatile
  3071   002D2C  0012               	return		;funcret
  3072   002D2E                     __end_of_PWM2_LoadDutyValue:
  3073                           	callstack 0
  3074                           
  3075 ;; *************** function _PPS_Initialize *****************
  3076 ;; Defined at:
  3077 ;;		line 245 in file "PWMservo.c"
  3078 ;; Parameters:    Size  Location     Type
  3079 ;;		None
  3080 ;; Auto vars:     Size  Location     Type
  3081 ;;		None
  3082 ;; Return value:  Size  Location     Type
  3083 ;;                  1    wreg      void 
  3084 ;; Registers used:
  3085 ;;		wreg, status,2
  3086 ;; Tracked objects:
  3087 ;;		On entry : 0/0
  3088 ;;		On exit  : 0/0
  3089 ;;		Unchanged: 0/0
  3090 ;; Data sizes:     COMRAM   BANK0   BANK1   BANK2   BANK3   BANK4   BANK5   BANK6   BANK7   BANK8   BANK9  BANK10  BANK1
      +1  BANK12  BANK13  BANK14  BANK15  BANK16  BANK17  BANK18  BANK19  BANK20  BANK21  BANK22  BANK23  BANK24  BANK25  BANK2
      +6  BANK27  BANK28  BANK29  BANK30  BANK31
  3091 ;;      Params:         0       0       0       0       0       0       0       0       0       0       0       0       
      +0       0       0       0       0       0       0       0       0       0       0       0       0       0       0       
      +0       0       0       0       0       0
  3092 ;;      Locals:         0       0       0       0       0       0       0       0       0       0       0       0       
      +0       0       0       0       0       0       0       0       0       0       0       0       0       0       0       
      +0       0       0       0       0       0
  3093 ;;      Temps:          0       0       0       0       0       0       0       0       0       0       0       0       
      +0       0       0       0       0       0       0       0       0       0       0       0       0       0       0       
      +0       0       0       0       0       0
  3094 ;;      Totals:         0       0       0       0       0       0       0       0       0       0       0       0       
      +0       0       0       0       0       0       0       0       0       0       0       0       0       0       0       
      +0       0       0       0       0       0
  3095 ;;Total ram usage:        0 bytes
  3096 ;; Hardware stack levels used: 1
  3097 ;; This function calls:
  3098 ;;		Nothing
  3099 ;; This function is called by:
  3100 ;;		_main
  3101 ;; This function uses a non-reentrant model
  3102 ;;
  3103                           
  3104                           	psect	text16
  3105   002CB2                     __ptext16:
  3106                           	callstack 0
  3107   002CB2                     _PPS_Initialize:
  3108                           	callstack 30
  3109   002CB2                     
  3110                           ;PWMservo.c: 247:     PPSLOCK = 0x55;
  3111   002CB2  0E55               	movlw	85
  3112   002CB4  013A               	movlb	58	; () banked
  3113   002CB6  6FBF               	movwf	191,b	;volsfr
  3114                           
  3115                           ;PWMservo.c: 248:     PPSLOCK = 0xAA;
  3116   002CB8  0EAA               	movlw	170
  3117   002CBA  6FBF               	movwf	191,b	;volsfr
  3118   002CBC                     
  3119                           ; BSR set to: 58
  3120                           ;PWMservo.c: 249:     PPSLOCKbits.PPSLOCKED = 0;
  3121   002CBC  91BF               	bcf	191,0,b	;volsfr
  3122                           
  3123                           ;PWMservo.c: 252:     RC5PPS = 0x0A;
  3124   002CBE  0E0A               	movlw	10
  3125   002CC0  6F15               	movwf	21,b	;volatile
  3126                           
  3127                           ;PWMservo.c: 254:     PPSLOCK = 0x55;
  3128   002CC2  0E55               	movlw	85
  3129   002CC4  6FBF               	movwf	191,b	;volsfr
  3130                           
  3131                           ;PWMservo.c: 255:     PPSLOCK = 0xAA;
  3132   002CC6  0EAA               	movlw	170
  3133   002CC8  6FBF               	movwf	191,b	;volsfr
  3134   002CCA                     
  3135                           ; BSR set to: 58
  3136                           ;PWMservo.c: 256:     PPSLOCKbits.PPSLOCKED = 1;
  3137   002CCA  81BF               	bsf	191,0,b	;volsfr
  3138   002CCC                     
  3139                           ; BSR set to: 58
  3140   002CCC  0012               	return		;funcret
  3141   002CCE                     __end_of_PPS_Initialize:
  3142                           	callstack 0
  3143                           
  3144 ;; *************** function _PORT_Initialize *****************
  3145 ;; Defined at:
  3146 ;;		line 212 in file "PWMservo.c"
  3147 ;; Parameters:    Size  Location     Type
  3148 ;;		None
  3149 ;; Auto vars:     Size  Location     Type
  3150 ;;		None
  3151 ;; Return value:  Size  Location     Type
  3152 ;;                  1    wreg      void 
  3153 ;; Registers used:
  3154 ;;		None
  3155 ;; Tracked objects:
  3156 ;;		On entry : 0/0
  3157 ;;		On exit  : 0/0
  3158 ;;		Unchanged: 0/0
  3159 ;; Data sizes:     COMRAM   BANK0   BANK1   BANK2   BANK3   BANK4   BANK5   BANK6   BANK7   BANK8   BANK9  BANK10  BANK1
      +1  BANK12  BANK13  BANK14  BANK15  BANK16  BANK17  BANK18  BANK19  BANK20  BANK21  BANK22  BANK23  BANK24  BANK25  BANK2
      +6  BANK27  BANK28  BANK29  BANK30  BANK31
  3160 ;;      Params:         0       0       0       0       0       0       0       0       0       0       0       0       
      +0       0       0       0       0       0       0       0       0       0       0       0       0       0       0       
      +0       0       0       0       0       0
  3161 ;;      Locals:         0       0       0       0       0       0       0       0       0       0       0       0       
      +0       0       0       0       0       0       0       0       0       0       0       0       0       0       0       
      +0       0       0       0       0       0
  3162 ;;      Temps:          0       0       0       0       0       0       0       0       0       0       0       0       
      +0       0       0       0       0       0       0       0       0       0       0       0       0       0       0       
      +0       0       0       0       0       0
  3163 ;;      Totals:         0       0       0       0       0       0       0       0       0       0       0       0       
      +0       0       0       0       0       0       0       0       0       0       0       0       0       0       0       
      +0       0       0       0       0       0
  3164 ;;Total ram usage:        0 bytes
  3165 ;; Hardware stack levels used: 1
  3166 ;; This function calls:
  3167 ;;		Nothing
  3168 ;; This function is called by:
  3169 ;;		_main
  3170 ;; This function uses a non-reentrant model
  3171 ;;
  3172                           
  3173                           	psect	text17
  3174   002C58                     __ptext17:
  3175                           	callstack 0
  3176   002C58                     _PORT_Initialize:
  3177                           	callstack 30
  3178   002C58                     
  3179                           ;PWMservo.c: 215:     ANSELB = 0x00;
  3180   002C58  013A               	movlb	58	; () banked
  3181   002C5A  6B50               	clrf	80,b	;volatile
  3182                           
  3183                           ;PWMservo.c: 216:     ANSELD = 0x00;
  3184   002C5C  6B70               	clrf	112,b	;volatile
  3185                           
  3186                           ;PWMservo.c: 217:     ANSELCbits.ANSELC5 = 0;
  3187   002C5E  9B60               	bcf	96,5,b	;volatile
  3188                           
  3189                           ;PWMservo.c: 220:     TRISB = 0x00;
  3190   002C60  6AC3               	clrf	195,c	;volatile
  3191                           
  3192                           ;PWMservo.c: 221:     LATB = 0x00;
  3193   002C62  6ABB               	clrf	187,c	;volatile
  3194                           
  3195                           ;PWMservo.c: 224:     TRISDbits.TRISD0 = 0;
  3196   002C64  90C5               	bcf	197,0,c	;volatile
  3197                           
  3198                           ;PWMservo.c: 225:     TRISDbits.TRISD1 = 0;
  3199   002C66  92C5               	bcf	197,1,c	;volatile
  3200                           
  3201                           ;PWMservo.c: 228:     TRISCbits.TRISC5 = 1;
  3202   002C68  8AC4               	bsf	196,5,c	;volatile
  3203                           
  3204                           ;PWMservo.c: 231:     TRISDbits.TRISD3 = 0;
  3205   002C6A  96C5               	bcf	197,3,c	;volatile
  3206                           
  3207                           ;PWMservo.c: 232:     LATDbits.LATD3 = 0;
  3208   002C6C  96BD               	bcf	189,3,c	;volatile
  3209                           
  3210                           ;PWMservo.c: 235:     TRISDbits.TRISD4 = 1;
  3211   002C6E  88C5               	bsf	197,4,c	;volatile
  3212                           
  3213                           ;PWMservo.c: 238:     TRISDbits.TRISD5 = 0;
  3214   002C70  9AC5               	bcf	197,5,c	;volatile
  3215                           
  3216                           ;PWMservo.c: 239:     LATDbits.LATD5 = 0;
  3217   002C72  9ABD               	bcf	189,5,c	;volatile
  3218                           
  3219                           ;PWMservo.c: 241:     LATD = 0x00;
  3220   002C74  6ABD               	clrf	189,c	;volatile
  3221   002C76                     
  3222                           ; BSR set to: 58
  3223   002C76  0012               	return		;funcret
  3224   002C78                     __end_of_PORT_Initialize:
  3225                           	callstack 0
  3226                           
  3227 ;; *************** function _LCD_SetCursor *****************
  3228 ;; Defined at:
  3229 ;;		line 312 in file "PWMservo.c"
  3230 ;; Parameters:    Size  Location     Type
  3231 ;;  row             1    wreg     unsigned char 
  3232 ;;  col             1    2[COMRAM] unsigned char 
  3233 ;; Auto vars:     Size  Location     Type
  3234 ;;  row             1    3[COMRAM] unsigned char 
  3235 ;; Return value:  Size  Location     Type
  3236 ;;                  1    wreg      void 
  3237 ;; Registers used:
  3238 ;;		wreg, status,2, status,0, cstack
  3239 ;; Tracked objects:
  3240 ;;		On entry : 0/0
  3241 ;;		On exit  : 0/0
  3242 ;;		Unchanged: 0/0
  3243 ;; Data sizes:     COMRAM   BANK0   BANK1   BANK2   BANK3   BANK4   BANK5   BANK6   BANK7   BANK8   BANK9  BANK10  BANK1
      +1  BANK12  BANK13  BANK14  BANK15  BANK16  BANK17  BANK18  BANK19  BANK20  BANK21  BANK22  BANK23  BANK24  BANK25  BANK2
      +6  BANK27  BANK28  BANK29  BANK30  BANK31
  3244 ;;      Params:         1       0       0       0       0       0       0       0       0       0       0       0       
      +0       0       0       0       0       0       0       0       0       0       0       0       0       0       0       
      +0       0       0       0       0       0
  3245 ;;      Locals:         1       0       0       0       0       0       0       0       0       0       0       0       
      +0       0       0       0       0       0       0       0       0       0       0       0       0       0       0       
      +0       0       0       0       0       0
  3246 ;;      Temps:          0       0       0       0       0       0       0       0       0       0       0       0       
      +0       0       0       0       0       0       0       0       0       0       0       0       0       0       0       
      +0       0       0       0       0       0
  3247 ;;      Totals:         2       0       0       0       0       0       0       0       0       0       0       0       
      +0       0       0       0       0       0       0       0       0       0       0       0       0       0       0       
      +0       0       0       0       0       0
  3248 ;;Total ram usage:        2 bytes
  3249 ;; Hardware stack levels used: 1
  3250 ;; Hardware stack levels required when called: 1
  3251 ;; This function calls:
  3252 ;;		_LCD_Command
  3253 ;; This function is called by:
  3254 ;;		_main
  3255 ;; This function uses a non-reentrant model
  3256 ;;
  3257                           
  3258                           	psect	text18
  3259   002C30                     __ptext18:
  3260                           	callstack 0
  3261   002C30                     _LCD_SetCursor:
  3262                           	callstack 29
  3263                           
  3264                           ; BSR set to: 58
  3265                           ;incstack = 0
  3266                           ;LCD_SetCursor@row stored from wreg
  3267   002C30  6E04               	movwf	LCD_SetCursor@row^0,c
  3268   002C32                     
  3269                           ;PWMservo.c: 312: void LCD_SetCursor(uint8_t row, uint8_t col);PWMservo.c: 313: {;PWMser
      +                          vo.c: 314:     if (row == 0)
  3270   002C32  5004               	movf	LCD_SetCursor@row^0,w,c
  3271   002C34  A4D8               	btfss	status,2,c
  3272   002C36  EF1F  F016         	goto	u1001
  3273   002C3A  EF21  F016         	goto	u1000
  3274   002C3E                     u1001:
  3275   002C3E  EF27  F016         	goto	l1906
  3276   002C42                     u1000:
  3277   002C42                     
  3278                           ;PWMservo.c: 315:     {;PWMservo.c: 316:         LCD_Command(0x80 + col);
  3279   002C42  5003               	movf	LCD_SetCursor@col^0,w,c
  3280   002C44  0F80               	addlw	128
  3281   002C46  ECC3  F015         	call	_LCD_Command
  3282                           
  3283                           ;PWMservo.c: 317:     }
  3284   002C4A  EF2B  F016         	goto	l152
  3285   002C4E                     l1906:
  3286                           
  3287                           ;PWMservo.c: 319:     {;PWMservo.c: 320:         LCD_Command(0xC0 + col);
  3288   002C4E  5003               	movf	LCD_SetCursor@col^0,w,c
  3289   002C50  0FC0               	addlw	192
  3290   002C52  ECC3  F015         	call	_LCD_Command
  3291   002C56                     l152:
  3292   002C56  0012               	return		;funcret
  3293   002C58                     __end_of_LCD_SetCursor:
  3294                           	callstack 0
  3295                           
  3296 ;; *************** function _LCD_Print16 *****************
  3297 ;; Defined at:
  3298 ;;		line 295 in file "PWMservo.c"
  3299 ;; Parameters:    Size  Location     Type
  3300 ;;  text            2    1[COMRAM] PTR const unsigned char 
  3301 ;;		 -> STR_6(14), STR_5(16), main@line(17), STR_3(14), 
  3302 ;;		 -> STR_2(12), STR_1(12), 
  3303 ;; Auto vars:     Size  Location     Type
  3304 ;;  i               1    3[COMRAM] unsigned char 
  3305 ;; Return value:  Size  Location     Type
  3306 ;;                  1    wreg      void 
  3307 ;; Registers used:
  3308 ;;		wreg, fsr1l, fsr1h, status,2, status,0, tblptrl, tblptrh, tblptru, cstack
  3309 ;; Tracked objects:
  3310 ;;		On entry : 0/0
  3311 ;;		On exit  : 0/0
  3312 ;;		Unchanged: 0/0
  3313 ;; Data sizes:     COMRAM   BANK0   BANK1   BANK2   BANK3   BANK4   BANK5   BANK6   BANK7   BANK8   BANK9  BANK10  BANK1
      +1  BANK12  BANK13  BANK14  BANK15  BANK16  BANK17  BANK18  BANK19  BANK20  BANK21  BANK22  BANK23  BANK24  BANK25  BANK2
      +6  BANK27  BANK28  BANK29  BANK30  BANK31
  3314 ;;      Params:         2       0       0       0       0       0       0       0       0       0       0       0       
      +0       0       0       0       0       0       0       0       0       0       0       0       0       0       0       
      +0       0       0       0       0       0
  3315 ;;      Locals:         1       0       0       0       0       0       0       0       0       0       0       0       
      +0       0       0       0       0       0       0       0       0       0       0       0       0       0       0       
      +0       0       0       0       0       0
  3316 ;;      Temps:          0       0       0       0       0       0       0       0       0       0       0       0       
      +0       0       0       0       0       0       0       0       0       0       0       0       0       0       0       
      +0       0       0       0       0       0
  3317 ;;      Totals:         3       0       0       0       0       0       0       0       0       0       0       0       
      +0       0       0       0       0       0       0       0       0       0       0       0       0       0       0       
      +0       0       0       0       0       0
  3318 ;;Total ram usage:        3 bytes
  3319 ;; Hardware stack levels used: 1
  3320 ;; Hardware stack levels required when called: 2
  3321 ;; This function calls:
  3322 ;;		_LCD_Char
  3323 ;; This function is called by:
  3324 ;;		_main
  3325 ;; This function uses a non-reentrant model
  3326 ;;
  3327                           
  3328                           	psect	text19
  3329   002820                     __ptext19:
  3330                           	callstack 0
  3331   002820                     _LCD_Print16:
  3332                           	callstack 28
  3333   002820                     
  3334                           ;PWMservo.c: 295: void LCD_Print16(const char *text);PWMservo.c: 296: {;PWMservo.c: 297:
      +                               uint8_t i = 0;
  3335   002820  6A04               	clrf	LCD_Print16@i^0,c
  3336                           
  3337                           ;PWMservo.c: 299:     while (*text && i < 16)
  3338   002822  EF2D  F014         	goto	l1916
  3339   002826                     l1910:
  3340                           
  3341                           ;PWMservo.c: 300:     {;PWMservo.c: 301:         LCD_Char(*text++);
  3342   002826  0060  F00B  FFF6   	movff	LCD_Print16@text,tblptrl
  3343   00282C  0060  F00F  FFF7   	movff	LCD_Print16@text+1,tblptrh
  3344   002832  0E00               	movlw	low (__smallconst shr (0+16))
  3345   002834  6EF8               	movwf	tblptru,c
  3346   002836  0E1F               	movlw	(high __ramtop+-1)
  3347   002838  64F7               	cpfsgt	tblptrh,c
  3348   00283A  D003               	bra	u1017
  3349   00283C  0008               	tblrd		*
  3350   00283E  50F5               	movf	tablat,w,c
  3351   002840  D007               	bra	u1010
  3352   002842                     u1017:
  3353   002842  006F FFDB FFE1     	movff	tblptrl,fsr1l
  3354   002848  006F FFDF FFE2     	movff	tblptrh,fsr1h
  3355   00284E  50E7               	movf	indf1,w,c
  3356   002850                     u1010:
  3357   002850  EC9F  F016         	call	_LCD_Char
  3358   002854  4A02               	infsnz	LCD_Print16@text^0,f,c
  3359   002856  2A03               	incf	(LCD_Print16@text+1)^0,f,c
  3360   002858                     
  3361                           ;PWMservo.c: 302:         i++;
  3362   002858  2A04               	incf	LCD_Print16@i^0,f,c
  3363   00285A                     l1916:
  3364                           
  3365                           ;PWMservo.c: 299:     while (*text && i < 16)
  3366   00285A  0060  F00B  FFF6   	movff	LCD_Print16@text,tblptrl
  3367   002860  0060  F00F  FFF7   	movff	LCD_Print16@text+1,tblptrh
  3368   002866  0E00               	movlw	low (__smallconst shr (0+16))
  3369   002868  6EF8               	movwf	tblptru,c
  3370   00286A  0E1F               	movlw	(high __ramtop+-1)
  3371   00286C  64F7               	cpfsgt	tblptrh,c
  3372   00286E  D003               	bra	u1027
  3373   002870  0008               	tblrd		*
  3374   002872  50F5               	movf	tablat,w,c
  3375   002874  D007               	bra	u1020
  3376   002876                     u1027:
  3377   002876  006F FFDB FFE1     	movff	tblptrl,fsr1l
  3378   00287C  006F FFDF FFE2     	movff	tblptrh,fsr1h
  3379   002882  50E7               	movf	indf1,w,c
  3380   002884                     u1020:
  3381   002884  0900               	iorlw	0
  3382   002886  B4D8               	btfsc	status,2,c
  3383   002888  EF48  F014         	goto	u1031
  3384   00288C  EF4A  F014         	goto	u1030
  3385   002890                     u1031:
  3386   002890  EF58  F014         	goto	l1924
  3387   002894                     u1030:
  3388   002894  0E0F               	movlw	15
  3389   002896  6404               	cpfsgt	LCD_Print16@i^0,c
  3390   002898  EF50  F014         	goto	u1041
  3391   00289C  EF52  F014         	goto	u1040
  3392   0028A0                     u1041:
  3393   0028A0  EF13  F014         	goto	l1910
  3394   0028A4                     u1040:
  3395   0028A4  EF58  F014         	goto	l1924
  3396   0028A8                     l1920:
  3397                           
  3398                           ;PWMservo.c: 306:     {;PWMservo.c: 307:         LCD_Char(' ');
  3399   0028A8  0E20               	movlw	32
  3400   0028AA  EC9F  F016         	call	_LCD_Char
  3401   0028AE                     
  3402                           ;PWMservo.c: 308:         i++;
  3403   0028AE  2A04               	incf	LCD_Print16@i^0,f,c
  3404   0028B0                     l1924:
  3405                           
  3406                           ;PWMservo.c: 305:     while (i < 16)
  3407   0028B0  0E0F               	movlw	15
  3408   0028B2  6404               	cpfsgt	LCD_Print16@i^0,c
  3409   0028B4  EF5E  F014         	goto	u1051
  3410   0028B8  EF60  F014         	goto	u1050
  3411   0028BC                     u1051:
  3412   0028BC  EF54  F014         	goto	l1920
  3413   0028C0                     u1050:
  3414   0028C0  0012               	return		;funcret
  3415   0028C2                     __end_of_LCD_Print16:
  3416                           	callstack 0
  3417                           
  3418 ;; *************** function _LCD_Char *****************
  3419 ;; Defined at:
  3420 ;;		line 280 in file "PWMservo.c"
  3421 ;; Parameters:    Size  Location     Type
  3422 ;;  c               1    wreg     unsigned char 
  3423 ;; Auto vars:     Size  Location     Type
  3424 ;;  c               1    0[COMRAM] unsigned char 
  3425 ;; Return value:  Size  Location     Type
  3426 ;;                  1    wreg      void 
  3427 ;; Registers used:
  3428 ;;		wreg, cstack
  3429 ;; Tracked objects:
  3430 ;;		On entry : 0/0
  3431 ;;		On exit  : 0/0
  3432 ;;		Unchanged: 0/0
  3433 ;; Data sizes:     COMRAM   BANK0   BANK1   BANK2   BANK3   BANK4   BANK5   BANK6   BANK7   BANK8   BANK9  BANK10  BANK1
      +1  BANK12  BANK13  BANK14  BANK15  BANK16  BANK17  BANK18  BANK19  BANK20  BANK21  BANK22  BANK23  BANK24  BANK25  BANK2
      +6  BANK27  BANK28  BANK29  BANK30  BANK31
  3434 ;;      Params:         0       0       0       0       0       0       0       0       0       0       0       0       
      +0       0       0       0       0       0       0       0       0       0       0       0       0       0       0       
      +0       0       0       0       0       0
  3435 ;;      Locals:         1       0       0       0       0       0       0       0       0       0       0       0       
      +0       0       0       0       0       0       0       0       0       0       0       0       0       0       0       
      +0       0       0       0       0       0
  3436 ;;      Temps:          0       0       0       0       0       0       0       0       0       0       0       0       
      +0       0       0       0       0       0       0       0       0       0       0       0       0       0       0       
      +0       0       0       0       0       0
  3437 ;;      Totals:         1       0       0       0       0       0       0       0       0       0       0       0       
      +0       0       0       0       0       0       0       0       0       0       0       0       0       0       0       
      +0       0       0       0       0       0
  3438 ;;Total ram usage:        1 bytes
  3439 ;; Hardware stack levels used: 1
  3440 ;; Hardware stack levels required when called: 1
  3441 ;; This function calls:
  3442 ;;		_LCD_PulseEnable
  3443 ;; This function is called by:
  3444 ;;		_LCD_Print16
  3445 ;;		_LCD_Print
  3446 ;; This function uses a non-reentrant model
  3447 ;;
  3448                           
  3449                           	psect	text20
  3450   002D3E                     __ptext20:
  3451                           	callstack 0
  3452   002D3E                     _LCD_Char:
  3453                           	callstack 28
  3454                           
  3455                           ;incstack = 0
  3456                           ;LCD_Char@c stored from wreg
  3457   002D3E  6E01               	movwf	LCD_Char@c^0,c
  3458   002D40                     
  3459                           ;PWMservo.c: 280: void LCD_Char(char c);PWMservo.c: 281: {;PWMservo.c: 282:     LATDbits
      +                          .LATD0 = 1;
  3460   002D40  80BD               	bsf	189,0,c	;volatile
  3461   002D42                     
  3462                           ;PWMservo.c: 283:     LATB = (uint8_t)c;
  3463   002D42  0060  F007  FFBB   	movff	LCD_Char@c,16315	;volatile
  3464   002D48                     
  3465                           ;PWMservo.c: 284:     LCD_PulseEnable();
  3466   002D48  ECA7  F016         	call	_LCD_PulseEnable	;wreg free
  3467   002D4C  0012               	return		;funcret
  3468   002D4E                     __end_of_LCD_Char:
  3469                           	callstack 0
  3470                           
  3471 ;; *************** function _LCD_Initialize *****************
  3472 ;; Defined at:
  3473 ;;		line 324 in file "PWMservo.c"
  3474 ;; Parameters:    Size  Location     Type
  3475 ;;		None
  3476 ;; Auto vars:     Size  Location     Type
  3477 ;;		None
  3478 ;; Return value:  Size  Location     Type
  3479 ;;                  1    wreg      void 
  3480 ;; Registers used:
  3481 ;;		wreg, status,2, status,0, cstack
  3482 ;; Tracked objects:
  3483 ;;		On entry : 0/0
  3484 ;;		On exit  : 0/0
  3485 ;;		Unchanged: 0/0
  3486 ;; Data sizes:     COMRAM   BANK0   BANK1   BANK2   BANK3   BANK4   BANK5   BANK6   BANK7   BANK8   BANK9  BANK10  BANK1
      +1  BANK12  BANK13  BANK14  BANK15  BANK16  BANK17  BANK18  BANK19  BANK20  BANK21  BANK22  BANK23  BANK24  BANK25  BANK2
      +6  BANK27  BANK28  BANK29  BANK30  BANK31
  3487 ;;      Params:         0       0       0       0       0       0       0       0       0       0       0       0       
      +0       0       0       0       0       0       0       0       0       0       0       0       0       0       0       
      +0       0       0       0       0       0
  3488 ;;      Locals:         0       0       0       0       0       0       0       0       0       0       0       0       
      +0       0       0       0       0       0       0       0       0       0       0       0       0       0       0       
      +0       0       0       0       0       0
  3489 ;;      Temps:          1       0       0       0       0       0       0       0       0       0       0       0       
      +0       0       0       0       0       0       0       0       0       0       0       0       0       0       0       
      +0       0       0       0       0       0
  3490 ;;      Totals:         1       0       0       0       0       0       0       0       0       0       0       0       
      +0       0       0       0       0       0       0       0       0       0       0       0       0       0       0       
      +0       0       0       0       0       0
  3491 ;;Total ram usage:        1 bytes
  3492 ;; Hardware stack levels used: 1
  3493 ;; Hardware stack levels required when called: 2
  3494 ;; This function calls:
  3495 ;;		_LCD_Command
  3496 ;; This function is called by:
  3497 ;;		_main
  3498 ;; This function uses a non-reentrant model
  3499 ;;
  3500                           
  3501                           	psect	text21
  3502   002AEE                     __ptext21:
  3503                           	callstack 0
  3504   002AEE                     _LCD_Initialize:
  3505                           	callstack 28
  3506   002AEE                     
  3507                           ;PWMservo.c: 326:     _delay((unsigned long)((20)*(4000000UL/4000.0)));
  3508   002AEE  0E1A               	movlw	26
  3509   002AF0  6E03               	movwf	??_LCD_Initialize^0,c
  3510   002AF2  0EF8               	movlw	248
  3511   002AF4                     u1207:
  3512   002AF4  2EE8               	decfsz	wreg,f,c
  3513   002AF6  D7FE               	bra	u1207
  3514   002AF8  2E03               	decfsz	??_LCD_Initialize^0,f,c
  3515   002AFA  D7FC               	bra	u1207
  3516   002AFC  D000               	nop2	
  3517   002AFE                     
  3518                           ;PWMservo.c: 328:     LATDbits.LATD0 = 0;
  3519   002AFE  90BD               	bcf	189,0,c	;volatile
  3520   002B00                     
  3521                           ;PWMservo.c: 329:     LATDbits.LATD1 = 0;
  3522   002B00  92BD               	bcf	189,1,c	;volatile
  3523   002B02                     
  3524                           ;PWMservo.c: 332:     LCD_Command(0x30);
  3525   002B02  0E30               	movlw	48
  3526   002B04  ECC3  F015         	call	_LCD_Command
  3527   002B08                     
  3528                           ;PWMservo.c: 333:     _delay((unsigned long)((5)*(4000000UL/4000.0)));
  3529   002B08  0E07               	movlw	7
  3530   002B0A  6E03               	movwf	??_LCD_Initialize^0,c
  3531   002B0C  0E7D               	movlw	125
  3532   002B0E                     u1217:
  3533   002B0E  2EE8               	decfsz	wreg,f,c
  3534   002B10  D7FE               	bra	u1217
  3535   002B12  2E03               	decfsz	??_LCD_Initialize^0,f,c
  3536   002B14  D7FC               	bra	u1217
  3537   002B16  0000               	nop	
  3538                           
  3539                           ;PWMservo.c: 334:     LCD_Command(0x30);
  3540   002B18  0E30               	movlw	48
  3541   002B1A  ECC3  F015         	call	_LCD_Command
  3542   002B1E                     
  3543                           ;PWMservo.c: 335:     _delay((unsigned long)((150)*(4000000UL/4000000.0)));
  3544   002B1E  0E32               	movlw	50
  3545   002B20                     u1227:
  3546   002B20  2EE8               	decfsz	wreg,f,c
  3547   002B22  D7FE               	bra	u1227
  3548   002B24                     
  3549                           ;PWMservo.c: 336:     LCD_Command(0x30);
  3550   002B24  0E30               	movlw	48
  3551   002B26  ECC3  F015         	call	_LCD_Command
  3552   002B2A                     
  3553                           ;PWMservo.c: 338:     LCD_Command(0x38);
  3554   002B2A  0E38               	movlw	56
  3555   002B2C  ECC3  F015         	call	_LCD_Command
  3556   002B30                     
  3557                           ;PWMservo.c: 339:     LCD_Command(0x0C);
  3558   002B30  0E0C               	movlw	12
  3559   002B32  ECC3  F015         	call	_LCD_Command
  3560   002B36                     
  3561                           ;PWMservo.c: 340:     LCD_Command(0x06);
  3562   002B36  0E06               	movlw	6
  3563   002B38  ECC3  F015         	call	_LCD_Command
  3564   002B3C                     
  3565                           ;PWMservo.c: 341:     LCD_Command(0x01);
  3566   002B3C  0E01               	movlw	1
  3567   002B3E  ECC3  F015         	call	_LCD_Command
  3568   002B42  0012               	return		;funcret
  3569   002B44                     __end_of_LCD_Initialize:
  3570                           	callstack 0
  3571                           
  3572 ;; *************** function _LCD_Command *****************
  3573 ;; Defined at:
  3574 ;;		line 268 in file "PWMservo.c"
  3575 ;; Parameters:    Size  Location     Type
  3576 ;;  command         1    wreg     unsigned char 
  3577 ;; Auto vars:     Size  Location     Type
  3578 ;;  command         1    1[COMRAM] unsigned char 
  3579 ;; Return value:  Size  Location     Type
  3580 ;;                  1    wreg      void 
  3581 ;; Registers used:
  3582 ;;		wreg, status,2, status,0, cstack
  3583 ;; Tracked objects:
  3584 ;;		On entry : 0/0
  3585 ;;		On exit  : 0/0
  3586 ;;		Unchanged: 0/0
  3587 ;; Data sizes:     COMRAM   BANK0   BANK1   BANK2   BANK3   BANK4   BANK5   BANK6   BANK7   BANK8   BANK9  BANK10  BANK1
      +1  BANK12  BANK13  BANK14  BANK15  BANK16  BANK17  BANK18  BANK19  BANK20  BANK21  BANK22  BANK23  BANK24  BANK25  BANK2
      +6  BANK27  BANK28  BANK29  BANK30  BANK31
  3588 ;;      Params:         0       0       0       0       0       0       0       0       0       0       0       0       
      +0       0       0       0       0       0       0       0       0       0       0       0       0       0       0       
      +0       0       0       0       0       0
  3589 ;;      Locals:         1       0       0       0       0       0       0       0       0       0       0       0       
      +0       0       0       0       0       0       0       0       0       0       0       0       0       0       0       
      +0       0       0       0       0       0
  3590 ;;      Temps:          1       0       0       0       0       0       0       0       0       0       0       0       
      +0       0       0       0       0       0       0       0       0       0       0       0       0       0       0       
      +0       0       0       0       0       0
  3591 ;;      Totals:         2       0       0       0       0       0       0       0       0       0       0       0       
      +0       0       0       0       0       0       0       0       0       0       0       0       0       0       0       
      +0       0       0       0       0       0
  3592 ;;Total ram usage:        2 bytes
  3593 ;; Hardware stack levels used: 1
  3594 ;; This function calls:
  3595 ;;		_LCD_PulseEnable
  3596 ;; This function is called by:
  3597 ;;		_LCD_SetCursor
  3598 ;;		_LCD_Initialize
  3599 ;; This function uses a non-reentrant model
  3600 ;;
  3601                           
  3602                           	psect	text22
  3603   002B86                     __ptext22:
  3604                           	callstack 0
  3605   002B86                     _LCD_Command:
  3606                           	callstack 29
  3607                           
  3608                           ;incstack = 0
  3609                           ;LCD_Command@command stored from wreg
  3610   002B86  6E02               	movwf	LCD_Command@command^0,c
  3611   002B88                     
  3612                           ;PWMservo.c: 268: void LCD_Command(uint8_t command);PWMservo.c: 269: {;PWMservo.c: 270: 
      +                              LATDbits.LATD0 = 0;
  3613   002B88  90BD               	bcf	189,0,c	;volatile
  3614   002B8A                     
  3615                           ;PWMservo.c: 271:     LATB = command;
  3616   002B8A  0060  F00B  FFBB   	movff	LCD_Command@command,16315	;volatile
  3617   002B90                     
  3618                           ;PWMservo.c: 272:     LCD_PulseEnable();
  3619   002B90  ECA7  F016         	call	_LCD_PulseEnable	;wreg free
  3620   002B94                     
  3621                           ;PWMservo.c: 274:     if (command == 0x01 || command == 0x02)
  3622   002B94  0402               	decf	LCD_Command@command^0,w,c
  3623   002B96  B4D8               	btfsc	status,2,c
  3624   002B98  EFD0  F015         	goto	u321
  3625   002B9C  EFD2  F015         	goto	u320
  3626   002BA0                     u321:
  3627   002BA0  EFDB  F015         	goto	l1324
  3628   002BA4                     u320:
  3629   002BA4  0E02               	movlw	2
  3630   002BA6  1802               	xorwf	LCD_Command@command^0,w,c
  3631   002BA8  A4D8               	btfss	status,2,c
  3632   002BAA  EFD9  F015         	goto	u331
  3633   002BAE  EFDB  F015         	goto	u330
  3634   002BB2                     u331:
  3635   002BB2  EFE2  F015         	goto	l127
  3636   002BB6                     u330:
  3637   002BB6                     l1324:
  3638                           
  3639                           ;PWMservo.c: 275:     {;PWMservo.c: 276:         _delay((unsigned long)((2)*(4000000UL/4
      +                          000.0)));
  3640   002BB6  0E03               	movlw	3
  3641   002BB8  6E01               	movwf	??_LCD_Command^0,c
  3642   002BBA  0E98               	movlw	152
  3643   002BBC                     u1237:
  3644   002BBC  2EE8               	decfsz	wreg,f,c
  3645   002BBE  D7FE               	bra	u1237
  3646   002BC0  2E01               	decfsz	??_LCD_Command^0,f,c
  3647   002BC2  D7FC               	bra	u1237
  3648   002BC4                     l127:
  3649   002BC4  0012               	return		;funcret
  3650   002BC6                     __end_of_LCD_Command:
  3651                           	callstack 0
  3652                           
  3653 ;; *************** function _LCD_PulseEnable *****************
  3654 ;; Defined at:
  3655 ;;		line 260 in file "PWMservo.c"
  3656 ;; Parameters:    Size  Location     Type
  3657 ;;		None
  3658 ;; Auto vars:     Size  Location     Type
  3659 ;;		None
  3660 ;; Return value:  Size  Location     Type
  3661 ;;                  1    wreg      void 
  3662 ;; Registers used:
  3663 ;;		wreg
  3664 ;; Tracked objects:
  3665 ;;		On entry : 0/0
  3666 ;;		On exit  : 0/0
  3667 ;;		Unchanged: 0/0
  3668 ;; Data sizes:     COMRAM   BANK0   BANK1   BANK2   BANK3   BANK4   BANK5   BANK6   BANK7   BANK8   BANK9  BANK10  BANK1
      +1  BANK12  BANK13  BANK14  BANK15  BANK16  BANK17  BANK18  BANK19  BANK20  BANK21  BANK22  BANK23  BANK24  BANK25  BANK2
      +6  BANK27  BANK28  BANK29  BANK30  BANK31
  3669 ;;      Params:         0       0       0       0       0       0       0       0       0       0       0       0       
      +0       0       0       0       0       0       0       0       0       0       0       0       0       0       0       
      +0       0       0       0       0       0
  3670 ;;      Locals:         0       0       0       0       0       0       0       0       0       0       0       0       
      +0       0       0       0       0       0       0       0       0       0       0       0       0       0       0       
      +0       0       0       0       0       0
  3671 ;;      Temps:          0       0       0       0       0       0       0       0       0       0       0       0       
      +0       0       0       0       0       0       0       0       0       0       0       0       0       0       0       
      +0       0       0       0       0       0
  3672 ;;      Totals:         0       0       0       0       0       0       0       0       0       0       0       0       
      +0       0       0       0       0       0       0       0       0       0       0       0       0       0       0       
      +0       0       0       0       0       0
  3673 ;;Total ram usage:        0 bytes
  3674 ;; Hardware stack levels used: 1
  3675 ;; This function calls:
  3676 ;;		Nothing
  3677 ;; This function is called by:
  3678 ;;		_LCD_Command
  3679 ;;		_LCD_Char
  3680 ;; This function uses a non-reentrant model
  3681 ;;
  3682                           
  3683                           	psect	text23
  3684   002D4E                     __ptext23:
  3685                           	callstack 0
  3686   002D4E                     _LCD_PulseEnable:
  3687                           	callstack 28
  3688   002D4E                     
  3689                           ;PWMservo.c: 262:     LATDbits.LATD1 = 1;
  3690   002D4E  82BD               	bsf	189,1,c	;volatile
  3691                           
  3692                           ;PWMservo.c: 263:     _delay((unsigned long)((2)*(4000000UL/4000000.0)));
  3693   002D50  D000               	nop2		;2 cycle nop
  3694                           
  3695                           ;PWMservo.c: 264:     LATDbits.LATD1 = 0;
  3696   002D52  92BD               	bcf	189,1,c	;volatile
  3697   002D54                     
  3698                           ;PWMservo.c: 265:     _delay((unsigned long)((50)*(4000000UL/4000000.0)));
  3699   002D54  0E10               	movlw	16
  3700   002D56                     u1247:
  3701   002D56  2EE8               	decfsz	wreg,f,c
  3702   002D58  D7FE               	bra	u1247
  3703   002D5A  D000               	nop2	
  3704   002D5C  0012               	return		;funcret
  3705   002D5E                     __end_of_LCD_PulseEnable:
  3706                           	callstack 0
  3707                           
  3708 ;; *************** function _HCSR04_ReadDistanceCM *****************
  3709 ;; Defined at:
  3710 ;;		line 377 in file "PWMservo.c"
  3711 ;; Parameters:    Size  Location     Type
  3712 ;;		None
  3713 ;; Auto vars:     Size  Location     Type
  3714 ;;  timeout         2   11[COMRAM] unsigned short 
  3715 ;;  echo_us         2    9[COMRAM] unsigned short 
  3716 ;; Return value:  Size  Location     Type
  3717 ;;                  2    7[COMRAM] unsigned short 
  3718 ;; Registers used:
  3719 ;;		wreg, status,2, status,0, cstack
  3720 ;; Tracked objects:
  3721 ;;		On entry : 0/0
  3722 ;;		On exit  : 0/0
  3723 ;;		Unchanged: 0/0
  3724 ;; Data sizes:     COMRAM   BANK0   BANK1   BANK2   BANK3   BANK4   BANK5   BANK6   BANK7   BANK8   BANK9  BANK10  BANK1
      +1  BANK12  BANK13  BANK14  BANK15  BANK16  BANK17  BANK18  BANK19  BANK20  BANK21  BANK22  BANK23  BANK24  BANK25  BANK2
      +6  BANK27  BANK28  BANK29  BANK30  BANK31
  3725 ;;      Params:         2       0       0       0       0       0       0       0       0       0       0       0       
      +0       0       0       0       0       0       0       0       0       0       0       0       0       0       0       
      +0       0       0       0       0       0
  3726 ;;      Locals:         4       0       0       0       0       0       0       0       0       0       0       0       
      +0       0       0       0       0       0       0       0       0       0       0       0       0       0       0       
      +0       0       0       0       0       0
  3727 ;;      Temps:          0       0       0       0       0       0       0       0       0       0       0       0       
      +0       0       0       0       0       0       0       0       0       0       0       0       0       0       0       
      +0       0       0       0       0       0
  3728 ;;      Totals:         6       0       0       0       0       0       0       0       0       0       0       0       
      +0       0       0       0       0       0       0       0       0       0       0       0       0       0       0       
      +0       0       0       0       0       0
  3729 ;;Total ram usage:        6 bytes
  3730 ;; Hardware stack levels used: 1
  3731 ;; Hardware stack levels required when called: 1
  3732 ;; This function calls:
  3733 ;;		_TMR1_Read
  3734 ;;		_TMR1_Write
  3735 ;;		___lwdiv
  3736 ;; This function is called by:
  3737 ;;		_main
  3738 ;; This function uses a non-reentrant model
  3739 ;;
  3740                           
  3741                           	psect	text24
  3742   0024B4                     __ptext24:
  3743                           	callstack 0
  3744   0024B4                     _HCSR04_ReadDistanceCM:
  3745                           	callstack 29
  3746   0024B4                     
  3747                           ;PWMservo.c: 379:     uint16_t echo_us;;PWMservo.c: 380:     uint16_t timeout;;PWMservo.
      +                          c: 383:     LATDbits.LATD3 = 0;
  3748   0024B4  96BD               	bcf	189,3,c	;volatile
  3749                           
  3750                           ;PWMservo.c: 384:     _delay((unsigned long)((2)*(4000000UL/4000000.0)));
  3751   0024B6  D000               	nop2		;2 cycle nop
  3752                           
  3753                           ;PWMservo.c: 386:     LATDbits.LATD3 = 1;
  3754   0024B8  86BD               	bsf	189,3,c	;volatile
  3755   0024BA                     
  3756                           ;PWMservo.c: 387:     _delay((unsigned long)((10)*(4000000UL/4000000.0)));
  3757   0024BA  0E03               	movlw	3
  3758   0024BC                     u1257:
  3759   0024BC  2EE8               	decfsz	wreg,f,c
  3760   0024BE  D7FE               	bra	u1257
  3761   0024C0  0000               	nop	
  3762   0024C2                     
  3763                           ;PWMservo.c: 388:     LATDbits.LATD3 = 0;
  3764   0024C2  96BD               	bcf	189,3,c	;volatile
  3765   0024C4                     
  3766                           ;PWMservo.c: 391:     timeout = 30000;
  3767   0024C4  0E75               	movlw	117
  3768   0024C6  6E0D               	movwf	(HCSR04_ReadDistanceCM@timeout+1)^0,c
  3769   0024C8  0E30               	movlw	48
  3770   0024CA  6E0C               	movwf	HCSR04_ReadDistanceCM@timeout^0,c
  3771                           
  3772                           ;PWMservo.c: 392:     while (!PORTDbits.RD4)
  3773   0024CC  EF7B  F012         	goto	l1944
  3774   0024D0                     l1934:
  3775                           
  3776                           ;PWMservo.c: 393:     {;PWMservo.c: 394:         if (timeout == 0)
  3777   0024D0  500C               	movf	HCSR04_ReadDistanceCM@timeout^0,w,c
  3778   0024D2  100D               	iorwf	(HCSR04_ReadDistanceCM@timeout+1)^0,w,c
  3779   0024D4  A4D8               	btfss	status,2,c
  3780   0024D6  EF6F  F012         	goto	u1061
  3781   0024DA  EF71  F012         	goto	u1060
  3782   0024DE                     u1061:
  3783   0024DE  EF77  F012         	goto	l1940
  3784   0024E2                     u1060:
  3785   0024E2                     l1936:
  3786                           
  3787                           ;PWMservo.c: 395:         {;PWMservo.c: 396:             return 999;
  3788   0024E2  0E03               	movlw	3
  3789   0024E4  6E09               	movwf	(?_HCSR04_ReadDistanceCM+1)^0,c
  3790   0024E6  0EE7               	movlw	231
  3791   0024E8  6E08               	movwf	?_HCSR04_ReadDistanceCM^0,c
  3792   0024EA  EFB5  F012         	goto	l170
  3793   0024EE                     l1940:
  3794                           
  3795                           ;PWMservo.c: 399:         timeout--;
  3796   0024EE  060C               	decf	HCSR04_ReadDistanceCM@timeout^0,f,c
  3797   0024F0  A0D8               	btfss	status,0,c
  3798   0024F2  060D               	decf	(HCSR04_ReadDistanceCM@timeout+1)^0,f,c
  3799   0024F4                     
  3800                           ;PWMservo.c: 400:         _delay((unsigned long)((1)*(4000000UL/4000000.0)));
  3801   0024F4  0000               	nop	
  3802   0024F6                     l1944:
  3803                           
  3804                           ;PWMservo.c: 392:     while (!PORTDbits.RD4)
  3805   0024F6  A8CD               	btfss	205,4,c	;volatile
  3806   0024F8  EF80  F012         	goto	u1071
  3807   0024FC  EF82  F012         	goto	u1070
  3808   002500                     u1071:
  3809   002500  EF68  F012         	goto	l1934
  3810   002504                     u1070:
  3811   002504                     
  3812                           ;PWMservo.c: 404:     TMR1_Write(0);
  3813   002504  6A02               	clrf	(TMR1_Write@value+1)^0,c
  3814   002506  0E00               	movlw	0
  3815   002508  6E01               	movwf	TMR1_Write@value^0,c
  3816   00250A  ECAF  F016         	call	_TMR1_Write	;wreg free
  3817   00250E                     
  3818                           ;PWMservo.c: 405:     T1CON |= 0x01;
  3819   00250E  80B2               	bsf	178,0,c	;volatile
  3820                           
  3821                           ;PWMservo.c: 407:     while (PORTDbits.RD4)
  3822   002510  EF9A  F012         	goto	l172
  3823   002514                     l1950:
  3824                           
  3825                           ;PWMservo.c: 408:     {;PWMservo.c: 409:         if (TMR1_Read() > 30000)
  3826   002514  EC74  F016         	call	_TMR1_Read	;wreg free
  3827   002518  0E31               	movlw	49
  3828   00251A  5C01               	subwf	?_TMR1_Read^0,w,c
  3829   00251C  0E75               	movlw	117
  3830   00251E  5802               	subwfb	(?_TMR1_Read+1)^0,w,c
  3831   002520  A0D8               	btfss	status,0,c
  3832   002522  EF95  F012         	goto	u1081
  3833   002526  EF97  F012         	goto	u1080
  3834   00252A                     u1081:
  3835   00252A  EF9A  F012         	goto	l172
  3836   00252E                     u1080:
  3837   00252E                     
  3838                           ;PWMservo.c: 410:         {;PWMservo.c: 411:             T1CON &= 0xFE;
  3839   00252E  90B2               	bcf	178,0,c	;volatile
  3840   002530  EF71  F012         	goto	l1936
  3841   002534                     l172:
  3842                           
  3843                           ;PWMservo.c: 407:     while (PORTDbits.RD4)
  3844   002534  B8CD               	btfsc	205,4,c	;volatile
  3845   002536  EF9F  F012         	goto	u1091
  3846   00253A  EFA1  F012         	goto	u1090
  3847   00253E                     u1091:
  3848   00253E  EF8A  F012         	goto	l1950
  3849   002542                     u1090:
  3850   002542                     
  3851                           ;PWMservo.c: 416:     T1CON &= 0xFE;
  3852   002542  90B2               	bcf	178,0,c	;volatile
  3853   002544                     
  3854                           ;PWMservo.c: 418:     echo_us = TMR1_Read();
  3855   002544  EC74  F016         	call	_TMR1_Read	;wreg free
  3856   002548  C001  F00A         	movff	?_TMR1_Read,HCSR04_ReadDistanceCM@echo_us
  3857   00254C  C002  F00B         	movff	?_TMR1_Read+1,HCSR04_ReadDistanceCM@echo_us+1
  3858   002550                     
  3859                           ;PWMservo.c: 421:     return echo_us / 58u;
  3860   002550  C00A  F001         	movff	HCSR04_ReadDistanceCM@echo_us,___lwdiv@dividend
  3861   002554  C00B  F002         	movff	HCSR04_ReadDistanceCM@echo_us+1,___lwdiv@dividend+1
  3862   002558  6A04               	clrf	(___lwdiv@divisor+1)^0,c
  3863   00255A  0E3A               	movlw	58
  3864   00255C  6E03               	movwf	___lwdiv@divisor^0,c
  3865   00255E  ECA3  F014         	call	___lwdiv	;wreg free
  3866   002562  C001  F008         	movff	?___lwdiv,?_HCSR04_ReadDistanceCM
  3867   002566  C002  F009         	movff	?___lwdiv+1,?_HCSR04_ReadDistanceCM+1
  3868   00256A                     l170:
  3869   00256A  0012               	return		;funcret
  3870   00256C                     __end_of_HCSR04_ReadDistanceCM:
  3871                           	callstack 0
  3872                           
  3873 ;; *************** function ___lwdiv *****************
  3874 ;; Defined at:
  3875 ;;		line 7 in file "C:\Program Files\Microchip\xc8\v3.10\pic\sources\c99\common\lwdiv.c"
  3876 ;; Parameters:    Size  Location     Type
  3877 ;;  dividend        2    0[COMRAM] unsigned int 
  3878 ;;  divisor         2    2[COMRAM] unsigned int 
  3879 ;; Auto vars:     Size  Location     Type
  3880 ;;  quotient        2    4[COMRAM] unsigned int 
  3881 ;;  counter         1    6[COMRAM] unsigned char 
  3882 ;; Return value:  Size  Location     Type
  3883 ;;                  2    0[COMRAM] unsigned int 
  3884 ;; Registers used:
  3885 ;;		wreg, status,2, status,0
  3886 ;; Tracked objects:
  3887 ;;		On entry : 0/0
  3888 ;;		On exit  : 0/0
  3889 ;;		Unchanged: 0/0
  3890 ;; Data sizes:     COMRAM   BANK0   BANK1   BANK2   BANK3   BANK4   BANK5   BANK6   BANK7   BANK8   BANK9  BANK10  BANK1
      +1  BANK12  BANK13  BANK14  BANK15  BANK16  BANK17  BANK18  BANK19  BANK20  BANK21  BANK22  BANK23  BANK24  BANK25  BANK2
      +6  BANK27  BANK28  BANK29  BANK30  BANK31
  3891 ;;      Params:         4       0       0       0       0       0       0       0       0       0       0       0       
      +0       0       0       0       0       0       0       0       0       0       0       0       0       0       0       
      +0       0       0       0       0       0
  3892 ;;      Locals:         3       0       0       0       0       0       0       0       0       0       0       0       
      +0       0       0       0       0       0       0       0       0       0       0       0       0       0       0       
      +0       0       0       0       0       0
  3893 ;;      Temps:          0       0       0       0       0       0       0       0       0       0       0       0       
      +0       0       0       0       0       0       0       0       0       0       0       0       0       0       0       
      +0       0       0       0       0       0
  3894 ;;      Totals:         7       0       0       0       0       0       0       0       0       0       0       0       
      +0       0       0       0       0       0       0       0       0       0       0       0       0       0       0       
      +0       0       0       0       0       0
  3895 ;;Total ram usage:        7 bytes
  3896 ;; Hardware stack levels used: 1
  3897 ;; This function calls:
  3898 ;;		Nothing
  3899 ;; This function is called by:
  3900 ;;		_HCSR04_ReadDistanceCM
  3901 ;;		_utoa
  3902 ;; This function uses a non-reentrant model
  3903 ;;
  3904                           
  3905                           	psect	text25
  3906   002946                     __ptext25:
  3907                           	callstack 0
  3908   002946                     ___lwdiv:
  3909                           	callstack 26
  3910   002946  6A06               	clrf	(___lwdiv@quotient+1)^0,c
  3911   002948  0E00               	movlw	0
  3912   00294A  6E05               	movwf	___lwdiv@quotient^0,c
  3913   00294C  5003               	movf	___lwdiv@divisor^0,w,c
  3914   00294E  1004               	iorwf	(___lwdiv@divisor+1)^0,w,c
  3915   002950  B4D8               	btfsc	status,2,c
  3916   002952  EFAD  F014         	goto	u671
  3917   002956  EFAF  F014         	goto	u670
  3918   00295A                     u671:
  3919   00295A  EFD7  F014         	goto	l828
  3920   00295E                     u670:
  3921   00295E  0E01               	movlw	1
  3922   002960  6E07               	movwf	___lwdiv@counter^0,c
  3923   002962  EFB7  F014         	goto	l1650
  3924   002966                     l1648:
  3925   002966  90D8               	bcf	status,0,c
  3926   002968  3603               	rlcf	___lwdiv@divisor^0,f,c
  3927   00296A  3604               	rlcf	(___lwdiv@divisor+1)^0,f,c
  3928   00296C  2A07               	incf	___lwdiv@counter^0,f,c
  3929   00296E                     l1650:
  3930   00296E  AE04               	btfss	(___lwdiv@divisor+1)^0,7,c
  3931   002970  EFBC  F014         	goto	u681
  3932   002974  EFBE  F014         	goto	u680
  3933   002978                     u681:
  3934   002978  EFB3  F014         	goto	l1648
  3935   00297C                     u680:
  3936   00297C                     l1652:
  3937   00297C  90D8               	bcf	status,0,c
  3938   00297E  3605               	rlcf	___lwdiv@quotient^0,f,c
  3939   002980  3606               	rlcf	(___lwdiv@quotient+1)^0,f,c
  3940   002982  5003               	movf	___lwdiv@divisor^0,w,c
  3941   002984  5C01               	subwf	___lwdiv@dividend^0,w,c
  3942   002986  5004               	movf	(___lwdiv@divisor+1)^0,w,c
  3943   002988  5802               	subwfb	(___lwdiv@dividend+1)^0,w,c
  3944   00298A  A0D8               	btfss	status,0,c
  3945   00298C  EFCA  F014         	goto	u691
  3946   002990  EFCC  F014         	goto	u690
  3947   002994                     u691:
  3948   002994  EFD1  F014         	goto	l1660
  3949   002998                     u690:
  3950   002998  5003               	movf	___lwdiv@divisor^0,w,c
  3951   00299A  5E01               	subwf	___lwdiv@dividend^0,f,c
  3952   00299C  5004               	movf	(___lwdiv@divisor+1)^0,w,c
  3953   00299E  5A02               	subwfb	(___lwdiv@dividend+1)^0,f,c
  3954   0029A0  8005               	bsf	___lwdiv@quotient^0,0,c
  3955   0029A2                     l1660:
  3956   0029A2  90D8               	bcf	status,0,c
  3957   0029A4  3204               	rrcf	(___lwdiv@divisor+1)^0,f,c
  3958   0029A6  3203               	rrcf	___lwdiv@divisor^0,f,c
  3959   0029A8  2E07               	decfsz	___lwdiv@counter^0,f,c
  3960   0029AA  EFBE  F014         	goto	l1652
  3961   0029AE                     l828:
  3962   0029AE  C005  F001         	movff	___lwdiv@quotient,?___lwdiv
  3963   0029B2  C006  F002         	movff	___lwdiv@quotient+1,?___lwdiv+1
  3964   0029B6  0012               	return		;funcret
  3965   0029B8                     __end_of___lwdiv:
  3966                           	callstack 0
  3967                           
  3968 ;; *************** function _TMR1_Write *****************
  3969 ;; Defined at:
  3970 ;;		line 360 in file "PWMservo.c"
  3971 ;; Parameters:    Size  Location     Type
  3972 ;;  value           2    0[COMRAM] unsigned short 
  3973 ;; Auto vars:     Size  Location     Type
  3974 ;;		None
  3975 ;; Return value:  Size  Location     Type
  3976 ;;                  1    wreg      void 
  3977 ;; Registers used:
  3978 ;;		wreg, status,2
  3979 ;; Tracked objects:
  3980 ;;		On entry : 0/0
  3981 ;;		On exit  : 0/0
  3982 ;;		Unchanged: 0/0
  3983 ;; Data sizes:     COMRAM   BANK0   BANK1   BANK2   BANK3   BANK4   BANK5   BANK6   BANK7   BANK8   BANK9  BANK10  BANK1
      +1  BANK12  BANK13  BANK14  BANK15  BANK16  BANK17  BANK18  BANK19  BANK20  BANK21  BANK22  BANK23  BANK24  BANK25  BANK2
      +6  BANK27  BANK28  BANK29  BANK30  BANK31
  3984 ;;      Params:         2       0       0       0       0       0       0       0       0       0       0       0       
      +0       0       0       0       0       0       0       0       0       0       0       0       0       0       0       
      +0       0       0       0       0       0
  3985 ;;      Locals:         0       0       0       0       0       0       0       0       0       0       0       0       
      +0       0       0       0       0       0       0       0       0       0       0       0       0       0       0       
      +0       0       0       0       0       0
  3986 ;;      Temps:          0       0       0       0       0       0       0       0       0       0       0       0       
      +0       0       0       0       0       0       0       0       0       0       0       0       0       0       0       
      +0       0       0       0       0       0
  3987 ;;      Totals:         2       0       0       0       0       0       0       0       0       0       0       0       
      +0       0       0       0       0       0       0       0       0       0       0       0       0       0       0       
      +0       0       0       0       0       0
  3988 ;;Total ram usage:        2 bytes
  3989 ;; Hardware stack levels used: 1
  3990 ;; This function calls:
  3991 ;;		Nothing
  3992 ;; This function is called by:
  3993 ;;		_HCSR04_ReadDistanceCM
  3994 ;; This function uses a non-reentrant model
  3995 ;;
  3996                           
  3997                           	psect	text26
  3998   002D5E                     __ptext26:
  3999                           	callstack 0
  4000   002D5E                     _TMR1_Write:
  4001                           	callstack 29
  4002   002D5E                     
  4003                           ;PWMservo.c: 360: void TMR1_Write(uint16_t value);PWMservo.c: 361: {;PWMservo.c: 362:   
      +                            TMR1H = (uint8_t)(value >> 8);
  4004   002D5E  5002               	movf	(TMR1_Write@value+1)^0,w,c
  4005   002D60  6EB1               	movwf	177,c	;volatile
  4006   002D62                     
  4007                           ;PWMservo.c: 363:     TMR1L = (uint8_t)(value & 0xFF);
  4008   002D62  0060  F007  FFB0   	movff	TMR1_Write@value,16304	;volatile
  4009   002D68  0012               	return		;funcret
  4010   002D6A                     __end_of_TMR1_Write:
  4011                           	callstack 0
  4012                           
  4013 ;; *************** function _TMR1_Read *****************
  4014 ;; Defined at:
  4015 ;;		line 366 in file "PWMservo.c"
  4016 ;; Parameters:    Size  Location     Type
  4017 ;;		None
  4018 ;; Auto vars:     Size  Location     Type
  4019 ;;  high            1    5[COMRAM] unsigned char 
  4020 ;;  low             1    4[COMRAM] unsigned char 
  4021 ;; Return value:  Size  Location     Type
  4022 ;;                  2    0[COMRAM] unsigned short 
  4023 ;; Registers used:
  4024 ;;		wreg, status,2
  4025 ;; Tracked objects:
  4026 ;;		On entry : 0/0
  4027 ;;		On exit  : 0/0
  4028 ;;		Unchanged: 0/0
  4029 ;; Data sizes:     COMRAM   BANK0   BANK1   BANK2   BANK3   BANK4   BANK5   BANK6   BANK7   BANK8   BANK9  BANK10  BANK1
      +1  BANK12  BANK13  BANK14  BANK15  BANK16  BANK17  BANK18  BANK19  BANK20  BANK21  BANK22  BANK23  BANK24  BANK25  BANK2
      +6  BANK27  BANK28  BANK29  BANK30  BANK31
  4030 ;;      Params:         2       0       0       0       0       0       0       0       0       0       0       0       
      +0       0       0       0       0       0       0       0       0       0       0       0       0       0       0       
      +0       0       0       0       0       0
  4031 ;;      Locals:         2       0       0       0       0       0       0       0       0       0       0       0       
      +0       0       0       0       0       0       0       0       0       0       0       0       0       0       0       
      +0       0       0       0       0       0
  4032 ;;      Temps:          2       0       0       0       0       0       0       0       0       0       0       0       
      +0       0       0       0       0       0       0       0       0       0       0       0       0       0       0       
      +0       0       0       0       0       0
  4033 ;;      Totals:         6       0       0       0       0       0       0       0       0       0       0       0       
      +0       0       0       0       0       0       0       0       0       0       0       0       0       0       0       
      +0       0       0       0       0       0
  4034 ;;Total ram usage:        6 bytes
  4035 ;; Hardware stack levels used: 1
  4036 ;; This function calls:
  4037 ;;		Nothing
  4038 ;; This function is called by:
  4039 ;;		_HCSR04_ReadDistanceCM
  4040 ;; This function uses a non-reentrant model
  4041 ;;
  4042                           
  4043                           	psect	text27
  4044   002CE8                     __ptext27:
  4045                           	callstack 0
  4046   002CE8                     _TMR1_Read:
  4047                           	callstack 29
  4048   002CE8                     
  4049                           ;PWMservo.c: 368:     uint8_t low;;PWMservo.c: 369:     uint8_t high;;PWMservo.c: 371:  
      +                             low = TMR1L;
  4050   002CE8  006F FEC0  F005    	movff	16304,TMR1_Read@low	;volatile
  4051                           
  4052                           ;PWMservo.c: 372:     high = TMR1H;
  4053   002CEE  006F FEC4  F006    	movff	16305,TMR1_Read@high	;volatile
  4054   002CF4                     
  4055                           ;PWMservo.c: 374:     return ((uint16_t)high << 8) | low;
  4056   002CF4  5006               	movf	TMR1_Read@high^0,w,c
  4057   002CF6  6E03               	movwf	??_TMR1_Read^0,c
  4058   002CF8  5005               	movf	TMR1_Read@low^0,w,c
  4059   002CFA  6E01               	movwf	?_TMR1_Read^0,c
  4060   002CFC  C003  F002         	movff	??_TMR1_Read,?_TMR1_Read+1
  4061   002D00  0012               	return		;funcret
  4062   002D02                     __end_of_TMR1_Read:
  4063                           	callstack 0
  4064                           
  4065 ;; *************** function _DelayMs_WithBuzzer *****************
  4066 ;; Defined at:
  4067 ;;		line 592 in file "PWMservo.c"
  4068 ;; Parameters:    Size  Location     Type
  4069 ;;  distance        2   39[COMRAM] unsigned short 
  4070 ;;  total_ms        2   41[COMRAM] unsigned short 
  4071 ;; Auto vars:     Size  Location     Type
  4072 ;;		None
  4073 ;; Return value:  Size  Location     Type
  4074 ;;                  1    wreg      void 
  4075 ;; Registers used:
  4076 ;;		wreg, status,2, status,0, cstack
  4077 ;; Tracked objects:
  4078 ;;		On entry : 0/0
  4079 ;;		On exit  : 0/0
  4080 ;;		Unchanged: 0/0
  4081 ;; Data sizes:     COMRAM   BANK0   BANK1   BANK2   BANK3   BANK4   BANK5   BANK6   BANK7   BANK8   BANK9  BANK10  BANK1
      +1  BANK12  BANK13  BANK14  BANK15  BANK16  BANK17  BANK18  BANK19  BANK20  BANK21  BANK22  BANK23  BANK24  BANK25  BANK2
      +6  BANK27  BANK28  BANK29  BANK30  BANK31
  4082 ;;      Params:         4       0       0       0       0       0       0       0       0       0       0       0       
      +0       0       0       0       0       0       0       0       0       0       0       0       0       0       0       
      +0       0       0       0       0       0
  4083 ;;      Locals:         0       0       0       0       0       0       0       0       0       0       0       0       
      +0       0       0       0       0       0       0       0       0       0       0       0       0       0       0       
      +0       0       0       0       0       0
  4084 ;;      Temps:          1       0       0       0       0       0       0       0       0       0       0       0       
      +0       0       0       0       0       0       0       0       0       0       0       0       0       0       0       
      +0       0       0       0       0       0
  4085 ;;      Totals:         5       0       0       0       0       0       0       0       0       0       0       0       
      +0       0       0       0       0       0       0       0       0       0       0       0       0       0       0       
      +0       0       0       0       0       0
  4086 ;;Total ram usage:        5 bytes
  4087 ;; Hardware stack levels used: 1
  4088 ;; Hardware stack levels required when called: 3
  4089 ;; This function calls:
  4090 ;;		_Buzzer_Update
  4091 ;; This function is called by:
  4092 ;;		_main
  4093 ;; This function uses a non-reentrant model
  4094 ;;
  4095                           
  4096                           	psect	text28
  4097   002A22                     __ptext28:
  4098                           	callstack 0
  4099   002A22                     _DelayMs_WithBuzzer:
  4100                           	callstack 27
  4101   002A22                     
  4102                           ;PWMservo.c: 592: void DelayMs_WithBuzzer(uint16_t distance, uint16_t total_ms);PWMservo
      +                          .c: 593: {;PWMservo.c: 594:     while (total_ms >= 10)
  4103   002A22  EF27  F015         	goto	l1986
  4104   002A26                     l1980:
  4105                           
  4106                           ;PWMservo.c: 595:     {;PWMservo.c: 596:         Buzzer_Update(distance, 10);
  4107   002A26  C028  F020         	movff	DelayMs_WithBuzzer@distance,Buzzer_Update@distance
  4108   002A2A  C029  F021         	movff	DelayMs_WithBuzzer@distance+1,Buzzer_Update@distance+1
  4109   002A2E  6A23               	clrf	(Buzzer_Update@tick_ms+1)^0,c
  4110   002A30  0E0A               	movlw	10
  4111   002A32  6E22               	movwf	Buzzer_Update@tick_ms^0,c
  4112   002A34  EC8E  F011         	call	_Buzzer_Update	;wreg free
  4113   002A38                     
  4114                           ;PWMservo.c: 597:         _delay((unsigned long)((10)*(4000000UL/4000.0)));
  4115   002A38  0E0D               	movlw	13
  4116   002A3A  6E2C               	movwf	??_DelayMs_WithBuzzer^0,c
  4117   002A3C  0EFC               	movlw	252
  4118   002A3E                     u1267:
  4119   002A3E  2EE8               	decfsz	wreg,f,c
  4120   002A40  D7FE               	bra	u1267
  4121   002A42  2E2C               	decfsz	??_DelayMs_WithBuzzer^0,f,c
  4122   002A44  D7FC               	bra	u1267
  4123   002A46                     
  4124                           ;PWMservo.c: 598:         total_ms -= 10;
  4125   002A46  0E0A               	movlw	10
  4126   002A48  5E2A               	subwf	DelayMs_WithBuzzer@total_ms^0,f,c
  4127   002A4A  0E00               	movlw	0
  4128   002A4C  5A2B               	subwfb	(DelayMs_WithBuzzer@total_ms+1)^0,f,c
  4129   002A4E                     l1986:
  4130                           
  4131                           ;PWMservo.c: 594:     while (total_ms >= 10)
  4132   002A4E  502B               	movf	(DelayMs_WithBuzzer@total_ms+1)^0,w,c
  4133   002A50  E107               	bnz	u1101
  4134   002A52  0E0A               	movlw	10
  4135   002A54  5C2A               	subwf	DelayMs_WithBuzzer@total_ms^0,w,c
  4136   002A56  B0D8               	btfsc	status,0,c
  4137   002A58  EF30  F015         	goto	u1101
  4138   002A5C  EF32  F015         	goto	u1100
  4139   002A60                     u1101:
  4140   002A60  EF13  F015         	goto	l1980
  4141   002A64                     u1100:
  4142   002A64  EF3B  F015         	goto	l221
  4143   002A68                     l1988:
  4144                           
  4145                           ;PWMservo.c: 602:     {;PWMservo.c: 603:         _delay((unsigned long)((1)*(4000000UL/4
      +                          000.0)));
  4146   002A68  0EC8               	movlw	200
  4147   002A6A                     u1277:
  4148   002A6A  D000               	nop2	
  4149   002A6C  2EE8               	decfsz	wreg,f,c
  4150   002A6E  D7FD               	bra	u1277
  4151   002A70                     
  4152                           ;PWMservo.c: 604:         total_ms--;
  4153   002A70  062A               	decf	DelayMs_WithBuzzer@total_ms^0,f,c
  4154   002A72  A0D8               	btfss	status,0,c
  4155   002A74  062B               	decf	(DelayMs_WithBuzzer@total_ms+1)^0,f,c
  4156   002A76                     l221:
  4157                           
  4158                           ;PWMservo.c: 601:     while (total_ms > 0)
  4159   002A76  502A               	movf	DelayMs_WithBuzzer@total_ms^0,w,c
  4160   002A78  102B               	iorwf	(DelayMs_WithBuzzer@total_ms+1)^0,w,c
  4161   002A7A  A4D8               	btfss	status,2,c
  4162   002A7C  EF42  F015         	goto	u1111
  4163   002A80  EF44  F015         	goto	u1110
  4164   002A84                     u1111:
  4165   002A84  EF34  F015         	goto	l1988
  4166   002A88                     u1110:
  4167   002A88  0012               	return		;funcret
  4168   002A8A                     __end_of_DelayMs_WithBuzzer:
  4169                           	callstack 0
  4170                           
  4171 ;; *************** function _Buzzer_Update *****************
  4172 ;; Defined at:
  4173 ;;		line 531 in file "PWMservo.c"
  4174 ;; Parameters:    Size  Location     Type
  4175 ;;  distance        2   31[COMRAM] unsigned short 
  4176 ;;  tick_ms         2   33[COMRAM] unsigned short 
  4177 ;; Auto vars:     Size  Location     Type
  4178 ;;  interval        2   37[COMRAM] unsigned short 
  4179 ;;  offTime         2   35[COMRAM] unsigned short 
  4180 ;; Return value:  Size  Location     Type
  4181 ;;                  1    wreg      void 
  4182 ;; Registers used:
  4183 ;;		wreg, status,2, status,0, cstack
  4184 ;; Tracked objects:
  4185 ;;		On entry : 0/0
  4186 ;;		On exit  : 0/0
  4187 ;;		Unchanged: 0/0
  4188 ;; Data sizes:     COMRAM   BANK0   BANK1   BANK2   BANK3   BANK4   BANK5   BANK6   BANK7   BANK8   BANK9  BANK10  BANK1
      +1  BANK12  BANK13  BANK14  BANK15  BANK16  BANK17  BANK18  BANK19  BANK20  BANK21  BANK22  BANK23  BANK24  BANK25  BANK2
      +6  BANK27  BANK28  BANK29  BANK30  BANK31
  4189 ;;      Params:         4       0       0       0       0       0       0       0       0       0       0       0       
      +0       0       0       0       0       0       0       0       0       0       0       0       0       0       0       
      +0       0       0       0       0       0
  4190 ;;      Locals:         4       0       0       0       0       0       0       0       0       0       0       0       
      +0       0       0       0       0       0       0       0       0       0       0       0       0       0       0       
      +0       0       0       0       0       0
  4191 ;;      Temps:          0       0       0       0       0       0       0       0       0       0       0       0       
      +0       0       0       0       0       0       0       0       0       0       0       0       0       0       0       
      +0       0       0       0       0       0
  4192 ;;      Totals:         8       0       0       0       0       0       0       0       0       0       0       0       
      +0       0       0       0       0       0       0       0       0       0       0       0       0       0       0       
      +0       0       0       0       0       0
  4193 ;;Total ram usage:        8 bytes
  4194 ;; Hardware stack levels used: 1
  4195 ;; Hardware stack levels required when called: 2
  4196 ;; This function calls:
  4197 ;;		_Buzzer_GetIntervalMs
  4198 ;; This function is called by:
  4199 ;;		_DelayMs_WithBuzzer
  4200 ;; This function uses a non-reentrant model
  4201 ;;
  4202                           
  4203                           	psect	text29
  4204   00231C                     __ptext29:
  4205                           	callstack 0
  4206   00231C                     _Buzzer_Update:
  4207                           	callstack 27
  4208   00231C                     
  4209                           ;PWMservo.c: 531: void Buzzer_Update(uint16_t distance, uint16_t tick_ms);PWMservo.c: 53
      +                          2: {;PWMservo.c: 533:     static uint16_t elapsed_ms = 0;;PWMservo.c: 534:     static _B
      +                          ool buzzerOn = 0;;PWMservo.c: 536:     uint16_t interval;;PWMservo.c: 537:     uint16_t 
      +                          offTime;;PWMservo.c: 539:     interval = Buzzer_GetIntervalMs(distance);
  4210   00231C  C020  F01A         	movff	Buzzer_Update@distance,Buzzer_GetIntervalMs@distance
  4211   002320  C021  F01B         	movff	Buzzer_Update@distance+1,Buzzer_GetIntervalMs@distance+1
  4212   002324  ECFB  F011         	call	_Buzzer_GetIntervalMs	;wreg free
  4213   002328  C01A  F026         	movff	?_Buzzer_GetIntervalMs,Buzzer_Update@interval
  4214   00232C  C01B  F027         	movff	?_Buzzer_GetIntervalMs+1,Buzzer_Update@interval+1
  4215   002330                     
  4216                           ;PWMservo.c: 542:     if (interval == 0)
  4217   002330  5026               	movf	Buzzer_Update@interval^0,w,c
  4218   002332  1027               	iorwf	(Buzzer_Update@interval+1)^0,w,c
  4219   002334  A4D8               	btfss	status,2,c
  4220   002336  EF9F  F011         	goto	u931
  4221   00233A  EFA1  F011         	goto	u930
  4222   00233E                     u931:
  4223   00233E  EFA8  F011         	goto	l1854
  4224   002342                     u930:
  4225   002342                     
  4226                           ;PWMservo.c: 543:     {;PWMservo.c: 544:         LATDbits.LATD5 = 0;
  4227   002342  9ABD               	bcf	189,5,c	;volatile
  4228                           
  4229                           ;PWMservo.c: 545:         buzzerOn = 0;
  4230   002344  6A56               	clrf	Buzzer_Update@buzzerOn^0,c
  4231   002346                     l1850:
  4232                           
  4233                           ;PWMservo.c: 546:         elapsed_ms = 0;
  4234   002346  6A54               	clrf	(Buzzer_Update@elapsed_ms+1)^0,c
  4235   002348  0E00               	movlw	0
  4236   00234A  6E53               	movwf	Buzzer_Update@elapsed_ms^0,c
  4237   00234C  EFFA  F011         	goto	l208
  4238   002350                     l1854:
  4239                           
  4240                           ;PWMservo.c: 551:     if (distance <= 10u)
  4241   002350  5021               	movf	(Buzzer_Update@distance+1)^0,w,c
  4242   002352  E107               	bnz	u941
  4243   002354  0E0B               	movlw	11
  4244   002356  5C20               	subwf	Buzzer_Update@distance^0,w,c
  4245   002358  B0D8               	btfsc	status,0,c
  4246   00235A  EFB1  F011         	goto	u941
  4247   00235E  EFB3  F011         	goto	u940
  4248   002362                     u941:
  4249   002362  EFBB  F011         	goto	l1862
  4250   002366                     u940:
  4251   002366                     
  4252                           ;PWMservo.c: 552:     {;PWMservo.c: 553:         LATDbits.LATD5 = 1;
  4253   002366  8ABD               	bsf	189,5,c	;volatile
  4254   002368                     l1858:
  4255                           
  4256                           ;PWMservo.c: 554:         buzzerOn = 1;
  4257   002368  0E01               	movlw	1
  4258   00236A  6E56               	movwf	Buzzer_Update@buzzerOn^0,c
  4259                           
  4260                           ;PWMservo.c: 555:         elapsed_ms = 0;
  4261   00236C  6A54               	clrf	(Buzzer_Update@elapsed_ms+1)^0,c
  4262   00236E  0E00               	movlw	0
  4263   002370  6E53               	movwf	Buzzer_Update@elapsed_ms^0,c
  4264   002372  EFFA  F011         	goto	l208
  4265   002376                     l1862:
  4266                           
  4267                           ;PWMservo.c: 559:     elapsed_ms += tick_ms;
  4268   002376  5022               	movf	Buzzer_Update@tick_ms^0,w,c
  4269   002378  2653               	addwf	Buzzer_Update@elapsed_ms^0,f,c
  4270   00237A  5023               	movf	(Buzzer_Update@tick_ms+1)^0,w,c
  4271   00237C  2254               	addwfc	(Buzzer_Update@elapsed_ms+1)^0,f,c
  4272   00237E                     
  4273                           ;PWMservo.c: 561:     if (buzzerOn)
  4274   00237E  5056               	movf	Buzzer_Update@buzzerOn^0,w,c
  4275   002380  B4D8               	btfsc	status,2,c
  4276   002382  EFC5  F011         	goto	u951
  4277   002386  EFC7  F011         	goto	u950
  4278   00238A                     u951:
  4279   00238A  EFD6  F011         	goto	l1872
  4280   00238E                     u950:
  4281   00238E                     
  4282                           ;PWMservo.c: 562:     {;PWMservo.c: 564:         if (elapsed_ms >= 30u)
  4283   00238E  5054               	movf	(Buzzer_Update@elapsed_ms+1)^0,w,c
  4284   002390  E109               	bnz	u960
  4285   002392  0E1E               	movlw	30
  4286   002394  5C53               	subwf	Buzzer_Update@elapsed_ms^0,w,c
  4287   002396  A0D8               	btfss	status,0,c
  4288   002398  EFD0  F011         	goto	u961
  4289   00239C  EFD2  F011         	goto	u960
  4290   0023A0                     u961:
  4291   0023A0  EFFA  F011         	goto	l208
  4292   0023A4                     u960:
  4293   0023A4                     
  4294                           ;PWMservo.c: 565:         {;PWMservo.c: 566:             LATDbits.LATD5 = 0;
  4295   0023A4  9ABD               	bcf	189,5,c	;volatile
  4296                           
  4297                           ;PWMservo.c: 567:             buzzerOn = 0;
  4298   0023A6  6A56               	clrf	Buzzer_Update@buzzerOn^0,c
  4299   0023A8  EFA3  F011         	goto	l1850
  4300   0023AC                     l1872:
  4301                           
  4302                           ;PWMservo.c: 572:     {;PWMservo.c: 574:         if (interval > 30u)
  4303   0023AC  5027               	movf	(Buzzer_Update@interval+1)^0,w,c
  4304   0023AE  E109               	bnz	u970
  4305   0023B0  0E1F               	movlw	31
  4306   0023B2  5C26               	subwf	Buzzer_Update@interval^0,w,c
  4307   0023B4  A0D8               	btfss	status,0,c
  4308   0023B6  EFDF  F011         	goto	u971
  4309   0023BA  EFE1  F011         	goto	u970
  4310   0023BE                     u971:
  4311   0023BE  EFE9  F011         	goto	l1876
  4312   0023C2                     u970:
  4313   0023C2                     
  4314                           ;PWMservo.c: 575:         {;PWMservo.c: 576:             offTime = interval - 30u;
  4315   0023C2  0EE2               	movlw	226
  4316   0023C4  2426               	addwf	Buzzer_Update@interval^0,w,c
  4317   0023C6  6E24               	movwf	Buzzer_Update@offTime^0,c
  4318   0023C8  0EFF               	movlw	255
  4319   0023CA  2027               	addwfc	(Buzzer_Update@interval+1)^0,w,c
  4320   0023CC  6E25               	movwf	(Buzzer_Update@offTime+1)^0,c
  4321                           
  4322                           ;PWMservo.c: 577:         }
  4323   0023CE  EFEC  F011         	goto	l1878
  4324   0023D2                     l1876:
  4325                           
  4326                           ;PWMservo.c: 579:         {;PWMservo.c: 580:             offTime = 10;
  4327   0023D2  6A25               	clrf	(Buzzer_Update@offTime+1)^0,c
  4328   0023D4  0E0A               	movlw	10
  4329   0023D6  6E24               	movwf	Buzzer_Update@offTime^0,c
  4330   0023D8                     l1878:
  4331                           
  4332                           ;PWMservo.c: 583:         if (elapsed_ms >= offTime)
  4333   0023D8  5024               	movf	Buzzer_Update@offTime^0,w,c
  4334   0023DA  5C53               	subwf	Buzzer_Update@elapsed_ms^0,w,c
  4335   0023DC  5025               	movf	(Buzzer_Update@offTime+1)^0,w,c
  4336   0023DE  5854               	subwfb	(Buzzer_Update@elapsed_ms+1)^0,w,c
  4337   0023E0  A0D8               	btfss	status,0,c
  4338   0023E2  EFF5  F011         	goto	u981
  4339   0023E6  EFF7  F011         	goto	u980
  4340   0023EA                     u981:
  4341   0023EA  EFFA  F011         	goto	l208
  4342   0023EE                     u980:
  4343   0023EE                     
  4344                           ;PWMservo.c: 584:         {;PWMservo.c: 585:             LATDbits.LATD5 = 1;
  4345   0023EE  8ABD               	bsf	189,5,c	;volatile
  4346   0023F0  EFB4  F011         	goto	l1858
  4347   0023F4                     l208:
  4348   0023F4  0012               	return		;funcret
  4349   0023F6                     __end_of_Buzzer_Update:
  4350                           	callstack 0
  4351                           
  4352 ;; *************** function _Buzzer_GetIntervalMs *****************
  4353 ;; Defined at:
  4354 ;;		line 496 in file "PWMservo.c"
  4355 ;; Parameters:    Size  Location     Type
  4356 ;;  distance        2   25[COMRAM] unsigned short 
  4357 ;; Auto vars:     Size  Location     Type
  4358 ;;  interval        2   29[COMRAM] unsigned short 
  4359 ;; Return value:  Size  Location     Type
  4360 ;;                  2   25[COMRAM] unsigned short 
  4361 ;; Registers used:
  4362 ;;		wreg, status,2, status,0, cstack
  4363 ;; Tracked objects:
  4364 ;;		On entry : 0/0
  4365 ;;		On exit  : 0/0
  4366 ;;		Unchanged: 0/0
  4367 ;; Data sizes:     COMRAM   BANK0   BANK1   BANK2   BANK3   BANK4   BANK5   BANK6   BANK7   BANK8   BANK9  BANK10  BANK1
      +1  BANK12  BANK13  BANK14  BANK15  BANK16  BANK17  BANK18  BANK19  BANK20  BANK21  BANK22  BANK23  BANK24  BANK25  BANK2
      +6  BANK27  BANK28  BANK29  BANK30  BANK31
  4368 ;;      Params:         2       0       0       0       0       0       0       0       0       0       0       0       
      +0       0       0       0       0       0       0       0       0       0       0       0       0       0       0       
      +0       0       0       0       0       0
  4369 ;;      Locals:         2       0       0       0       0       0       0       0       0       0       0       0       
      +0       0       0       0       0       0       0       0       0       0       0       0       0       0       0       
      +0       0       0       0       0       0
  4370 ;;      Temps:          2       0       0       0       0       0       0       0       0       0       0       0       
      +0       0       0       0       0       0       0       0       0       0       0       0       0       0       0       
      +0       0       0       0       0       0
  4371 ;;      Totals:         6       0       0       0       0       0       0       0       0       0       0       0       
      +0       0       0       0       0       0       0       0       0       0       0       0       0       0       0       
      +0       0       0       0       0       0
  4372 ;;Total ram usage:        6 bytes
  4373 ;; Hardware stack levels used: 1
  4374 ;; Hardware stack levels required when called: 1
  4375 ;; This function calls:
  4376 ;;		___lldiv
  4377 ;;		___lmul
  4378 ;; This function is called by:
  4379 ;;		_Buzzer_Update
  4380 ;; This function uses a non-reentrant model
  4381 ;;
  4382                           
  4383                           	psect	text30
  4384   0023F6                     __ptext30:
  4385                           	callstack 0
  4386   0023F6                     _Buzzer_GetIntervalMs:
  4387                           	callstack 27
  4388   0023F6                     
  4389                           ;PWMservo.c: 496: uint16_t Buzzer_GetIntervalMs(uint16_t distance);PWMservo.c: 497: {;PW
      +                          Mservo.c: 498:     uint16_t interval;;PWMservo.c: 501:     if (distance == 999 || distan
      +                          ce >= 50u)
  4390   0023F6  0EE7               	movlw	231
  4391   0023F8  181A               	xorwf	Buzzer_GetIntervalMs@distance^0,w,c
  4392   0023FA  E109               	bnz	u870
  4393   0023FC  0E03               	movlw	3
  4394   0023FE  181B               	xorwf	(Buzzer_GetIntervalMs@distance+1)^0,w,c
  4395   002400  B4D8               	btfsc	status,2,c
  4396   002402  EF05  F012         	goto	u871
  4397   002406  EF07  F012         	goto	u870
  4398   00240A                     u871:
  4399   00240A  EF12  F012         	goto	l1772
  4400   00240E                     u870:
  4401   00240E  501B               	movf	(Buzzer_GetIntervalMs@distance+1)^0,w,c
  4402   002410  E109               	bnz	u880
  4403   002412  0E32               	movlw	50
  4404   002414  5C1A               	subwf	Buzzer_GetIntervalMs@distance^0,w,c
  4405   002416  A0D8               	btfss	status,0,c
  4406   002418  EF10  F012         	goto	u881
  4407   00241C  EF12  F012         	goto	u880
  4408   002420                     u881:
  4409   002420  EF17  F012         	goto	l1776
  4410   002424                     u880:
  4411   002424                     l1772:
  4412                           
  4413                           ;PWMservo.c: 502:     {;PWMservo.c: 503:         return 0;
  4414   002424  6A1B               	clrf	(?_Buzzer_GetIntervalMs+1)^0,c
  4415   002426  0E00               	movlw	0
  4416   002428  6E1A               	movwf	?_Buzzer_GetIntervalMs^0,c
  4417   00242A  EF59  F012         	goto	l199
  4418   00242E                     l1776:
  4419                           
  4420                           ;PWMservo.c: 507:     if (distance <= 10u)
  4421   00242E  501B               	movf	(Buzzer_GetIntervalMs@distance+1)^0,w,c
  4422   002430  E107               	bnz	u891
  4423   002432  0E0B               	movlw	11
  4424   002434  5C1A               	subwf	Buzzer_GetIntervalMs@distance^0,w,c
  4425   002436  B0D8               	btfsc	status,0,c
  4426   002438  EF20  F012         	goto	u891
  4427   00243C  EF22  F012         	goto	u890
  4428   002440                     u891:
  4429   002440  EF27  F012         	goto	l1782
  4430   002444                     u890:
  4431   002444                     
  4432                           ;PWMservo.c: 508:     {;PWMservo.c: 509:         return 80u;
  4433   002444  6A1B               	clrf	(?_Buzzer_GetIntervalMs+1)^0,c
  4434   002446  0E50               	movlw	80
  4435   002448  6E1A               	movwf	?_Buzzer_GetIntervalMs^0,c
  4436   00244A  EF59  F012         	goto	l199
  4437   00244E                     l1782:
  4438                           
  4439                           ;PWMservo.c: 521:     interval = 80u +
  4440   00244E  0EF6               	movlw	246
  4441   002450  241A               	addwf	Buzzer_GetIntervalMs@distance^0,w,c
  4442   002452  6E1C               	movwf	??_Buzzer_GetIntervalMs^0,c
  4443   002454  0EFF               	movlw	255
  4444   002456  201B               	addwfc	(Buzzer_GetIntervalMs@distance+1)^0,w,c
  4445   002458  6E1D               	movwf	(??_Buzzer_GetIntervalMs+1)^0,c
  4446   00245A  C01C  F001         	movff	??_Buzzer_GetIntervalMs,___lmul@multiplier
  4447   00245E  C01D  F002         	movff	??_Buzzer_GetIntervalMs+1,___lmul@multiplier+1
  4448   002462  6A03               	clrf	(___lmul@multiplier+2)^0,c
  4449   002464  6A04               	clrf	(___lmul@multiplier+3)^0,c
  4450   002466  0E6C               	movlw	108
  4451   002468  6E05               	movwf	___lmul@multiplicand^0,c
  4452   00246A  0E02               	movlw	2
  4453   00246C  6E06               	movwf	(___lmul@multiplicand+1)^0,c
  4454   00246E  0E00               	movlw	0
  4455   002470  6E07               	movwf	(___lmul@multiplicand+2)^0,c
  4456   002472  0E00               	movlw	0
  4457   002474  6E08               	movwf	(___lmul@multiplicand+3)^0,c
  4458   002476  ECDC  F014         	call	___lmul	;wreg free
  4459   00247A  C001  F00D         	movff	?___lmul,___lldiv@dividend
  4460   00247E  C002  F00E         	movff	?___lmul+1,___lldiv@dividend+1
  4461   002482  C003  F00F         	movff	?___lmul+2,___lldiv@dividend+2
  4462   002486  C004  F010         	movff	?___lmul+3,___lldiv@dividend+3
  4463   00248A  0E28               	movlw	40
  4464   00248C  6E11               	movwf	___lldiv@divisor^0,c
  4465   00248E  0E00               	movlw	0
  4466   002490  6E12               	movwf	(___lldiv@divisor+1)^0,c
  4467   002492  0E00               	movlw	0
  4468   002494  6E13               	movwf	(___lldiv@divisor+2)^0,c
  4469   002496  0E00               	movlw	0
  4470   002498  6E14               	movwf	(___lldiv@divisor+3)^0,c
  4471   00249A  ECBE  F013         	call	___lldiv	;wreg free
  4472   00249E  0E50               	movlw	80
  4473   0024A0  240D               	addwf	?___lldiv^0,w,c
  4474   0024A2  6E1E               	movwf	Buzzer_GetIntervalMs@interval^0,c
  4475   0024A4  0E00               	movlw	0
  4476   0024A6  200E               	addwfc	(?___lldiv+1)^0,w,c
  4477   0024A8  6E1F               	movwf	(Buzzer_GetIntervalMs@interval+1)^0,c
  4478   0024AA                     
  4479                           ;PWMservo.c: 528:     return interval;
  4480   0024AA  C01E  F01A         	movff	Buzzer_GetIntervalMs@interval,?_Buzzer_GetIntervalMs
  4481   0024AE  C01F  F01B         	movff	Buzzer_GetIntervalMs@interval+1,?_Buzzer_GetIntervalMs+1
  4482   0024B2                     l199:
  4483   0024B2  0012               	return		;funcret
  4484   0024B4                     __end_of_Buzzer_GetIntervalMs:
  4485                           	callstack 0
  4486                           
  4487 ;; *************** function ___lmul *****************
  4488 ;; Defined at:
  4489 ;;		line 15 in file "C:\Program Files\Microchip\xc8\v3.10\pic\sources\c99\common\Umul32.c"
  4490 ;; Parameters:    Size  Location     Type
  4491 ;;  multiplier      4    0[COMRAM] unsigned long 
  4492 ;;  multiplicand    4    4[COMRAM] unsigned long 
  4493 ;; Auto vars:     Size  Location     Type
  4494 ;;  product         4    8[COMRAM] unsigned long 
  4495 ;; Return value:  Size  Location     Type
  4496 ;;                  4    0[COMRAM] unsigned long 
  4497 ;; Registers used:
  4498 ;;		wreg, status,2, status,0
  4499 ;; Tracked objects:
  4500 ;;		On entry : 0/0
  4501 ;;		On exit  : 0/0
  4502 ;;		Unchanged: 0/0
  4503 ;; Data sizes:     COMRAM   BANK0   BANK1   BANK2   BANK3   BANK4   BANK5   BANK6   BANK7   BANK8   BANK9  BANK10  BANK1
      +1  BANK12  BANK13  BANK14  BANK15  BANK16  BANK17  BANK18  BANK19  BANK20  BANK21  BANK22  BANK23  BANK24  BANK25  BANK2
      +6  BANK27  BANK28  BANK29  BANK30  BANK31
  4504 ;;      Params:         8       0       0       0       0       0       0       0       0       0       0       0       
      +0       0       0       0       0       0       0       0       0       0       0       0       0       0       0       
      +0       0       0       0       0       0
  4505 ;;      Locals:         4       0       0       0       0       0       0       0       0       0       0       0       
      +0       0       0       0       0       0       0       0       0       0       0       0       0       0       0       
      +0       0       0       0       0       0
  4506 ;;      Temps:          0       0       0       0       0       0       0       0       0       0       0       0       
      +0       0       0       0       0       0       0       0       0       0       0       0       0       0       0       
      +0       0       0       0       0       0
  4507 ;;      Totals:        12       0       0       0       0       0       0       0       0       0       0       0       
      +0       0       0       0       0       0       0       0       0       0       0       0       0       0       0       
      +0       0       0       0       0       0
  4508 ;;Total ram usage:       12 bytes
  4509 ;; Hardware stack levels used: 1
  4510 ;; This function calls:
  4511 ;;		Nothing
  4512 ;; This function is called by:
  4513 ;;		_Buzzer_GetIntervalMs
  4514 ;; This function uses a non-reentrant model
  4515 ;;
  4516                           
  4517                           	psect	text31
  4518   0029B8                     __ptext31:
  4519                           	callstack 0
  4520   0029B8                     ___lmul:
  4521                           	callstack 27
  4522   0029B8  0E00               	movlw	0
  4523   0029BA  6E09               	movwf	___lmul@product^0,c
  4524   0029BC  0E00               	movlw	0
  4525   0029BE  6E0A               	movwf	(___lmul@product+1)^0,c
  4526   0029C0  0E00               	movlw	0
  4527   0029C2  6E0B               	movwf	(___lmul@product+2)^0,c
  4528   0029C4  0E00               	movlw	0
  4529   0029C6  6E0C               	movwf	(___lmul@product+3)^0,c
  4530   0029C8                     l1698:
  4531   0029C8  A001               	btfss	___lmul@multiplier^0,0,c
  4532   0029CA  EFE9  F014         	goto	u771
  4533   0029CE  EFEB  F014         	goto	u770
  4534   0029D2                     u771:
  4535   0029D2  EFF3  F014         	goto	l1702
  4536   0029D6                     u770:
  4537   0029D6  5005               	movf	___lmul@multiplicand^0,w,c
  4538   0029D8  2609               	addwf	___lmul@product^0,f,c
  4539   0029DA  5006               	movf	(___lmul@multiplicand+1)^0,w,c
  4540   0029DC  220A               	addwfc	(___lmul@product+1)^0,f,c
  4541   0029DE  5007               	movf	(___lmul@multiplicand+2)^0,w,c
  4542   0029E0  220B               	addwfc	(___lmul@product+2)^0,f,c
  4543   0029E2  5008               	movf	(___lmul@multiplicand+3)^0,w,c
  4544   0029E4  220C               	addwfc	(___lmul@product+3)^0,f,c
  4545   0029E6                     l1702:
  4546   0029E6  90D8               	bcf	status,0,c
  4547   0029E8  3605               	rlcf	___lmul@multiplicand^0,f,c
  4548   0029EA  3606               	rlcf	(___lmul@multiplicand+1)^0,f,c
  4549   0029EC  3607               	rlcf	(___lmul@multiplicand+2)^0,f,c
  4550   0029EE  3608               	rlcf	(___lmul@multiplicand+3)^0,f,c
  4551   0029F0  90D8               	bcf	status,0,c
  4552   0029F2  3204               	rrcf	(___lmul@multiplier+3)^0,f,c
  4553   0029F4  3203               	rrcf	(___lmul@multiplier+2)^0,f,c
  4554   0029F6  3202               	rrcf	(___lmul@multiplier+1)^0,f,c
  4555   0029F8  3201               	rrcf	___lmul@multiplier^0,f,c
  4556   0029FA  5001               	movf	___lmul@multiplier^0,w,c
  4557   0029FC  1002               	iorwf	(___lmul@multiplier+1)^0,w,c
  4558   0029FE  1003               	iorwf	(___lmul@multiplier+2)^0,w,c
  4559   002A00  1004               	iorwf	(___lmul@multiplier+3)^0,w,c
  4560   002A02  A4D8               	btfss	status,2,c
  4561   002A04  EF06  F015         	goto	u781
  4562   002A08  EF08  F015         	goto	u780
  4563   002A0C                     u781:
  4564   002A0C  EFE4  F014         	goto	l1698
  4565   002A10                     u780:
  4566   002A10  C009  F001         	movff	___lmul@product,?___lmul
  4567   002A14  C00A  F002         	movff	___lmul@product+1,?___lmul+1
  4568   002A18  C00B  F003         	movff	___lmul@product+2,?___lmul+2
  4569   002A1C  C00C  F004         	movff	___lmul@product+3,?___lmul+3
  4570   002A20  0012               	return		;funcret
  4571   002A22                     __end_of___lmul:
  4572                           	callstack 0
  4573                           
  4574 ;; *************** function ___lldiv *****************
  4575 ;; Defined at:
  4576 ;;		line 7 in file "C:\Program Files\Microchip\xc8\v3.10\pic\sources\c99\common\__lldiv.c"
  4577 ;; Parameters:    Size  Location     Type
  4578 ;;  dividend        4   12[COMRAM] unsigned long 
  4579 ;;  divisor         4   16[COMRAM] unsigned long 
  4580 ;; Auto vars:     Size  Location     Type
  4581 ;;  quotient        4   20[COMRAM] unsigned long 
  4582 ;;  counter         1   24[COMRAM] unsigned char 
  4583 ;; Return value:  Size  Location     Type
  4584 ;;                  4   12[COMRAM] unsigned long 
  4585 ;; Registers used:
  4586 ;;		wreg, status,2, status,0
  4587 ;; Tracked objects:
  4588 ;;		On entry : 0/0
  4589 ;;		On exit  : 0/0
  4590 ;;		Unchanged: 0/0
  4591 ;; Data sizes:     COMRAM   BANK0   BANK1   BANK2   BANK3   BANK4   BANK5   BANK6   BANK7   BANK8   BANK9  BANK10  BANK1
      +1  BANK12  BANK13  BANK14  BANK15  BANK16  BANK17  BANK18  BANK19  BANK20  BANK21  BANK22  BANK23  BANK24  BANK25  BANK2
      +6  BANK27  BANK28  BANK29  BANK30  BANK31
  4592 ;;      Params:         8       0       0       0       0       0       0       0       0       0       0       0       
      +0       0       0       0       0       0       0       0       0       0       0       0       0       0       0       
      +0       0       0       0       0       0
  4593 ;;      Locals:         5       0       0       0       0       0       0       0       0       0       0       0       
      +0       0       0       0       0       0       0       0       0       0       0       0       0       0       0       
      +0       0       0       0       0       0
  4594 ;;      Temps:          0       0       0       0       0       0       0       0       0       0       0       0       
      +0       0       0       0       0       0       0       0       0       0       0       0       0       0       0       
      +0       0       0       0       0       0
  4595 ;;      Totals:        13       0       0       0       0       0       0       0       0       0       0       0       
      +0       0       0       0       0       0       0       0       0       0       0       0       0       0       0       
      +0       0       0       0       0       0
  4596 ;;Total ram usage:       13 bytes
  4597 ;; Hardware stack levels used: 1
  4598 ;; This function calls:
  4599 ;;		Nothing
  4600 ;; This function is called by:
  4601 ;;		_Buzzer_GetIntervalMs
  4602 ;; This function uses a non-reentrant model
  4603 ;;
  4604                           
  4605                           	psect	text32
  4606   00277C                     __ptext32:
  4607                           	callstack 0
  4608   00277C                     ___lldiv:
  4609                           	callstack 27
  4610   00277C  0E00               	movlw	0
  4611   00277E  6E15               	movwf	___lldiv@quotient^0,c
  4612   002780  0E00               	movlw	0
  4613   002782  6E16               	movwf	(___lldiv@quotient+1)^0,c
  4614   002784  0E00               	movlw	0
  4615   002786  6E17               	movwf	(___lldiv@quotient+2)^0,c
  4616   002788  0E00               	movlw	0
  4617   00278A  6E18               	movwf	(___lldiv@quotient+3)^0,c
  4618   00278C  5011               	movf	___lldiv@divisor^0,w,c
  4619   00278E  1012               	iorwf	(___lldiv@divisor+1)^0,w,c
  4620   002790  1013               	iorwf	(___lldiv@divisor+2)^0,w,c
  4621   002792  1014               	iorwf	(___lldiv@divisor+3)^0,w,c
  4622   002794  B4D8               	btfsc	status,2,c
  4623   002796  EFCF  F013         	goto	u791
  4624   00279A  EFD1  F013         	goto	u790
  4625   00279E                     u791:
  4626   00279E  EF07  F014         	goto	l254
  4627   0027A2                     u790:
  4628   0027A2  0E01               	movlw	1
  4629   0027A4  6E19               	movwf	___lldiv@counter^0,c
  4630   0027A6  EFDB  F013         	goto	l1714
  4631   0027AA                     l1712:
  4632   0027AA  90D8               	bcf	status,0,c
  4633   0027AC  3611               	rlcf	___lldiv@divisor^0,f,c
  4634   0027AE  3612               	rlcf	(___lldiv@divisor+1)^0,f,c
  4635   0027B0  3613               	rlcf	(___lldiv@divisor+2)^0,f,c
  4636   0027B2  3614               	rlcf	(___lldiv@divisor+3)^0,f,c
  4637   0027B4  2A19               	incf	___lldiv@counter^0,f,c
  4638   0027B6                     l1714:
  4639   0027B6  AE14               	btfss	(___lldiv@divisor+3)^0,7,c
  4640   0027B8  EFE0  F013         	goto	u801
  4641   0027BC  EFE2  F013         	goto	u800
  4642   0027C0                     u801:
  4643   0027C0  EFD5  F013         	goto	l1712
  4644   0027C4                     u800:
  4645   0027C4                     l1716:
  4646   0027C4  90D8               	bcf	status,0,c
  4647   0027C6  3615               	rlcf	___lldiv@quotient^0,f,c
  4648   0027C8  3616               	rlcf	(___lldiv@quotient+1)^0,f,c
  4649   0027CA  3617               	rlcf	(___lldiv@quotient+2)^0,f,c
  4650   0027CC  3618               	rlcf	(___lldiv@quotient+3)^0,f,c
  4651   0027CE  5011               	movf	___lldiv@divisor^0,w,c
  4652   0027D0  5C0D               	subwf	___lldiv@dividend^0,w,c
  4653   0027D2  5012               	movf	(___lldiv@divisor+1)^0,w,c
  4654   0027D4  580E               	subwfb	(___lldiv@dividend+1)^0,w,c
  4655   0027D6  5013               	movf	(___lldiv@divisor+2)^0,w,c
  4656   0027D8  580F               	subwfb	(___lldiv@dividend+2)^0,w,c
  4657   0027DA  5014               	movf	(___lldiv@divisor+3)^0,w,c
  4658   0027DC  5810               	subwfb	(___lldiv@dividend+3)^0,w,c
  4659   0027DE  A0D8               	btfss	status,0,c
  4660   0027E0  EFF4  F013         	goto	u811
  4661   0027E4  EFF6  F013         	goto	u810
  4662   0027E8                     u811:
  4663   0027E8  EFFF  F013         	goto	l1724
  4664   0027EC                     u810:
  4665   0027EC  5011               	movf	___lldiv@divisor^0,w,c
  4666   0027EE  5E0D               	subwf	___lldiv@dividend^0,f,c
  4667   0027F0  5012               	movf	(___lldiv@divisor+1)^0,w,c
  4668   0027F2  5A0E               	subwfb	(___lldiv@dividend+1)^0,f,c
  4669   0027F4  5013               	movf	(___lldiv@divisor+2)^0,w,c
  4670   0027F6  5A0F               	subwfb	(___lldiv@dividend+2)^0,f,c
  4671   0027F8  5014               	movf	(___lldiv@divisor+3)^0,w,c
  4672   0027FA  5A10               	subwfb	(___lldiv@dividend+3)^0,f,c
  4673   0027FC  8015               	bsf	___lldiv@quotient^0,0,c
  4674   0027FE                     l1724:
  4675   0027FE  90D8               	bcf	status,0,c
  4676   002800  3214               	rrcf	(___lldiv@divisor+3)^0,f,c
  4677   002802  3213               	rrcf	(___lldiv@divisor+2)^0,f,c
  4678   002804  3212               	rrcf	(___lldiv@divisor+1)^0,f,c
  4679   002806  3211               	rrcf	___lldiv@divisor^0,f,c
  4680   002808  2E19               	decfsz	___lldiv@counter^0,f,c
  4681   00280A  EFE2  F013         	goto	l1716
  4682   00280E                     l254:
  4683   00280E  C015  F00D         	movff	___lldiv@quotient,?___lldiv
  4684   002812  C016  F00E         	movff	___lldiv@quotient+1,?___lldiv+1
  4685   002816  C017  F00F         	movff	___lldiv@quotient+2,?___lldiv+2
  4686   00281A  C018  F010         	movff	___lldiv@quotient+3,?___lldiv+3
  4687   00281E  0012               	return		;funcret
  4688   002820                     __end_of___lldiv:
  4689                           	callstack 0
  4690                           
  4691 ;; *************** function _CLK_Initialize *****************
  4692 ;; Defined at:
  4693 ;;		line 202 in file "PWMservo.c"
  4694 ;; Parameters:    Size  Location     Type
  4695 ;;		None
  4696 ;; Auto vars:     Size  Location     Type
  4697 ;;		None
  4698 ;; Return value:  Size  Location     Type
  4699 ;;                  1    wreg      void 
  4700 ;; Registers used:
  4701 ;;		wreg, status,2
  4702 ;; Tracked objects:
  4703 ;;		On entry : 0/0
  4704 ;;		On exit  : 0/0
  4705 ;;		Unchanged: 0/0
  4706 ;; Data sizes:     COMRAM   BANK0   BANK1   BANK2   BANK3   BANK4   BANK5   BANK6   BANK7   BANK8   BANK9  BANK10  BANK1
      +1  BANK12  BANK13  BANK14  BANK15  BANK16  BANK17  BANK18  BANK19  BANK20  BANK21  BANK22  BANK23  BANK24  BANK25  BANK2
      +6  BANK27  BANK28  BANK29  BANK30  BANK31
  4707 ;;      Params:         0       0       0       0       0       0       0       0       0       0       0       0       
      +0       0       0       0       0       0       0       0       0       0       0       0       0       0       0       
      +0       0       0       0       0       0
  4708 ;;      Locals:         0       0       0       0       0       0       0       0       0       0       0       0       
      +0       0       0       0       0       0       0       0       0       0       0       0       0       0       0       
      +0       0       0       0       0       0
  4709 ;;      Temps:          0       0       0       0       0       0       0       0       0       0       0       0       
      +0       0       0       0       0       0       0       0       0       0       0       0       0       0       0       
      +0       0       0       0       0       0
  4710 ;;      Totals:         0       0       0       0       0       0       0       0       0       0       0       0       
      +0       0       0       0       0       0       0       0       0       0       0       0       0       0       0       
      +0       0       0       0       0       0
  4711 ;;Total ram usage:        0 bytes
  4712 ;; Hardware stack levels used: 1
  4713 ;; This function calls:
  4714 ;;		Nothing
  4715 ;; This function is called by:
  4716 ;;		_main
  4717 ;; This function uses a non-reentrant model
  4718 ;;
  4719                           
  4720                           	psect	text33
  4721   002D6A                     __ptext33:
  4722                           	callstack 0
  4723   002D6A                     _CLK_Initialize:
  4724                           	callstack 30
  4725   002D6A                     
  4726                           ;PWMservo.c: 205:     OSCCON1 = 0x60;
  4727   002D6A  0E60               	movlw	96
  4728   002D6C  0139               	movlb	57	; () banked
  4729   002D6E  6FD9               	movwf	217,b	;volatile
  4730                           
  4731                           ;PWMservo.c: 208:     OSCFRQ = 0x02;
  4732   002D70  0E02               	movlw	2
  4733   002D72  6FDF               	movwf	223,b	;volatile
  4734   002D74                     
  4735                           ; BSR set to: 57
  4736   002D74  0012               	return		;funcret
  4737   002D76                     __end_of_CLK_Initialize:
  4738                           	callstack 0
  4739                           
  4740                           	psect	rparam
  4741   000001                     ___rparam_used  equ	1
  4742   000000                     ___param_bank   equ	0
  4743   000000                     __Lparam        equ	__Lrparam
  4744   000000                     __Hparam        equ	__Hrparam
  4745                           
  4746                           	psect	config
  4747                           
  4748                           ;Config register CONFIG1L @ 0x300000
  4749                           ;	External Oscillator Selection
  4750                           ;	FEXTOSC = LP, LP (crystal oscillator) optimized for 32.768 kHz; PFM set to low power
  4751                           ;	Reset Oscillator Selection
  4752                           ;	RSTOSC = HFINTOSC_1MHZ, HFINTOSC with HFFRQ = 4 MHz and CDIV = 4:1
  4753   300000                     	org	3145728
  4754   300000  E8                 	db	232
  4755                           
  4756                           ;Config register CONFIG1H @ 0x300001
  4757                           ;	Clock out Enable bit
  4758                           ;	CLKOUTEN = OFF, CLKOUT function is disabled
  4759                           ;	PRLOCKED One-Way Set Enable bit
  4760                           ;	PR1WAY = ON, PRLOCK bit can be cleared and set only once
  4761                           ;	Clock Switch Enable bit
  4762                           ;	CSWEN = ON, Writing to NOSC and NDIV is allowed
  4763                           ;	Fail-Safe Clock Monitor Enable bit
  4764                           ;	FCMEN = ON, Fail-Safe Clock Monitor enabled
  4765   300001                     	org	3145729
  4766   300001  FF                 	db	255
  4767                           
  4768                           ;Config register CONFIG2L @ 0x300002
  4769                           ;	MCLR Enable bit
  4770                           ;	MCLRE = EXTMCLR, If LVP = 0, MCLR pin is MCLR; If LVP = 1, RE3 pin function is MCLR
  4771                           ;	Power-up timer selection bits
  4772                           ;	PWRTS = PWRT_OFF, PWRT is disabled
  4773                           ;	Multi-vector enable bit
  4774                           ;	MVECEN = ON, Multi-vector enabled, Vector table used for interrupts
  4775                           ;	IVTLOCK bit One-way set enable bit
  4776                           ;	IVT1WAY = ON, IVTLOCK bit can be cleared and set only once
  4777                           ;	Low Power BOR Enable bit
  4778                           ;	LPBOREN = OFF, ULPBOR disabled
  4779                           ;	Brown-out Reset Enable bits
  4780                           ;	BOREN = SBORDIS, Brown-out Reset enabled , SBOREN bit is ignored
  4781   300002                     	org	3145730
  4782   300002  FF                 	db	255
  4783                           
  4784                           ;Config register CONFIG2H @ 0x300003
  4785                           ;	Brown-out Reset Voltage Selection bits
  4786                           ;	BORV = VBOR_2P45, Brown-out Reset Voltage (VBOR) set to 2.45V
  4787                           ;	ZCD Disable bit
  4788                           ;	ZCD = OFF, ZCD disabled. ZCD can be enabled by setting the ZCDSEN bit of ZCDCON
  4789                           ;	PPSLOCK bit One-Way Set Enable bit
  4790                           ;	PPS1WAY = OFF, PPSLOCK bit can be set and cleared repeatedly (subject to the unlock se
      +                          quence)
  4791                           ;	Stack Full/Underflow Reset Enable bit
  4792                           ;	STVREN = ON, Stack full/underflow will cause Reset
  4793                           ;	Debugger Enable bit
  4794                           ;	DEBUG = OFF, Background debugger disabled
  4795                           ;	Extended Instruction Set Enable bit
  4796                           ;	XINST = OFF, Extended Instruction Set and Indexed Addressing Mode disabled
  4797   300003                     	org	3145731
  4798   300003  F7                 	db	247
  4799                           
  4800                           ;Config register CONFIG3L @ 0x300004
  4801                           ;	WDT Period selection bits
  4802                           ;	WDTCPS = WDTCPS_31, Divider ratio 1:65536; software control of WDTPS
  4803                           ;	WDT operating mode
  4804                           ;	WDTE = OFF, WDT Disabled; SWDTEN is ignored
  4805   300004                     	org	3145732
  4806   300004  9F                 	db	159
  4807                           
  4808                           ;Config register CONFIG3H @ 0x300005
  4809                           ;	WDT Window Select bits
  4810                           ;	WDTCWS = WDTCWS_7, window always open (100%); software control; keyed access not requi
      +                          red
  4811                           ;	WDT input clock selector
  4812                           ;	WDTCCS = SC, Software Control
  4813   300005                     	org	3145733
  4814   300005  FF                 	db	255
  4815                           
  4816                           ;Config register CONFIG4L @ 0x300006
  4817                           ;	Boot Block Size selection bits
  4818                           ;	BBSIZE = BBSIZE_512, Boot Block size is 512 words
  4819                           ;	Boot Block enable bit
  4820                           ;	BBEN = OFF, Boot block disabled
  4821                           ;	Storage Area Flash enable bit
  4822                           ;	SAFEN = OFF, SAF disabled
  4823                           ;	Application Block write protection bit
  4824                           ;	WRTAPP = OFF, Application Block not write protected
  4825   300006                     	org	3145734
  4826   300006  FF                 	db	255
  4827                           
  4828                           ;Config register CONFIG4H @ 0x300007
  4829                           ;	Boot Block Write Protection bit
  4830                           ;	WRTB = OFF, Boot Block not write-protected
  4831                           ;	Configuration Register Write Protection bit
  4832                           ;	WRTC = OFF, Configuration registers not write-protected
  4833                           ;	Data EEPROM Write Protection bit
  4834                           ;	WRTD = OFF, Data EEPROM not write-protected
  4835                           ;	SAF Write protection bit
  4836                           ;	WRTSAF = OFF, SAF not Write Protected
  4837                           ;	Low Voltage Programming Enable bit
  4838                           ;	LVP = ON, Low voltage programming enabled. MCLR/VPP pin function is MCLR. MCLRE config
      +                          uration bit is ignored
  4839   300007                     	org	3145735
  4840   300007  FF                 	db	255
  4841                           
  4842                           ;Config register CONFIG5L @ 0x300008
  4843                           ;	PFM and Data EEPROM Code Protection bit
  4844                           ;	CP = OFF, PFM and Data EEPROM code protection disabled
  4845   300008                     	org	3145736
  4846   300008  FF                 	db	255
  4847                           
  4848                           ;Config register CONFIG5H @ 0x300009
  4849                           ;	unspecified, using default values
  4850   300009                     	org	3145737
  4851   300009  FF                 	db	255
  4852                           tosu	equ	0x3FFF
  4853                           tosh	equ	0x3FFE
  4854                           tosl	equ	0x3FFD
  4855                           stkptr	equ	0x3FFC
  4856                           pclatu	equ	0x3FFB
  4857                           pclath	equ	0x3FFA
  4858                           pcl	equ	0x3FF9
  4859                           tblptru	equ	0x3FF8
  4860                           tblptrh	equ	0x3FF7
  4861                           tblptrl	equ	0x3FF6
  4862                           tablat	equ	0x3FF5
  4863                           prodh	equ	0x3FF4
  4864                           prodl	equ	0x3FF3
  4865                           indf0	equ	0x3FEF
  4866                           postinc0	equ	0x3FEE
  4867                           postdec0	equ	0x3FED
  4868                           preinc0	equ	0x3FEC
  4869                           plusw0	equ	0x3FEB
  4870                           fsr0h	equ	0x3FEA
  4871                           fsr0l	equ	0x3FE9
  4872                           wreg	equ	0x3FE8
  4873                           indf1	equ	0x3FE7
  4874                           postinc1	equ	0x3FE6
  4875                           postdec1	equ	0x3FE5
  4876                           preinc1	equ	0x3FE4
  4877                           plusw1	equ	0x3FE3
  4878                           fsr1h	equ	0x3FE2
  4879                           fsr1l	equ	0x3FE1
  4880                           bsr	equ	0x3FE0
  4881                           indf2	equ	0x3FDF
  4882                           postinc2	equ	0x3FDE
  4883                           postdec2	equ	0x3FDD
  4884                           preinc2	equ	0x3FDC
  4885                           plusw2	equ	0x3FDB
  4886                           fsr2h	equ	0x3FDA
  4887                           fsr2l	equ	0x3FD9
  4888                           status	equ	0x3FD8

Data Sizes:
    Strings     80
    Constant    0
    Data        0
    BSS         40
    Persistent  0
    Stack       0

Auto Spaces:
    Space          Size  Autos    Used
    COMRAM           95     78      86
    BANK0           160      0      32
    BANK1           256      0       0
    BANK2           256      0       0
    BANK3           256      0       0
    BANK4           256      0       0
    BANK5           256      0       0
    BANK6           256      0       0
    BANK7           256      0       0
    BANK8           256      0       0
    BANK9           256      0       0
    BANK10          256      0       0
    BANK11          256      0       0
    BANK12          256      0       0
    BANK13          256      0       0
    BANK14          256      0       0
    BANK15          256      0       0
    BANK16          256      0       0
    BANK17          256      0       0
    BANK18          256      0       0
    BANK19          256      0       0
    BANK20          256      0       0
    BANK21          256      0       0
    BANK22          256      0       0
    BANK23          256      0       0
    BANK24          256      0       0
    BANK25          256      0       0
    BANK26          256      0       0
    BANK27          256      0       0
    BANK28          256      0       0
    BANK29          256      0       0
    BANK30          256      0       0
    BANK31          256      0       0

Pointer List with Targets:

    f$.$buffer	PTR unsigned char  size(1) Largest target is 17
		 -> main@line(COMRAM[17]), 

    f$.$source	PTR const unsigned char  size(2) Largest target is 0

    fputc@fp	PTR struct _IO_FILE size(1) Largest target is 12
		 -> sprintf@f(COMRAM[11]), 

    fputc@fp$.$buffer	PTR unsigned char  size(1) Largest target is 17
		 -> main@line(COMRAM[17]), 

    fputc@fp$.$source	PTR const unsigned char  size(2) Largest target is 0

    fputs@fp	PTR struct _IO_FILE size(1) Largest target is 12
		 -> sprintf@f(COMRAM[11]), 

    fputs@s	PTR const unsigned char  size(1) Largest target is 32
		 -> dbuf(BANK0[32]), 

    LCD_Print16@text	PTR const unsigned char  size(2) Largest target is 17
		 -> main@line(COMRAM[17]), STR_1(CODE[12]), STR_2(CODE[12]), STR_3(CODE[14]), 
		 -> STR_5(CODE[16]), STR_6(CODE[14]), 

    pad@buf	PTR unsigned char  size(1) Largest target is 32
		 -> dbuf(BANK0[32]), 

    pad@fp	PTR struct _IO_FILE size(1) Largest target is 12
		 -> sprintf@f(COMRAM[11]), 

    read_prec_or_width@ap	PTR PTR void [1] size(1) Largest target is 1
		 -> sprintf@ap(COMRAM[1]), 

    read_prec_or_width@fmt	PTR PTR const unsigned char  size(1) Largest target is 1
		 -> vfprintf@cfmt(COMRAM[1]), 

    S972$buffer	PTR unsigned char  size(1) Largest target is 17
		 -> main@line(COMRAM[17]), 

    S972$source	PTR const unsigned char  size(2) Largest target is 0

    sprintf@ap	PTR void [1] size(1) Largest target is 2
		 -> ?_sprintf(COMRAM[2]), 

    sprintf@fmt	PTR const unsigned char  size(1) Largest target is 12
		 -> STR_4(CODE[12]), 

    sprintf@s	PTR unsigned char  size(1) Largest target is 17
		 -> main@line(COMRAM[17]), 

    utoa@fp	PTR struct _IO_FILE size(1) Largest target is 12
		 -> sprintf@f(COMRAM[11]), 

    vfpfcnvrt@ap	PTR PTR void  size(1) Largest target is 1
		 -> sprintf@ap(COMRAM[1]), 

    vfpfcnvrt@cp	PTR unsigned char  size(1) Largest target is 12
		 -> STR_4(CODE[12]), 

    vfpfcnvrt@fmt	PTR PTR unsigned char  size(1) Largest target is 1
		 -> vfprintf@cfmt(COMRAM[1]), 

    vfpfcnvrt@fp	PTR struct _IO_FILE size(1) Largest target is 12
		 -> sprintf@f(COMRAM[11]), 

    vfprintf@ap	PTR PTR void  size(1) Largest target is 1
		 -> sprintf@ap(COMRAM[1]), 

    vfprintf@cfmt	PTR unsigned char  size(1) Largest target is 12
		 -> STR_4(CODE[12]), 

    vfprintf@fmt	PTR const unsigned char  size(1) Largest target is 12
		 -> STR_4(CODE[12]), 

    vfprintf@fp	PTR struct _IO_FILE size(1) Largest target is 12
		 -> sprintf@f(COMRAM[11]), 


Critical Paths under _main in COMRAM

    _main->_sprintf
    _sprintf->_vfprintf
    _vfprintf->_vfpfcnvrt
    _vfpfcnvrt->_utoa
    _utoa->_pad
    _pad->_fputs
    _fputs->_fputc
    _PWM2_Initialize->_PWM2_LoadDutyValue
    _LCD_SetCursor->_LCD_Command
    _LCD_Print16->_LCD_Char
    _LCD_Initialize->_LCD_Command
    _HCSR04_ReadDistanceCM->___lwdiv
    _DelayMs_WithBuzzer->_Buzzer_Update
    _Buzzer_Update->_Buzzer_GetIntervalMs
    _Buzzer_GetIntervalMs->___lldiv
    ___lldiv->___lmul

Critical Paths under _main in BANK0

    None.

Critical Paths under _main in BANK1

    None.

Critical Paths under _main in BANK2

    None.

Critical Paths under _main in BANK3

    None.

Critical Paths under _main in BANK4

    None.

Critical Paths under _main in BANK5

    None.

Critical Paths under _main in BANK6

    None.

Critical Paths under _main in BANK7

    None.

Critical Paths under _main in BANK8

    None.

Critical Paths under _main in BANK9

    None.

Critical Paths under _main in BANK10

    None.

Critical Paths under _main in BANK11

    None.

Critical Paths under _main in BANK12

    None.

Critical Paths under _main in BANK13

    None.

Critical Paths under _main in BANK14

    None.

Critical Paths under _main in BANK15

    None.

Critical Paths under _main in BANK16

    None.

Critical Paths under _main in BANK17

    None.

Critical Paths under _main in BANK18

    None.

Critical Paths under _main in BANK19

    None.

Critical Paths under _main in BANK20

    None.

Critical Paths under _main in BANK21

    None.

Critical Paths under _main in BANK22

    None.

Critical Paths under _main in BANK23

    None.

Critical Paths under _main in BANK24

    None.

Critical Paths under _main in BANK25

    None.

Critical Paths under _main in BANK26

    None.

Critical Paths under _main in BANK27

    None.

Critical Paths under _main in BANK28

    None.

Critical Paths under _main in BANK29

    None.

Critical Paths under _main in BANK30

    None.

Critical Paths under _main in BANK31

    None.

Call Graph Tables:

 ---------------------------------------------------------------------------------
 (Depth) Function   	        Calls       Base Space   Used Autos Params    Refs
 ---------------------------------------------------------------------------------
 (0) _main                                                22    22      0    3939
                                             56 COMRAM    22    22      0
                     _CLK_Initialize
                 _DelayMs_WithBuzzer
              _HCSR04_ReadDistanceCM
                     _LCD_Initialize
                        _LCD_Print16
                      _LCD_SetCursor
                    _PORT_Initialize
                     _PPS_Initialize
                    _PWM2_Initialize
                 _PWM2_LoadDutyValue
                         _PWM2_Start
                    _TMR1_Initialize
                _TMR2_PWM_Initialize
                            _sprintf
 ---------------------------------------------------------------------------------
 (1) _sprintf                                             18    14      4    2408
                                             40 COMRAM    16    12      4
                           _vfprintf
 ---------------------------------------------------------------------------------
 (2) _vfprintf                                             4     1      3    2205
                                             36 COMRAM     4     1      3
                          _vfpfcnvrt
 ---------------------------------------------------------------------------------
 (3) _vfpfcnvrt                                           10     7      3    2074
                                             28 COMRAM     8     5      3
                              _fputc
                 _read_prec_or_width
                               _utoa
 ---------------------------------------------------------------------------------
 (4) _utoa                                                 8     5      3    1303
                                             20 COMRAM     8     5      3
                            ___lwdiv
                            ___lwmod
                                _pad
 ---------------------------------------------------------------------------------
 (5) _pad                                                  7     3      4     747
                                             13 COMRAM     7     3      4
                              _fputc
                              _fputs
 ---------------------------------------------------------------------------------
 (6) _fputs                                                5     3      2     333
                                              8 COMRAM     5     3      2
                              _fputc
 ---------------------------------------------------------------------------------
 (7) _fputc                                                8     5      3     232
                                              0 COMRAM     8     5      3
                              _putch
 ---------------------------------------------------------------------------------
 (8) _putch                                                1     1      0       0
 ---------------------------------------------------------------------------------
 (5) ___lwmod                                              5     1      4     161
                                              0 COMRAM     5     1      4
 ---------------------------------------------------------------------------------
 (4) _read_prec_or_width                                   7     5      2     182
                                              0 COMRAM     7     5      2
 ---------------------------------------------------------------------------------
 (1) _TMR2_PWM_Initialize                                  0     0      0       0
 ---------------------------------------------------------------------------------
 (1) _TMR1_Initialize                                      0     0      0       0
 ---------------------------------------------------------------------------------
 (1) _PWM2_Start                                           0     0      0       0
 ---------------------------------------------------------------------------------
 (1) _PWM2_Initialize                                      0     0      0      48
                 _PWM2_LoadDutyValue
 ---------------------------------------------------------------------------------
 (2) _PWM2_LoadDutyValue                                   2     0      2      48
                                              0 COMRAM     2     0      2
 ---------------------------------------------------------------------------------
 (1) _PPS_Initialize                                       0     0      0       0
 ---------------------------------------------------------------------------------
 (1) _PORT_Initialize                                      0     0      0       0
 ---------------------------------------------------------------------------------
 (1) _LCD_SetCursor                                        2     1      1     122
                                              2 COMRAM     2     1      1
                        _LCD_Command
 ---------------------------------------------------------------------------------
 (1) _LCD_Print16                                          3     1      2     113
                                              1 COMRAM     3     1      2
                           _LCD_Char
 ---------------------------------------------------------------------------------
 (2) _LCD_Char                                             1     1      0      15
                                              0 COMRAM     1     1      0
                    _LCD_PulseEnable
 ---------------------------------------------------------------------------------
 (1) _LCD_Initialize                                       1     1      0      45
                                              2 COMRAM     1     1      0
                        _LCD_Command
 ---------------------------------------------------------------------------------
 (2) _LCD_Command                                          2     2      0      45
                                              0 COMRAM     2     2      0
                    _LCD_PulseEnable
 ---------------------------------------------------------------------------------
 (3) _LCD_PulseEnable                                      0     0      0       0
 ---------------------------------------------------------------------------------
 (1) _HCSR04_ReadDistanceCM                                6     4      2     304
                                              7 COMRAM     6     4      2
                          _TMR1_Read
                         _TMR1_Write
                            ___lwdiv
 ---------------------------------------------------------------------------------
 (5) ___lwdiv                                              7     3      4     166
                                              0 COMRAM     7     3      4
 ---------------------------------------------------------------------------------
 (2) _TMR1_Write                                           2     0      2      45
                                              0 COMRAM     2     0      2
 ---------------------------------------------------------------------------------
 (2) _TMR1_Read                                            6     4      2      46
                                              0 COMRAM     6     4      2
 ---------------------------------------------------------------------------------
 (1) _DelayMs_WithBuzzer                                   5     1      4     599
                                             39 COMRAM     5     1      4
                      _Buzzer_Update
 ---------------------------------------------------------------------------------
 (2) _Buzzer_Update                                        8     4      4     529
                                             31 COMRAM     8     4      4
               _Buzzer_GetIntervalMs
 ---------------------------------------------------------------------------------
 (3) _Buzzer_GetIntervalMs                                 6     4      2     370
                                             25 COMRAM     6     4      2
                            ___lldiv
                             ___lmul
 ---------------------------------------------------------------------------------
 (4) ___lmul                                              12     4      8      94
                                              0 COMRAM    12     4      8
 ---------------------------------------------------------------------------------
 (4) ___lldiv                                             13     5      8     164
                                             12 COMRAM    13     5      8
                             ___lmul (ARG)
 ---------------------------------------------------------------------------------
 (1) _CLK_Initialize                                       0     0      0       0
 ---------------------------------------------------------------------------------
 Estimated maximum stack depth 8
 ---------------------------------------------------------------------------------

 Call Graph Graphs:

 _main (ROOT)
   _CLK_Initialize
   _DelayMs_WithBuzzer
     _Buzzer_Update
       _Buzzer_GetIntervalMs
         ___lldiv
           ___lmul (ARG)
         ___lmul
   _HCSR04_ReadDistanceCM
     _TMR1_Read
     _TMR1_Write
     ___lwdiv
   _LCD_Initialize
     _LCD_Command
       _LCD_PulseEnable
   _LCD_Print16
     _LCD_Char
       _LCD_PulseEnable
   _LCD_SetCursor
     _LCD_Command
   _PORT_Initialize
   _PPS_Initialize
   _PWM2_Initialize
     _PWM2_LoadDutyValue
   _PWM2_LoadDutyValue
   _PWM2_Start
   _TMR1_Initialize
   _TMR2_PWM_Initialize
   _sprintf
     _vfprintf
       _vfpfcnvrt
         _fputc
           _putch
         _read_prec_or_width
         _utoa
           ___lwdiv
           ___lwmod
           _pad
             _fputc
             _fputs
               _fputc

Address spaces:
Name               Size   Autos  Total    Usage
BIGRAM            8191      0       0      0.0%
BITBIGSFRlllh     1380      0       0      0.0%
BITBIGSFRllllll    420      0       0      0.0%
BITBANK31          256      0       0      0.0%
BANK31             256      0       0      0.0%
BITBANK30          256      0       0      0.0%
BANK30             256      0       0      0.0%
BITBANK29          256      0       0      0.0%
BANK29             256      0       0      0.0%
BITBANK28          256      0       0      0.0%
BANK28             256      0       0      0.0%
BITBANK27          256      0       0      0.0%
BANK27             256      0       0      0.0%
BITBANK26          256      0       0      0.0%
BANK26             256      0       0      0.0%
BITBANK25          256      0       0      0.0%
BANK25             256      0       0      0.0%
BITBANK24          256      0       0      0.0%
BANK24             256      0       0      0.0%
BITBANK23          256      0       0      0.0%
BANK23             256      0       0      0.0%
BITBANK22          256      0       0      0.0%
BANK22             256      0       0      0.0%
BITBANK21          256      0       0      0.0%
BANK21             256      0       0      0.0%
BITBANK20          256      0       0      0.0%
BANK20             256      0       0      0.0%
BITBANK19          256      0       0      0.0%
BANK19             256      0       0      0.0%
BITBANK18          256      0       0      0.0%
BANK18             256      0       0      0.0%
BITBANK17          256      0       0      0.0%
BANK17             256      0       0      0.0%
BITBANK16          256      0       0      0.0%
BANK16             256      0       0      0.0%
BITBANK15          256      0       0      0.0%
BANK15             256      0       0      0.0%
BITBANK14          256      0       0      0.0%
BANK14             256      0       0      0.0%
BITBANK13          256      0       0      0.0%
BANK13             256      0       0      0.0%
BITBANK12          256      0       0      0.0%
BANK12             256      0       0      0.0%
BITBANK11          256      0       0      0.0%
BANK11             256      0       0      0.0%
BITBANK10          256      0       0      0.0%
BANK10             256      0       0      0.0%
BITBANK9           256      0       0      0.0%
BANK9              256      0       0      0.0%
BITBANK8           256      0       0      0.0%
BANK8              256      0       0      0.0%
BITBANK7           256      0       0      0.0%
BANK7              256      0       0      0.0%
BITBANK6           256      0       0      0.0%
BANK6              256      0       0      0.0%
BITBANK5           256      0       0      0.0%
BANK5              256      0       0      0.0%
BITBANK4           256      0       0      0.0%
BANK4              256      0       0      0.0%
BITBANK3           256      0       0      0.0%
BANK3              256      0       0      0.0%
BITBANK2           256      0       0      0.0%
BANK2              256      0       0      0.0%
BITBANK1           256      0       0      0.0%
BANK1              256      0       0      0.0%
BITBANK0           160      0       0      0.0%
BANK0              160      0      32     20.0%
BITCOMRAM           95      0       0      0.0%
COMRAM              95     78      86     90.5%
BITBIGSFRh          80      0       0      0.0%
BITBIGSFRllllh      59      0       0      0.0%
BITBIGSFRlllllh     52      0       0      0.0%
BITBIGSFRllh        49      0       0      0.0%
BITBIGSFRlh          2      0       0      0.0%
STACK                0      0       0      0.0%
DATA                 0      0     118      0.0%


Microchip Technology PIC18 Macro Assembler V3.10 build 20250813170317 
Symbol Table                                                                                   Sun May 17 15:51:53 2026

               _LCD_Initialize 2AEE                   ?_LCD_Command 0001   Buzzer_GetIntervalMs@distance 001A  
             ??_CLK_Initialize 0001                  _LCD_SetCursor 2C30                            l102 2148  
                          l112 2D74                            l121 2D5C                            l130 2D4C  
                          l115 2C76                            l221 2A76                            l118 2CCC  
                          l127 2BC4                            l208 23F4                            l224 2A88  
                          l152 2C56                            l161 2D68                            l170 256A  
                          l155 2B42                            l147 28C0                            l164 2D00  
                          l172 2534                            l261 281E                            l181 2D2C  
                          l254 280E                            l238 2A10                            l190 2CE6  
                          l158 2D3C                            l239 2A20                            l184 2CB0  
                          l178 2D18                            l187 2CD4                            l189 2CE2  
                          l199 24B2                            l835 29B6                            l828 29AE  
                          l845 2AEC                            l838 2AE4                            u320 2BA4  
                          u321 2BA0                            u330 2BB6                            u410 2CE2  
                          u331 2BB2                            u411 2CDE                            u700 2A9C  
                          u620 26E0                            u701 2A98                            u621 26DC  
                          u710 2ABA                            u630 26F0                            u711 2AB6  
                          u631 26EC                            u800 27C4                            u720 2AD0  
                          u640 2716                            u801 27C0                            u721 2ACC  
                          u641 2712                            u810 27EC                            u650 2748  
                          u730 28D0                            u811 27E8                            u651 2744  
                          u731 28CC                            u660 2BFE                            u740 28EA  
                          u820 2696                            u900 221C                            u661 2BFA  
                          u741 28E6                            u821 2692                            u901 2218  
                          u670 295E                            u750 292A                            u830 26A8  
                          u910 2254                            u671 295A                            u751 2926  
                          u831 26A4                            u911 2250                            u680 297C  
                          u760 2938                            u840 26B8                            u920 228A  
                          u681 2978                            u761 2934                            u841 26B4  
                          u921 2286                            u770 29D6                            u930 2342  
                          u690 2998                            u850 259A                            u771 29D2  
                          u931 233E                            u691 2994                            u851 2596  
                          u780 2A10                            u940 2366                            u860 2618  
                          u781 2A0C                            u941 2362                            u861 2614  
                          u790 27A2                            u870 240E                            u950 238E  
                 ?_LCD_Print16 0002                            u791 279E                            u871 240A  
                          u951 238A                            u880 2424                            u960 23A4  
                          u881 2420                            u961 23A0                            u890 2444  
                          u970 23C2                            u891 2440                            u971 23BE  
                          u980 23EE                            u981 23EA                            u990 2B7E  
                          u991 2B7A                            _pad 28C2   Buzzer_GetIntervalMs@interval 001E  
                          wreg 3FE8                           l1015 2C2E                           l2000 2060  
                         l1033 28F0                           l1050 2618                           l2010 2074  
                         l2002 2064                           l1036 292A                           l2020 20BE  
                         l2012 207E                           l2004 2068                           l1054 2620  
                         l1038 2944                           l1046 26CE                           l2030 2108  
                         l2022 20CA                           l2014 208E                           l2006 206C  
                         l1071 2B84                           l1320 2B94                           l1400 2CCA  
                         l1064 231A                           l2040 2152                           l2032 211E  
                         l2024 20DA                           l2016 2098                           l2008 2070  
                         l1322 2BA4                           l1314 2B88                           l1410 2B08  
                         l1402 2AEE                           l1330 2D48                           l2050 21A6  
                         l2042 216A                           l2034 2120                           l2026 20F0  
                         l2018 20A8                           l1083 277A                           l1091 2BFE  
                         l1244 2D4E                           l1324 2BB6                           l1316 2B8A  
                         l1420 2B36                           l1412 2B1E                           l1404 2AFE  
                         l2052 21B6                           l2044 217E                           l2036 2130  
                         l2028 20F8                           l1246 2D54                           l1318 2B90  
                         l1422 2B3C                           l1414 2B24                           l1406 2B00  
                         l1326 2D40                           l1430 2D3A                           l1094 2D76  
                         l2054 21CA                           l2046 2192                           l2038 213E  
                         l1416 2B2A                           l1408 2B02                           l1328 2D42  
                         l1424 2D2E                           l1440 2D0C                           l1432 2D02  
                         l2056 21DA                           l2048 219C                           l1418 2B30  
                         l1450 2CCE                           l1426 2D32                           l1434 2D06  
                         l1700 29D6                           l1452 2CD2                           l1428 2D38  
                         l1436 2D08                           l1620 26D0                           l1710 27A2  
                         l1702 29E6                           l1438 2D0A                           l1630 2748  
                         l1622 26E0                           l1392 2D6A                           l1720 27EC  
                         l1712 27AA                           l1704 29F0                           l1624 26F0  
                         l1640 2BE2                           l1800 2254                           l1722 27FC  
                         l1714 27B6                           l1706 277C                           l1650 296E  
                         l1642 2946                           l1394 2C58                           l1626 26FA  
                         l1634 2BC6                           l1730 2626                           l1810 22B4  
                         l1802 225E                           l1724 27FE                           l1716 27C4  
                         l1708 278C                           l1660 29A2                           l1652 297C  
                         l1644 294C                           l1396 2CB2                           l1900 2CAC  
                         l1628 2716                           l1636 2BD0                           l1740 2664  
                         l1732 2634                           l1804 2268                           l1726 2808  
                         l1718 27CE                           l1662 29A8                           l1654 2982  
                         l1646 295E                           l1910 2826                           l1902 2C32  
                         l1398 2CBC                           l1830 2D22                           l1670 2AAC  
                         l1638 2BDE                           l1750 26B8                           l1742 266A  
                         l1734 263C                           l1806 228A                           l1822 22F2  
                         l1840 2CF4                           l1656 2998                           l1648 2966  
                         l1920 28A8                           l1912 2854                           l1904 2C42  
                         l1832 2D26                           l1760 25A2                           l1672 2ABA  
                         l1664 2A8A                           l1680 28C2                           l1736 2642  
                         l1744 2684                           l1728 2622                           l1816 22C8  
                         l1808 22A6                           l1770 240E                           l1850 2346  
                         l1834 2D5E                           l1658 29A0                           l1930 24C2  
                         l1922 28AE                           l1914 2858                           l1906 2C4E  
                         l1762 25C2                           l1754 256C                           l1674 2AD0  
                         l1666 2A9C                           l1690 2908                           l1682 28D0  
                         l1746 2696                           l1738 2662                           l1818 22E6  
                         l1772 2424                           l1844 231C                           l1836 2D62  
                         l1940 24EE                           l1932 24C4                           l1924 28B0  
                         l1916 285A                           l1908 2820                           l1828 2D1A  
                         l1764 25E4                           l1756 2572                           l1676 2AD8  
                         l1668 2AA4                           l1692 290C                           l1684 28DC  
                         l1748 26A8                           l1782 244E                           l1862 2376  
                         l1854 2350                           l1846 2330                           l1838 2CE8  
                         l1950 2514                           l1942 24F4                           l1934 24D0  
                         l1926 24B4                           l1918 2894                           l1758 259A  
                         l1766 25EC                           l1678 2ADE                           l1694 2938  
                         l1686 28EA                           l1790 221C                           l1696 29B8  
                         l1784 24AA                           l1776 242E                           l1768 23F6  
                         l1880 23EE                           l1872 23AC                           l1864 237E  
                         l1856 2366                           l1848 2342                           l1960 2544  
                         l1952 252E                           l1936 24E2                           l1944 24F6  
                         l1928 24BA                           l1688 28FA                           l1792 2224  
                         l1698 29C8                           l1778 2444                           l1874 23C2  
                         l1866 238E                           l1858 2368                           l1962 2550  
                         l1946 2504                           l1794 222E                           l1890 2B7E  
                         l1970 2C0E                           l1876 23D2                           l1868 23A4  
                         l1980 2A26                           l1948 250E                           l1796 2232  
                         l1788 21F4                           l1884 2B44                           l1972 2C14  
                         l1878 23D8                           l1990 2A70                           l1982 2A38  
                         l1958 2542                           l1894 2C96                           l1798 2246  
                         l1886 2B4C                           l1974 2C24                           l1966 2C00  
                         ?_pad 000E                           l1984 2A46                           l1896 2C98  
                         l1888 2B5C                           l1968 2C08                           l1992 2052  
                         l1986 2A4E                           l1978 2A22                           l1898 2CA2  
                         l1994 2054                           l1988 2A68                           l1996 2058  
                         l1998 205C                           STR_1 2045                           STR_2 202D  
                         STR_3 201F                           STR_4 2039                           STR_5 2001  
                         STR_6 2011                           u1000 2C42                           u1001 2C3E  
                         u1010 2850                           u1100 2A64                           u1020 2884  
                         u1101 2A60                           u1110 2A88                           u1030 2894  
                         u1111 2A84                           u1031 2890                           u1040 28A4  
                         u1120 20DA                           u1041 28A0                           u1017 2842  
                         u1121 20D6                           u1050 28C0                           u1130 20F0  
                         u1051 28BC                           u1027 2876                           u1131 20EC  
                         u1060 24E2                           u1140 2108                           u1061 24DE  
                         u1141 2104                           u1070 2504                           u1150 211E  
                         u1071 2500                           u1207 2AF4                           u1151 211A  
                         u1080 252E                           u1160 2130                           u1081 252A  
                         u1217 2B0E                           u1161 212C                           u1090 2542  
                         u1170 216A                           u1091 253E                           u1227 2B20  
                         u1171 2166                           u1180 21B6                           u1237 2BBC  
                         u1181 21B2                           _LATB 3FBB                           u1247 2D56  
                         _LATD 3FBD                           u1257 24BC                           u1267 2A3E  
                         u1277 2A6A                           u1197 20B2                           _T2PR 3FAB  
                         _dbuf 0060                           _main 2052                           _prec 0051  
                         pad@i 0013                           pad@p 0010                           fsr1h 3FE2  
                         fsr2h 3FDA                           indf1 3FE7                           indf2 3FDF  
                         fsr1l 3FE1                           fsr2l 3FD9                           _utoa 2622  
                         prodh 3FF4                           prodl 3FF3                           start FFFC  
              ?_PPS_Initialize 0001         __end_of_LCD_Initialize 2B44                   ___param_bank 0000  
                        ??_pad 0012               __end_of_LCD_Char 2D4E        __end_of_PWM2_Initialize 2CB2  
                 main@deployed 004C                 ?_LCD_SetCursor 0003                   main@distance 004D  
                        ?_main 0001                __end_of___lldiv 2820                          ?_utoa 0015  
                        _T1CLK 3FB5                          _T1CON 3FB2                          _T2CON 3FAC  
                        _T2HLT 3FAD                __end_of___lwdiv 29B8                          _T2TMR 3FAA  
                        _T2RST 3FAF                __end_of___lwmod 2AEE                   vfpfcnvrt@fmt 001E  
                        _TMR1H 3FB1                          _TMR1L 3FB0                          _TRISB 3FC3  
          ___lmul@multiplicand 0005                    ?_PWM2_Start 0001                          _flags 0055  
                  ?_TMR1_Write 0001            read_prec_or_width@c 0005            read_prec_or_width@n 0006  
                        _fputc 26D0                          _fputs 2BC6                          pad@fp 000E  
                        _width 004F                          _putch 2D76        __end_of_TMR1_Initialize 2D3E  
                        tablat 3FF5                          utoa@d 0016                          utoa@i 001B  
                        utoa@p 001A                          utoa@w 0018                          status 3FD8  
              __end_of_sprintf 2C30              ??_PORT_Initialize 0001                ?_LCD_Initialize 0001  
              __initialization 2C78                   __end_of_main 21F4                   __end_of_utoa 26D0  
                       ??_main 0039                         ??_utoa 0018                  __activetblptr 0003  
   __end_of_read_prec_or_width 2622                   LCD_Print16@i 0004                         ?_fputc 0001  
                       ?_fputs 0009                         _CCPR2H 3F79                         _CCPR2L 3F78  
                       ?_putch 0001                         _ANSELB 3A50                         _ANSELD 3A70  
                       _T1GCON 3FB3                         _RC5PPS 3A15                _LCD_PulseEnable 2D4E  
                       _OSCFRQ 39DF        ??_HCSR04_ReadDistanceCM 000A                   vfprintf@cfmt 0028  
                       ___lmul 29B8              __end_of_TMR1_Read 2D02                ??_LCD_SetCursor 0004  
                    ??___lldiv 0015                      ??___lwdiv 0005                      ??___lwmod 0005  
             ?_PWM2_Initialize 0001           read_prec_or_width@ap 0002                         clear_0 2C7E  
                       clear_1 2C8A                         isa$std 0001                         pad@buf 000F  
                       fputc@c 0001                         fputs@c 000B                         fputs@i 000C  
                       fputs@s 0009                   __mediumconst 2000                         tblptrh 3FF7  
                       tblptrl 3FF6                         tblptru 3FF8                         putch@c 0001  
             __end_of_vfprintf 2B86                         utoa@fp 0015                      ??_sprintf 002D  
           LCD_Command@command 0002               ?_TMR1_Initialize 0001                      ?_LCD_Char 0001  
                   __accesstop 0060        __end_of__initialization 2C90     __end_of_PWM2_LoadDutyValue 2D2E  
                ___rparam_used 0001                      LCD_Char@c 0001                  _Buzzer_Update 231C  
               __pcstackCOMRAM 0001                  __end_of_fputc 277C                  __end_of_fputs 2C00  
                __end_of_putch 2D78   __end_of_Buzzer_GetIntervalMs 24B4        __end_of_LCD_PulseEnable 2D5E  
                      ??_fputc 0004                        ??_fputs 000B                        ??_putch 0001  
                   __pbssBANK0 0060               ??_PPS_Initialize 0001                     ??_LCD_Char 0001  
              LCD_Print16@text 0002                TMR1_Write@value 0001                 ?_Buzzer_Update 0020  
          _TMR2_PWM_Initialize 2D02                        ?___lmul 0001                        _CCP2CON 3F7A  
               ___lmul@product 0009   HCSR04_ReadDistanceCM@echo_us 000A                        _OSCCON1 39D9  
         ?_TMR2_PWM_Initialize 0001                _PORT_Initialize 2C58   HCSR04_ReadDistanceCM@timeout 000C  
                 ??_PWM2_Start 0001                        _PPSLOCK 3ABF                   ??_TMR1_Write 0003  
             ??_LCD_Initialize 0003                        __Hparam 0000                        __Lparam 0000  
                      ___lldiv 277C                        ___lwdiv 2946                        ___lwmod 2A8A  
                    ?_vfprintf 0025                   __psmallconst 2000             __end_of_PWM2_Start 2CE8  
           __end_of_TMR1_Write 2D6A                        __pcinit 2C78                        __ramtop 2000  
                      __ptext0 2052                        __ptext1 2C00                        __ptext2 2B44  
                      __ptext3 21F4                        __ptext4 2622                        __ptext5 28C2  
                      __ptext6 2BC6                        __ptext7 26D0                        __ptext8 2D76  
                      __ptext9 2A8A          read_prec_or_width@fmt 0001          ??_TMR2_PWM_Initialize 0001  
             ?_LCD_PulseEnable 0001                        _sprintf 2C00           end_of_initialization 2C90  
             LCD_SetCursor@col 0003               LCD_SetCursor@row 0004                        fputc@fp 0003  
              ??_Buzzer_Update 0024           _Buzzer_GetIntervalMs 23F6                        fputs@fp 000A  
           _read_prec_or_width 256C                ___lldiv@divisor 0011                ___lldiv@counter 0019  
__end_of_HCSR04_ReadDistanceCM 256C              __end_of_vfpfcnvrt 231C                        postdec2 3FDD  
          ?_read_prec_or_width 0001                        postinc0 3FEE                        postinc1 3FE6  
                      postinc2 3FDE               vfpfcnvrt@convarg 0020                     ??_vfprintf 0028  
                    _TMR1_Read 2CE8        __end_of_PORT_Initialize 2C78                      _PORTDbits 3FCD  
                    _TRISCbits 3FC4                      _TRISDbits 3FC5           ??_read_prec_or_width 0003  
        ?_Buzzer_GetIntervalMs 001A                  ??_LCD_Command 0001                 __end_of___lmul 2A22  
                  vfpfcnvrt@ap 001F                    vfpfcnvrt@cp 0024                    vfpfcnvrt@fp 001D  
        __end_of_LCD_SetCursor 2C58             _PWM2_LoadDutyValue 2D1A                     ?_TMR1_Read 0001  
                ??_LCD_Print16 0004            start_initialization 2C78            ?_PWM2_LoadDutyValue 0001  
                  __end_of_pad 2946           ??_PWM2_LoadDutyValue 0003                    vfprintf@fmt 0026  
  PWM2_LoadDutyValue@dutyValue 0001                       ??___lmul 0009               ?_PORT_Initialize 0001  
          __end_of_LCD_Command 2BC6                    __pbssCOMRAM 004F                 _CLK_Initialize 2D6A  
          __end_of_LCD_Print16 28C2         ??_Buzzer_GetIntervalMs 001C     __end_of_DelayMs_WithBuzzer 2A8A  
             ___lwdiv@dividend 0001                       ?___lldiv 000D                       ?___lwdiv 0001  
                     ?___lwmod 0001                    ??_TMR1_Read 0003                    __smallconst 2000  
       __end_of_CLK_Initialize 2D76                       _CCPTMRS0 3F5E               ___lwdiv@quotient 0005  
                     ?_sprintf 0029                       _T2CLKCON 3FAE                       _LCD_Char 2D3E  
            ??_PWM2_Initialize 0003     DelayMs_WithBuzzer@distance 0028                       _LATDbits 3FBD  
                     _PIR4bits 39A4                    _LCD_Command 2B86                      _vfpfcnvrt 21F4  
  __end_of_TMR2_PWM_Initialize 2D1A          Buzzer_Update@distance 0020              ??_TMR1_Initialize 0001  
   DelayMs_WithBuzzer@total_ms 002A                    _LCD_Print16 2820                  TMR1_Read@high 0006  
              ?_CLK_Initialize 0001          Buzzer_Update@buzzerOn 0056          Buzzer_Update@interval 0026  
            ___lmul@multiplier 0001          __end_of_Buzzer_Update 23F6                       __Hrparam 0000  
                   vfprintf@ap 0027                       __Lrparam 0000                     vfprintf@fp 0025  
        _HCSR04_ReadDistanceCM 24B4                     ?_vfpfcnvrt 001D                     _ANSELCbits 3A60  
                   sprintf@fmt 002A                ___lwdiv@divisor 0003                ___lwdiv@counter 0007  
                     __ptext10 256C                       __ptext11 2D02                       __ptext20 2D3E  
                     __ptext12 2D2E                       __ptext21 2AEE                       __ptext13 2CCE  
                     __ptext30 23F6                       __ptext22 2B86                       __ptext14 2C96  
                     __ptext31 29B8                       __ptext23 2D4E                       __ptext15 2D1A  
                     __ptext32 277C                       __ptext24 24B4                       __ptext16 2CB2  
                     __ptext33 2D6A                       __ptext25 2946                       __ptext17 2C58  
                     __ptext26 2D5E                       __ptext18 2C30                       __ptext27 2CE8  
                     __ptext19 2820                       __ptext28 2A22                       __ptext29 231C  
                     isa$xinst 0000                       _vfprintf 2B44           Buzzer_Update@offTime 0024  
                 TMR1_Read@low 0005                       main@line 003B           Buzzer_Update@tick_ms 0022  
                    sprintf@ap 002D               ___lwmod@dividend 0001               ___lldiv@dividend 000D  
                  _PPSLOCKbits 3ABF                 _PPS_Initialize 2CB2         ?_HCSR04_ReadDistanceCM 0008  
            ??_LCD_PulseEnable 0001             _DelayMs_WithBuzzer 2A22                    ??_vfpfcnvrt 0020  
                     sprintf@f 002E                       sprintf@s 0029            ?_DelayMs_WithBuzzer 0028  
             ___lldiv@quotient 0015                ___lwmod@divisor 0003                _PWM2_Initialize 2C96  
              ___lwmod@counter 0005                     _PWM2_Start 2CCE                     _TMR1_Write 2D5E  
      Buzzer_Update@elapsed_ms 0053           ??_DelayMs_WithBuzzer 002C         __end_of_PPS_Initialize 2CCE  
              _TMR1_Initialize 2D2E  
