

Microchip MPLAB XC8 Assembler V3.10 build 20250813170317 
                                                                                               Mon May  4 00:17:17 2026

Microchip MPLAB XC8 C Compiler v3.10 (Free license) build 20250813170317 Og1 
     1                           	processor	18F47K42
     2                           	fnconf	rparam,??,?,0
     3                           	pagewidth 120
     4                           	opt	flic
     5                           	psect	smallconst,global,reloc=2,class=SMALLCONST,space=0,delta=1,noexec
     6                           	psect	cinit,global,reloc=2,class=CODE,space=0,delta=1
     7                           	psect	bssCOMRAM,global,class=COMRAM,space=1,delta=1,lowdata,noexec
     8                           	psect	bssBANK0,global,class=BANK0,space=1,delta=1,lowdata,noexec
     9                           	psect	cstackBANK0,global,class=BANK0,space=1,delta=1,lowdata,noexec
    10                           	psect	cstackCOMRAM,global,class=COMRAM,space=1,delta=1,lowdata,noexec
    11                           	psect	text0,global,reloc=2,class=CODE,space=0,delta=1
    12                           	psect	text1,global,reloc=2,class=CODE,space=0,delta=1
    13                           	psect	text2,global,reloc=2,class=CODE,space=0,delta=1,group=3
    14                           	psect	text3,global,reloc=2,class=CODE,space=0,delta=1,group=1
    15                           	psect	text4,global,reloc=2,class=CODE,space=0,delta=1,group=1
    16                           	psect	text5,global,reloc=2,class=CODE,space=0,delta=1,group=1
    17                           	psect	text6,global,reloc=2,class=CODE,space=0,delta=1,group=1
    18                           	psect	text7,global,reloc=2,class=CODE,space=0,delta=1,group=1
    19                           	psect	text8,global,reloc=2,class=CODE,space=0,delta=1,group=3
    20                           	psect	text9,global,reloc=2,class=CODE,space=0,delta=1,group=3
    21                           	psect	text10,global,reloc=2,class=CODE,space=0,delta=1,group=3
    22                           	psect	text11,global,reloc=2,class=CODE,space=0,delta=1,group=3
    23                           	psect	text12,global,reloc=2,class=CODE,space=0,delta=1,group=2
    24                           	psect	text13,global,reloc=2,class=CODE,space=0,delta=1,group=2
    25                           	psect	text14,global,reloc=2,class=CODE,space=0,delta=1,group=2
    26                           	psect	text15,global,reloc=2,class=CODE,space=0,delta=1
    27                           	psect	text16,global,reloc=2,class=CODE,space=0,delta=1
    28                           	psect	text17,global,reloc=2,class=CODE,space=0,delta=1
    29                           	psect	text18,global,reloc=2,class=CODE,space=0,delta=1
    30                           	psect	text19,global,reloc=2,class=CODE,space=0,delta=1
    31                           	psect	text20,global,reloc=2,class=CODE,space=0,delta=1
    32                           	psect	text21,global,reloc=2,class=CODE,space=0,delta=1
    33                           	psect	text22,global,reloc=2,class=CODE,space=0,delta=1
    34                           	psect	text23,global,reloc=2,class=CODE,space=0,delta=1
    35                           	psect	text24,global,reloc=2,class=CODE,space=0,delta=1
    36                           	psect	text25,global,reloc=2,class=CODE,space=0,delta=1
    37                           	psect	text26,global,reloc=2,class=CODE,space=0,delta=1
    38                           	psect	text27,global,reloc=2,class=CODE,space=0,delta=1
    39                           	psect	text28,global,reloc=2,class=CODE,space=0,delta=1
    40                           	psect	text29,global,reloc=2,class=CODE,space=0,delta=1
    41                           	psect	text30,global,reloc=2,class=CODE,space=0,delta=1
    42                           	psect	text31,global,reloc=4,class=CODE,space=0,delta=1
    43                           	psect	text32,global,reloc=2,class=CODE,space=0,delta=1
    44                           	psect	text33,global,reloc=2,class=CODE,space=0,delta=1
    45                           	psect	ivt0x8,global,reloc=2,class=CODE,space=0,delta=1,noexec,keep,optim=
    46                           	psect	intsave_regs,global,class=BIGRAM,space=1,delta=1,noexec
    47                           	psect	rparam,global,class=COMRAM,space=1,delta=1,noexec
    48                           	psect	config,global,abs,ovrld,class=CONFIG,space=4,delta=1,noexec
    49   000000                     
    50                           ; Generated 24/03/2025 GMT
    51                           ; 
    52                           ; Copyright © 2025, Microchip Technology Inc. and its subsidiaries ("Microchip")
    53                           ; All rights reserved.
    54                           ; 
    55                           ; This software is developed by Microchip Technology Inc. and its subsidiaries ("Microch
      +                          ip").
    56                           ; 
    57                           ; Redistribution and use in source and binary forms, with or without modification, are
    58                           ; permitted provided that the following conditions are met:
    59                           ; 
    60                           ;     1. Redistributions of source code must retain the above copyright notice, this lis
      +                          t of
    61                           ;        conditions and the following disclaimer.
    62                           ; 
    63                           ;     2. Redistributions in binary form must reproduce the above copyright notice, this 
      +                          list
    64                           ;        of conditions and the following disclaimer in the documentation and/or other
    65                           ;        materials provided with the distribution. Publication is not required when
    66                           ;        this file is used in an embedded application.
    67                           ; 
    68                           ;     3. Microchip's name may not be used to endorse or promote products derived from th
      +                          is
    69                           ;        software without specific prior written permission.
    70                           ; 
    71                           ; THIS SOFTWARE IS PROVIDED BY MICROCHIP "AS IS" AND ANY EXPRESS OR IMPLIED WARRANTIES,
    72                           ; INCLUDING, BUT NOT LIMITED TO, THE IMPLIED WARRANTIES OF MERCHANTABILITY AND FITNESS F
      +                          OR
    73                           ; PURPOSE ARE DISCLAIMED.  IN NO EVENT SHALL MICROCHIP BE LIABLE FOR ANY DIRECT, INDIREC
      +                          T,
    74                           ; INCIDENTAL, SPECIAL, EXEMPLARY, OR CONSEQUENTIAL DAMAGES (INCLUDING BUT NOT LIMITED TO
    75                           ; PROCUREMENT OF SUBSTITUTE GOODS OR SERVICES; LOSS OF USE, DATA OR PROFITS; OR BUSINESS
    76                           ; INTERRUPTION) HOWSOEVER CAUSED AND ON ANY THEORY OF LIABILITY, WHETHER IN CONTRACT, ST
      +                          RICT
    77                           ; LIABILITY, OR TORT (INCLUDING NEGLIGENCE OR OTHERWISE) ARISING IN ANY WAY OUT OF THE U
      +                          SE OF
    78                           ; THIS SOFTWARE, EVEN IF ADVISED OF THE POSSIBILITY OF SUCH DAMAGE.
    79                           ; 
    80                           ; 
    81                           ; Code-generator required, PIC18F47K42 Definitions
    82                           ; 
    83                           ; SFR Addresses
    84   003FE0                     bsr             equ	16352
    85   003FE9                     fsr0            equ	16361
    86   003FEA                     fsr0h           equ	16362
    87   003FE9                     fsr0l           equ	16361
    88   003FE1                     fsr1            equ	16353
    89   003FE2                     fsr1h           equ	16354
    90   003FE1                     fsr1l           equ	16353
    91   003FD9                     fsr2            equ	16345
    92   003FDA                     fsr2h           equ	16346
    93   003FD9                     fsr2l           equ	16345
    94   003FEF                     indf0           equ	16367
    95   003FE7                     indf1           equ	16359
    96   003FDF                     indf2           equ	16351
    97   003FD2                     intcon          equ	16338
    98   0039E5                     nvmcon          equ	14821
    99   003FF9                     pcl             equ	16377
   100   003FFA                     pclath          equ	16378
   101   003FFB                     pclatu          equ	16379
   102   003FEB                     plusw0          equ	16363
   103   003FE3                     plusw1          equ	16355
   104   003FDB                     plusw2          equ	16347
   105   003FED                     postdec0        equ	16365
   106   003FE5                     postdec1        equ	16357
   107   003FDD                     postdec2        equ	16349
   108   003FEE                     postinc0        equ	16366
   109   003FE6                     postinc1        equ	16358
   110   003FDE                     postinc2        equ	16350
   111   003FEC                     preinc0         equ	16364
   112   003FE4                     preinc1         equ	16356
   113   003FDC                     preinc2         equ	16348
   114   003FF3                     prod            equ	16371
   115   003FF4                     prodh           equ	16372
   116   003FF3                     prodl           equ	16371
   117   003FD8                     status          equ	16344
   118   003FF5                     tablat          equ	16373
   119   003FF6                     tblptr          equ	16374
   120   003FF7                     tblptrh         equ	16375
   121   003FF6                     tblptrl         equ	16374
   122   003FF8                     tblptru         equ	16376
   123   003FFD                     tosl            equ	16381
   124   003FE8                     wreg            equ	16360
   125   003880                     STATUS_CSHAD    equ	14464	;# 
   126   003881                     WREG_CSHAD      equ	14465	;# 
   127   003882                     BSR_CSHAD       equ	14466	;# 
   128   003883                     SHADCON         equ	14467	;# 
   129   003884                     STATUS_SHAD     equ	14468	;# 
   130   003885                     WREG_SHAD       equ	14469	;# 
   131   003886                     BSR_SHAD        equ	14470	;# 
   132   003887                     PCLATH_SHAD     equ	14471	;# 
   133   003888                     PCLATU_SHAD     equ	14472	;# 
   134   003889                     FSR0SH          equ	14473	;# 
   135   003889                     FSR0L_SHAD      equ	14473	;# 
   136   00388A                     FSR0H_SHAD      equ	14474	;# 
   137   00388B                     FSR1SH          equ	14475	;# 
   138   00388B                     FSR1L_SHAD      equ	14475	;# 
   139   00388C                     FSR1H_SHAD      equ	14476	;# 
   140   00388D                     FSR2SH          equ	14477	;# 
   141   00388D                     FSR2L_SHAD      equ	14477	;# 
   142   00388E                     FSR2H_SHAD      equ	14478	;# 
   143   00388F                     PRODSH          equ	14479	;# 
   144   00388F                     PRODL_SHAD      equ	14479	;# 
   145   003890                     PRODH_SHAD      equ	14480	;# 
   146   00389D                     IVTADL          equ	14493	;# 
   147   00389E                     IVTADH          equ	14494	;# 
   148   00389F                     IVTADU          equ	14495	;# 
   149   00395B                     WDTCON0         equ	14683	;# 
   150   00395C                     WDTCON1         equ	14684	;# 
   151   00395D                     WDTPSL          equ	14685	;# 
   152   00395E                     WDTPSH          equ	14686	;# 
   153   00395F                     WDTTMR          equ	14687	;# 
   154   003960                     CRCDATA         equ	14688	;# 
   155   003960                     CRCDATL         equ	14688	;# 
   156   003961                     CRCDATH         equ	14689	;# 
   157   003962                     CRCACC          equ	14690	;# 
   158   003962                     CRCACCL         equ	14690	;# 
   159   003963                     CRCACCH         equ	14691	;# 
   160   003964                     CRCSHFT         equ	14692	;# 
   161   003964                     CRCSHIFTL       equ	14692	;# 
   162   003965                     CRCSHIFTH       equ	14693	;# 
   163   003966                     CRCXOR          equ	14694	;# 
   164   003966                     CRCXORL         equ	14694	;# 
   165   003967                     CRCXORH         equ	14695	;# 
   166   003968                     CRCCON0         equ	14696	;# 
   167   003969                     CRCCON1         equ	14697	;# 
   168   003976                     SCANLADR        equ	14710	;# 
   169   003976                     SCANLADRL       equ	14710	;# 
   170   003977                     SCANLADRH       equ	14711	;# 
   171   003978                     SCANLADRU       equ	14712	;# 
   172   003979                     SCANHADR        equ	14713	;# 
   173   003979                     SCANHADRL       equ	14713	;# 
   174   00397A                     SCANHADRH       equ	14714	;# 
   175   00397B                     SCANHADRU       equ	14715	;# 
   176   00397C                     SCANCON0        equ	14716	;# 
   177   00397D                     SCANTRIG        equ	14717	;# 
   178   003980                     IPR0            equ	14720	;# 
   179   003981                     IPR1            equ	14721	;# 
   180   003982                     IPR2            equ	14722	;# 
   181   003983                     IPR3            equ	14723	;# 
   182   003984                     IPR4            equ	14724	;# 
   183   003985                     IPR5            equ	14725	;# 
   184   003986                     IPR6            equ	14726	;# 
   185   003987                     IPR7            equ	14727	;# 
   186   003988                     IPR8            equ	14728	;# 
   187   003989                     IPR9            equ	14729	;# 
   188   00398A                     IPR10           equ	14730	;# 
   189   003990                     PIE0            equ	14736	;# 
   190   003991                     PIE1            equ	14737	;# 
   191   003992                     PIE2            equ	14738	;# 
   192   003993                     PIE3            equ	14739	;# 
   193   003994                     PIE4            equ	14740	;# 
   194   003995                     PIE5            equ	14741	;# 
   195   003996                     PIE6            equ	14742	;# 
   196   003997                     PIE7            equ	14743	;# 
   197   003998                     PIE8            equ	14744	;# 
   198   003999                     PIE9            equ	14745	;# 
   199   00399A                     PIE10           equ	14746	;# 
   200   0039A0                     PIR0            equ	14752	;# 
   201   0039A1                     PIR1            equ	14753	;# 
   202   0039A2                     PIR2            equ	14754	;# 
   203   0039A3                     PIR3            equ	14755	;# 
   204   0039A4                     PIR4            equ	14756	;# 
   205   0039A5                     PIR5            equ	14757	;# 
   206   0039A6                     PIR6            equ	14758	;# 
   207   0039A7                     PIR7            equ	14759	;# 
   208   0039A8                     PIR8            equ	14760	;# 
   209   0039A9                     PIR9            equ	14761	;# 
   210   0039AA                     PIR10           equ	14762	;# 
   211   0039C0                     PMD0            equ	14784	;# 
   212   0039C1                     PMD1            equ	14785	;# 
   213   0039C2                     PMD2            equ	14786	;# 
   214   0039C3                     PMD3            equ	14787	;# 
   215   0039C4                     PMD4            equ	14788	;# 
   216   0039C5                     PMD5            equ	14789	;# 
   217   0039C6                     PMD6            equ	14790	;# 
   218   0039C7                     PMD7            equ	14791	;# 
   219   0039D0                     BORCON          equ	14800	;# 
   220   0039D1                     VREGCON         equ	14801	;# 
   221   0039D8                     CPUDOZE         equ	14808	;# 
   222   0039D9                     OSCCON1         equ	14809	;# 
   223   0039DA                     OSCCON2         equ	14810	;# 
   224   0039DB                     OSCCON3         equ	14811	;# 
   225   0039DC                     OSCSTAT         equ	14812	;# 
   226   0039DC                     OSCSTAT1        equ	14812	;# 
   227   0039DD                     OSCEN           equ	14813	;# 
   228   0039DE                     OSCTUNE         equ	14814	;# 
   229   0039DF                     OSCFRQ          equ	14815	;# 
   230   0039E0                     NVMADRL         equ	14816	;# 
   231   0039E1                     NVMADRH         equ	14817	;# 
   232   0039E3                     NVMDAT          equ	14819	;# 
   233   0039E5                     NVMCON1         equ	14821	;# 
   234   0039E6                     NVMCON2         equ	14822	;# 
   235   0039EF                     PRLOCK          equ	14831	;# 
   236   0039F1                     ISRPR           equ	14833	;# 
   237   0039F2                     MAINPR          equ	14834	;# 
   238   0039F3                     DMA1PR          equ	14835	;# 
   239   0039F4                     DMA2PR          equ	14836	;# 
   240   0039F7                     SCANPR          equ	14839	;# 
   241   003A00                     RA0PPS          equ	14848	;# 
   242   003A01                     RA1PPS          equ	14849	;# 
   243   003A02                     RA2PPS          equ	14850	;# 
   244   003A03                     RA3PPS          equ	14851	;# 
   245   003A04                     RA4PPS          equ	14852	;# 
   246   003A05                     RA5PPS          equ	14853	;# 
   247   003A06                     RA6PPS          equ	14854	;# 
   248   003A07                     RA7PPS          equ	14855	;# 
   249   003A08                     RB0PPS          equ	14856	;# 
   250   003A09                     RB1PPS          equ	14857	;# 
   251   003A0A                     RB2PPS          equ	14858	;# 
   252   003A0B                     RB3PPS          equ	14859	;# 
   253   003A0C                     RB4PPS          equ	14860	;# 
   254   003A0D                     RB5PPS          equ	14861	;# 
   255   003A0E                     RB6PPS          equ	14862	;# 
   256   003A0F                     RB7PPS          equ	14863	;# 
   257   003A10                     RC0PPS          equ	14864	;# 
   258   003A11                     RC1PPS          equ	14865	;# 
   259   003A12                     RC2PPS          equ	14866	;# 
   260   003A13                     RC3PPS          equ	14867	;# 
   261   003A14                     RC4PPS          equ	14868	;# 
   262   003A15                     RC5PPS          equ	14869	;# 
   263   003A16                     RC6PPS          equ	14870	;# 
   264   003A17                     RC7PPS          equ	14871	;# 
   265   003A18                     RD0PPS          equ	14872	;# 
   266   003A19                     RD1PPS          equ	14873	;# 
   267   003A1A                     RD2PPS          equ	14874	;# 
   268   003A1B                     RD3PPS          equ	14875	;# 
   269   003A1C                     RD4PPS          equ	14876	;# 
   270   003A1D                     RD5PPS          equ	14877	;# 
   271   003A1E                     RD6PPS          equ	14878	;# 
   272   003A1F                     RD7PPS          equ	14879	;# 
   273   003A20                     RE0PPS          equ	14880	;# 
   274   003A21                     RE1PPS          equ	14881	;# 
   275   003A22                     RE2PPS          equ	14882	;# 
   276   003A40                     ANSELA          equ	14912	;# 
   277   003A41                     WPUA            equ	14913	;# 
   278   003A42                     ODCONA          equ	14914	;# 
   279   003A43                     SLRCONA         equ	14915	;# 
   280   003A44                     INLVLA          equ	14916	;# 
   281   003A45                     IOCAP           equ	14917	;# 
   282   003A46                     IOCAN           equ	14918	;# 
   283   003A47                     IOCAF           equ	14919	;# 
   284   003A50                     ANSELB          equ	14928	;# 
   285   003A51                     WPUB            equ	14929	;# 
   286   003A52                     ODCONB          equ	14930	;# 
   287   003A53                     SLRCONB         equ	14931	;# 
   288   003A54                     INLVLB          equ	14932	;# 
   289   003A55                     IOCBP           equ	14933	;# 
   290   003A56                     IOCBN           equ	14934	;# 
   291   003A57                     IOCBF           equ	14935	;# 
   292   003A5A                     RB1I2C          equ	14938	;# 
   293   003A5B                     RB2I2C          equ	14939	;# 
   294   003A60                     ANSELC          equ	14944	;# 
   295   003A61                     WPUC            equ	14945	;# 
   296   003A62                     ODCONC          equ	14946	;# 
   297   003A63                     SLRCONC         equ	14947	;# 
   298   003A64                     INLVLC          equ	14948	;# 
   299   003A65                     IOCCP           equ	14949	;# 
   300   003A66                     IOCCN           equ	14950	;# 
   301   003A67                     IOCCF           equ	14951	;# 
   302   003A6A                     RC3I2C          equ	14954	;# 
   303   003A6B                     RC4I2C          equ	14955	;# 
   304   003A70                     ANSELD          equ	14960	;# 
   305   003A71                     WPUD            equ	14961	;# 
   306   003A72                     ODCOND          equ	14962	;# 
   307   003A73                     SLRCOND         equ	14963	;# 
   308   003A74                     INLVLD          equ	14964	;# 
   309   003A7A                     RD0I2C          equ	14970	;# 
   310   003A7B                     RD1I2C          equ	14971	;# 
   311   003A80                     ANSELE          equ	14976	;# 
   312   003A81                     WPUE            equ	14977	;# 
   313   003A82                     ODCONE          equ	14978	;# 
   314   003A83                     SLRCONE         equ	14979	;# 
   315   003A84                     INLVLE          equ	14980	;# 
   316   003A85                     IOCEP           equ	14981	;# 
   317   003A86                     IOCEN           equ	14982	;# 
   318   003A87                     IOCEF           equ	14983	;# 
   319   003ABF                     PPSLOCK         equ	15039	;# 
   320   003AC0                     INT0PPS         equ	15040	;# 
   321   003AC1                     INT1PPS         equ	15041	;# 
   322   003AC2                     INT2PPS         equ	15042	;# 
   323   003AC3                     T0CKIPPS        equ	15043	;# 
   324   003AC4                     T1CKIPPS        equ	15044	;# 
   325   003AC5                     T1GPPS          equ	15045	;# 
   326   003AC6                     T3CKIPPS        equ	15046	;# 
   327   003AC7                     T3GPPS          equ	15047	;# 
   328   003AC8                     T5CKIPPS        equ	15048	;# 
   329   003AC9                     T5GPPS          equ	15049	;# 
   330   003ACA                     T2INPPS         equ	15050	;# 
   331   003ACB                     T4INPPS         equ	15051	;# 
   332   003ACC                     T6INPPS         equ	15052	;# 
   333   003ACD                     CCP1PPS         equ	15053	;# 
   334   003ACE                     CCP2PPS         equ	15054	;# 
   335   003ACF                     CCP3PPS         equ	15055	;# 
   336   003AD0                     CCP4PPS         equ	15056	;# 
   337   003AD1                     SMT1WINPPS      equ	15057	;# 
   338   003AD2                     SMT1SIGPPS      equ	15058	;# 
   339   003AD3                     CWG1INPPS       equ	15059	;# 
   340   003AD4                     CWG2INPPS       equ	15060	;# 
   341   003AD5                     CWG3INPPS       equ	15061	;# 
   342   003AD6                     MD1CARLPPS      equ	15062	;# 
   343   003AD7                     MD1CARHPPS      equ	15063	;# 
   344   003AD8                     MD1SRCPPS       equ	15064	;# 
   345   003AD9                     CLCIN0PPS       equ	15065	;# 
   346   003ADA                     CLCIN1PPS       equ	15066	;# 
   347   003ADB                     CLCIN2PPS       equ	15067	;# 
   348   003ADC                     CLCIN3PPS       equ	15068	;# 
   349   003ADD                     ADACTPPS        equ	15069	;# 
   350   003ADE                     SPI1SCKPPS      equ	15070	;# 
   351   003ADF                     SPI1SDIPPS      equ	15071	;# 
   352   003AE0                     SPI1SSPPS       equ	15072	;# 
   353   003AE1                     I2C1SCLPPS      equ	15073	;# 
   354   003AE2                     I2C1SDAPPS      equ	15074	;# 
   355   003AE3                     I2C2SCLPPS      equ	15075	;# 
   356   003AE4                     I2C2SDAPPS      equ	15076	;# 
   357   003AE5                     U1RXPPS         equ	15077	;# 
   358   003AE6                     U1CTSPPS        equ	15078	;# 
   359   003AE8                     U2RXPPS         equ	15080	;# 
   360   003AE9                     U2CTSPPS        equ	15081	;# 
   361   003BC9                     DMA2BUF         equ	15305	;# 
   362   003BCA                     DMA2DCNT        equ	15306	;# 
   363   003BCA                     DMA2DCNTL       equ	15306	;# 
   364   003BCB                     DMA2DCNTH       equ	15307	;# 
   365   003BCC                     DMA2DPTR        equ	15308	;# 
   366   003BCC                     DMA2DPTRL       equ	15308	;# 
   367   003BCD                     DMA2DPTRH       equ	15309	;# 
   368   003BCE                     DMA2DSZ         equ	15310	;# 
   369   003BCE                     DMA2DSZL        equ	15310	;# 
   370   003BCF                     DMA2DSZH        equ	15311	;# 
   371   003BD0                     DMA2DSA         equ	15312	;# 
   372   003BD0                     DMA2DSAL        equ	15312	;# 
   373   003BD1                     DMA2DSAH        equ	15313	;# 
   374   003BD2                     DMA2SCNT        equ	15314	;# 
   375   003BD2                     DMA2SCNTL       equ	15314	;# 
   376   003BD3                     DMA2SCNTH       equ	15315	;# 
   377   003BD4                     DMA2SPTR        equ	15316	;# 
   378   003BD4                     DMA2SPTRL       equ	15316	;# 
   379   003BD5                     DMA2SPTRH       equ	15317	;# 
   380   003BD6                     DMA2SPTRU       equ	15318	;# 
   381   003BD7                     DMA2SSZ         equ	15319	;# 
   382   003BD7                     DMA2SSZL        equ	15319	;# 
   383   003BD8                     DMA2SSZH        equ	15320	;# 
   384   003BD9                     DMA2SSA         equ	15321	;# 
   385   003BD9                     DMA2SSAL        equ	15321	;# 
   386   003BDA                     DMA2SSAH        equ	15322	;# 
   387   003BDB                     DMA2SSAU        equ	15323	;# 
   388   003BDC                     DMA2CON0        equ	15324	;# 
   389   003BDD                     DMA2CON1        equ	15325	;# 
   390   003BDE                     DMA2AIRQ        equ	15326	;# 
   391   003BDF                     DMA2SIRQ        equ	15327	;# 
   392   003BE9                     DMA1BUF         equ	15337	;# 
   393   003BEA                     DMA1DCNT        equ	15338	;# 
   394   003BEA                     DMA1DCNTL       equ	15338	;# 
   395   003BEB                     DMA1DCNTH       equ	15339	;# 
   396   003BEC                     DMA1DPTR        equ	15340	;# 
   397   003BEC                     DMA1DPTRL       equ	15340	;# 
   398   003BED                     DMA1DPTRH       equ	15341	;# 
   399   003BEE                     DMA1DSZ         equ	15342	;# 
   400   003BEE                     DMA1DSZL        equ	15342	;# 
   401   003BEF                     DMA1DSZH        equ	15343	;# 
   402   003BF0                     DMA1DSA         equ	15344	;# 
   403   003BF0                     DMA1DSAL        equ	15344	;# 
   404   003BF1                     DMA1DSAH        equ	15345	;# 
   405   003BF2                     DMA1SCNT        equ	15346	;# 
   406   003BF2                     DMA1SCNTL       equ	15346	;# 
   407   003BF3                     DMA1SCNTH       equ	15347	;# 
   408   003BF4                     DMA1SPTR        equ	15348	;# 
   409   003BF4                     DMA1SPTRL       equ	15348	;# 
   410   003BF5                     DMA1SPTRH       equ	15349	;# 
   411   003BF6                     DMA1SPTRU       equ	15350	;# 
   412   003BF7                     DMA1SSZ         equ	15351	;# 
   413   003BF7                     DMA1SSZL        equ	15351	;# 
   414   003BF8                     DMA1SSZH        equ	15352	;# 
   415   003BF9                     DMA1SSA         equ	15353	;# 
   416   003BF9                     DMA1SSAL        equ	15353	;# 
   417   003BFA                     DMA1SSAH        equ	15354	;# 
   418   003BFB                     DMA1SSAU        equ	15355	;# 
   419   003BFC                     DMA1CON0        equ	15356	;# 
   420   003BFD                     DMA1CON1        equ	15357	;# 
   421   003BFE                     DMA1AIRQ        equ	15358	;# 
   422   003BFF                     DMA1SIRQ        equ	15359	;# 
   423   003C56                     CLC4CON         equ	15446	;# 
   424   003C57                     CLC4POL         equ	15447	;# 
   425   003C58                     CLC4SEL0        equ	15448	;# 
   426   003C59                     CLC4SEL1        equ	15449	;# 
   427   003C5A                     CLC4SEL2        equ	15450	;# 
   428   003C5B                     CLC4SEL3        equ	15451	;# 
   429   003C5C                     CLC4GLS0        equ	15452	;# 
   430   003C5D                     CLC4GLS1        equ	15453	;# 
   431   003C5E                     CLC4GLS2        equ	15454	;# 
   432   003C5F                     CLC4GLS3        equ	15455	;# 
   433   003C60                     CLC3CON         equ	15456	;# 
   434   003C61                     CLC3POL         equ	15457	;# 
   435   003C62                     CLC3SEL0        equ	15458	;# 
   436   003C63                     CLC3SEL1        equ	15459	;# 
   437   003C64                     CLC3SEL2        equ	15460	;# 
   438   003C65                     CLC3SEL3        equ	15461	;# 
   439   003C66                     CLC3GLS0        equ	15462	;# 
   440   003C67                     CLC3GLS1        equ	15463	;# 
   441   003C68                     CLC3GLS2        equ	15464	;# 
   442   003C69                     CLC3GLS3        equ	15465	;# 
   443   003C6A                     CLC2CON         equ	15466	;# 
   444   003C6B                     CLC2POL         equ	15467	;# 
   445   003C6C                     CLC2SEL0        equ	15468	;# 
   446   003C6D                     CLC2SEL1        equ	15469	;# 
   447   003C6E                     CLC2SEL2        equ	15470	;# 
   448   003C6F                     CLC2SEL3        equ	15471	;# 
   449   003C70                     CLC2GLS0        equ	15472	;# 
   450   003C71                     CLC2GLS1        equ	15473	;# 
   451   003C72                     CLC2GLS2        equ	15474	;# 
   452   003C73                     CLC2GLS3        equ	15475	;# 
   453   003C74                     CLC1CON         equ	15476	;# 
   454   003C75                     CLC1POL         equ	15477	;# 
   455   003C76                     CLC1SEL0        equ	15478	;# 
   456   003C77                     CLC1SEL1        equ	15479	;# 
   457   003C78                     CLC1SEL2        equ	15480	;# 
   458   003C79                     CLC1SEL3        equ	15481	;# 
   459   003C7A                     CLC1GLS0        equ	15482	;# 
   460   003C7B                     CLC1GLS1        equ	15483	;# 
   461   003C7C                     CLC1GLS2        equ	15484	;# 
   462   003C7D                     CLC1GLS3        equ	15485	;# 
   463   003C7E                     CLCDATA0        equ	15486	;# 
   464   003CE5                     CLKRCON         equ	15589	;# 
   465   003CE6                     CLKRCLK         equ	15590	;# 
   466   003CFA                     MD1CON0         equ	15610	;# 
   467   003CFB                     MD1CON1         equ	15611	;# 
   468   003CFC                     MD1SRC          equ	15612	;# 
   469   003CFD                     MD1CARL         equ	15613	;# 
   470   003CFE                     MD1CARH         equ	15614	;# 
   471   003D10                     SPI1RXB         equ	15632	;# 
   472   003D11                     SPI1TXB         equ	15633	;# 
   473   003D12                     SPI1TCNT        equ	15634	;# 
   474   003D12                     SPI1TCNTL       equ	15634	;# 
   475   003D13                     SPI1TCNTH       equ	15635	;# 
   476   003D14                     SPI1CON0        equ	15636	;# 
   477   003D15                     SPI1CON1        equ	15637	;# 
   478   003D16                     SPI1CON2        equ	15638	;# 
   479   003D17                     SPI1STATUS      equ	15639	;# 
   480   003D18                     SPI1TWIDTH      equ	15640	;# 
   481   003D19                     SPI1BAUD        equ	15641	;# 
   482   003D1A                     SPI1INTF        equ	15642	;# 
   483   003D1B                     SPI1INTE        equ	15643	;# 
   484   003D1C                     SPI1CLK         equ	15644	;# 
   485   003D54                     I2C2RXB         equ	15700	;# 
   486   003D55                     I2C2TXB         equ	15701	;# 
   487   003D56                     I2C2CNT         equ	15702	;# 
   488   003D57                     I2C2ADB0        equ	15703	;# 
   489   003D58                     I2C2ADB1        equ	15704	;# 
   490   003D59                     I2C2ADR0        equ	15705	;# 
   491   003D5A                     I2C2ADR1        equ	15706	;# 
   492   003D5B                     I2C2ADR2        equ	15707	;# 
   493   003D5C                     I2C2ADR3        equ	15708	;# 
   494   003D5D                     I2C2CON0        equ	15709	;# 
   495   003D5E                     I2C2CON1        equ	15710	;# 
   496   003D5F                     I2C2CON2        equ	15711	;# 
   497   003D60                     I2C2ERR         equ	15712	;# 
   498   003D61                     I2C2STAT0       equ	15713	;# 
   499   003D62                     I2C2STAT1       equ	15714	;# 
   500   003D63                     I2C2PIR         equ	15715	;# 
   501   003D64                     I2C2PIE         equ	15716	;# 
   502   003D65                     I2C2CLK         equ	15717	;# 
   503   003D66                     I2C2BTO         equ	15718	;# 
   504   003D6A                     I2C1RXB         equ	15722	;# 
   505   003D6B                     I2C1TXB         equ	15723	;# 
   506   003D6C                     I2C1CNT         equ	15724	;# 
   507   003D6D                     I2C1ADB0        equ	15725	;# 
   508   003D6E                     I2C1ADB1        equ	15726	;# 
   509   003D6F                     I2C1ADR0        equ	15727	;# 
   510   003D70                     I2C1ADR1        equ	15728	;# 
   511   003D71                     I2C1ADR2        equ	15729	;# 
   512   003D72                     I2C1ADR3        equ	15730	;# 
   513   003D73                     I2C1CON0        equ	15731	;# 
   514   003D74                     I2C1CON1        equ	15732	;# 
   515   003D75                     I2C1CON2        equ	15733	;# 
   516   003D76                     I2C1ERR         equ	15734	;# 
   517   003D77                     I2C1STAT0       equ	15735	;# 
   518   003D78                     I2C1STAT1       equ	15736	;# 
   519   003D79                     I2C1PIR         equ	15737	;# 
   520   003D7A                     I2C1PIE         equ	15738	;# 
   521   003D7B                     I2C1CLK         equ	15739	;# 
   522   003D7C                     I2C1BTO         equ	15740	;# 
   523   003DD0                     U2RXB           equ	15824	;# 
   524   003DD0                     U2RXBL          equ	15824	;# 
   525   003DD2                     U2TXB           equ	15826	;# 
   526   003DD2                     U2TXBL          equ	15826	;# 
   527   003DD4                     U2P1            equ	15828	;# 
   528   003DD4                     U2P1L           equ	15828	;# 
   529   003DD6                     U2P2            equ	15830	;# 
   530   003DD6                     U2P2L           equ	15830	;# 
   531   003DD8                     U2P3            equ	15832	;# 
   532   003DD8                     U2P3L           equ	15832	;# 
   533   003DDA                     U2CON0          equ	15834	;# 
   534   003DDB                     U2CON1          equ	15835	;# 
   535   003DDC                     U2CON2          equ	15836	;# 
   536   003DDD                     U2BRG           equ	15837	;# 
   537   003DDD                     U2BRGL          equ	15837	;# 
   538   003DDE                     U2BRGH          equ	15838	;# 
   539   003DDF                     U2FIFO          equ	15839	;# 
   540   003DE0                     U2UIR           equ	15840	;# 
   541   003DE1                     U2ERRIR         equ	15841	;# 
   542   003DE2                     U2ERRIE         equ	15842	;# 
   543   003DE8                     U1RXB           equ	15848	;# 
   544   003DE8                     U1RXBL          equ	15848	;# 
   545   003DE9                     U1RXCHK         equ	15849	;# 
   546   003DEA                     U1TXB           equ	15850	;# 
   547   003DEA                     U1TXBL          equ	15850	;# 
   548   003DEB                     U1TXCHK         equ	15851	;# 
   549   003DEC                     U1P1            equ	15852	;# 
   550   003DEC                     U1P1L           equ	15852	;# 
   551   003DED                     U1P1H           equ	15853	;# 
   552   003DEE                     U1P2            equ	15854	;# 
   553   003DEE                     U1P2L           equ	15854	;# 
   554   003DEF                     U1P2H           equ	15855	;# 
   555   003DF0                     U1P3            equ	15856	;# 
   556   003DF0                     U1P3L           equ	15856	;# 
   557   003DF1                     U1P3H           equ	15857	;# 
   558   003DF2                     U1CON0          equ	15858	;# 
   559   003DF3                     U1CON1          equ	15859	;# 
   560   003DF4                     U1CON2          equ	15860	;# 
   561   003DF5                     U1BRG           equ	15861	;# 
   562   003DF5                     U1BRGL          equ	15861	;# 
   563   003DF6                     U1BRGH          equ	15862	;# 
   564   003DF7                     U1FIFO          equ	15863	;# 
   565   003DF8                     U1UIR           equ	15864	;# 
   566   003DF9                     U1ERRIR         equ	15865	;# 
   567   003DFA                     U1ERRIE         equ	15866	;# 
   568   003E9C                     DAC1CON1        equ	16028	;# 
   569   003E9E                     DAC1CON0        equ	16030	;# 
   570   003EB8                     CM2CON0         equ	16056	;# 
   571   003EB9                     CM2CON1         equ	16057	;# 
   572   003EBA                     CM2NCH          equ	16058	;# 
   573   003EBB                     CM2PCH          equ	16059	;# 
   574   003EBC                     CM1CON0         equ	16060	;# 
   575   003EBD                     CM1CON1         equ	16061	;# 
   576   003EBE                     CM1NCH          equ	16062	;# 
   577   003EBF                     CM1PCH          equ	16063	;# 
   578   003EC0                     CMOUT           equ	16064	;# 
   579   003EC1                     FVRCON          equ	16065	;# 
   580   003EC3                     ZCDCON          equ	16067	;# 
   581   003EC9                     HLVDCON0        equ	16073	;# 
   582   003ECA                     HLVDCON1        equ	16074	;# 
   583   003ED7                     ADCP            equ	16087	;# 
   584   003EDE                     ADLTH           equ	16094	;# 
   585   003EDE                     ADLTHL          equ	16094	;# 
   586   003EDF                     ADLTHH          equ	16095	;# 
   587   003EE0                     ADUTH           equ	16096	;# 
   588   003EE0                     ADUTHL          equ	16096	;# 
   589   003EE1                     ADUTHH          equ	16097	;# 
   590   003EE2                     ADERR           equ	16098	;# 
   591   003EE2                     ADERRL          equ	16098	;# 
   592   003EE3                     ADERRH          equ	16099	;# 
   593   003EE4                     ADSTPT          equ	16100	;# 
   594   003EE4                     ADSTPTL         equ	16100	;# 
   595   003EE5                     ADSTPTH         equ	16101	;# 
   596   003EE6                     ADFLTR          equ	16102	;# 
   597   003EE6                     ADFLTRL         equ	16102	;# 
   598   003EE7                     ADFLTRH         equ	16103	;# 
   599   003EE8                     ADACC           equ	16104	;# 
   600   003EE8                     ADACCL          equ	16104	;# 
   601   003EE9                     ADACCH          equ	16105	;# 
   602   003EEA                     ADACCU          equ	16106	;# 
   603   003EEB                     ADCNT           equ	16107	;# 
   604   003EEC                     ADRPT           equ	16108	;# 
   605   003EED                     ADPREV          equ	16109	;# 
   606   003EED                     ADPREVL         equ	16109	;# 
   607   003EEE                     ADPREVH         equ	16110	;# 
   608   003EEF                     ADRES           equ	16111	;# 
   609   003EEF                     ADRESL          equ	16111	;# 
   610   003EF0                     ADRESH          equ	16112	;# 
   611   003EF1                     ADPCH           equ	16113	;# 
   612   003EF3                     ADACQ           equ	16115	;# 
   613   003EF3                     ADACQL          equ	16115	;# 
   614   003EF4                     ADACQH          equ	16116	;# 
   615   003EF5                     ADCAP           equ	16117	;# 
   616   003EF6                     ADPRE           equ	16118	;# 
   617   003EF6                     ADPREL          equ	16118	;# 
   618   003EF7                     ADPREH          equ	16119	;# 
   619   003EF8                     ADCON0          equ	16120	;# 
   620   003EF9                     ADCON1          equ	16121	;# 
   621   003EFA                     ADCON2          equ	16122	;# 
   622   003EFB                     ADCON3          equ	16123	;# 
   623   003EFC                     ADSTAT          equ	16124	;# 
   624   003EFD                     ADREF           equ	16125	;# 
   625   003EFE                     ADACT           equ	16126	;# 
   626   003EFF                     ADCLK           equ	16127	;# 
   627   003F12                     SMT1TMR         equ	16146	;# 
   628   003F12                     SMT1TMRL        equ	16146	;# 
   629   003F13                     SMT1TMRH        equ	16147	;# 
   630   003F14                     SMT1TMRU        equ	16148	;# 
   631   003F15                     SMT1CPR         equ	16149	;# 
   632   003F15                     SMT1CPRL        equ	16149	;# 
   633   003F16                     SMT1CPRH        equ	16150	;# 
   634   003F17                     SMT1CPRU        equ	16151	;# 
   635   003F18                     SMT1CPW         equ	16152	;# 
   636   003F18                     SMT1CPWL        equ	16152	;# 
   637   003F19                     SMT1CPWH        equ	16153	;# 
   638   003F1A                     SMT1CPWU        equ	16154	;# 
   639   003F1B                     SMT1PR          equ	16155	;# 
   640   003F1B                     SMT1PRL         equ	16155	;# 
   641   003F1C                     SMT1PRH         equ	16156	;# 
   642   003F1D                     SMT1PRU         equ	16157	;# 
   643   003F1E                     SMT1CON0        equ	16158	;# 
   644   003F1F                     SMT1CON1        equ	16159	;# 
   645   003F20                     SMT1STAT        equ	16160	;# 
   646   003F21                     SMT1CLK         equ	16161	;# 
   647   003F22                     SMT1SIG         equ	16162	;# 
   648   003F23                     SMT1WIN         equ	16163	;# 
   649   003F38                     NCO1ACC         equ	16184	;# 
   650   003F38                     NCO1ACCL        equ	16184	;# 
   651   003F39                     NCO1ACCH        equ	16185	;# 
   652   003F3A                     NCO1ACCU        equ	16186	;# 
   653   003F3B                     NCO1INC         equ	16187	;# 
   654   003F3B                     NCO1INCL        equ	16187	;# 
   655   003F3C                     NCO1INCH        equ	16188	;# 
   656   003F3D                     NCO1INCU        equ	16189	;# 
   657   003F3E                     NCO1CON         equ	16190	;# 
   658   003F3F                     NCO1CLK         equ	16191	;# 
   659   003F40                     CWG3CLK         equ	16192	;# 
   660   003F40                     CWG3CLKCON      equ	16192	;# 
   661   003F41                     CWG3ISM         equ	16193	;# 
   662   003F41                     CWG3DAT         equ	16193	;# 
   663   003F42                     CWG3DBR         equ	16194	;# 
   664   003F43                     CWG3DBF         equ	16195	;# 
   665   003F44                     CWG3CON0        equ	16196	;# 
   666   003F45                     CWG3CON1        equ	16197	;# 
   667   003F46                     CWG3AS0         equ	16198	;# 
   668   003F47                     CWG3AS1         equ	16199	;# 
   669   003F48                     CWG3STR         equ	16200	;# 
   670   003F49                     CWG2CLK         equ	16201	;# 
   671   003F49                     CWG2CLKCON      equ	16201	;# 
   672   003F4A                     CWG2ISM         equ	16202	;# 
   673   003F4A                     CWG2DAT         equ	16202	;# 
   674   003F4B                     CWG2DBR         equ	16203	;# 
   675   003F4C                     CWG2DBF         equ	16204	;# 
   676   003F4D                     CWG2CON0        equ	16205	;# 
   677   003F4E                     CWG2CON1        equ	16206	;# 
   678   003F4F                     CWG2AS0         equ	16207	;# 
   679   003F50                     CWG2AS1         equ	16208	;# 
   680   003F51                     CWG2STR         equ	16209	;# 
   681   003F52                     CWG1CLK         equ	16210	;# 
   682   003F52                     CWG1CLKCON      equ	16210	;# 
   683   003F53                     CWG1ISM         equ	16211	;# 
   684   003F53                     CWG1DAT         equ	16211	;# 
   685   003F54                     CWG1DBR         equ	16212	;# 
   686   003F55                     CWG1DBF         equ	16213	;# 
   687   003F56                     CWG1CON0        equ	16214	;# 
   688   003F57                     CWG1CON1        equ	16215	;# 
   689   003F58                     CWG1AS0         equ	16216	;# 
   690   003F59                     CWG1AS1         equ	16217	;# 
   691   003F5A                     CWG1STR         equ	16218	;# 
   692   003F5E                     CCPTMRS0        equ	16222	;# 
   693   003F5F                     CCPTMRS1        equ	16223	;# 
   694   003F60                     PWM8DC          equ	16224	;# 
   695   003F60                     PWM8DCL         equ	16224	;# 
   696   003F61                     PWM8DCH         equ	16225	;# 
   697   003F62                     PWM8CON         equ	16226	;# 
   698   003F64                     PWM7DC          equ	16228	;# 
   699   003F64                     PWM7DCL         equ	16228	;# 
   700   003F65                     PWM7DCH         equ	16229	;# 
   701   003F66                     PWM7CON         equ	16230	;# 
   702   003F68                     PWM6DC          equ	16232	;# 
   703   003F68                     PWM6DCL         equ	16232	;# 
   704   003F69                     PWM6DCH         equ	16233	;# 
   705   003F6A                     PWM6CON         equ	16234	;# 
   706   003F6C                     PWM5DC          equ	16236	;# 
   707   003F6C                     PWM5DCL         equ	16236	;# 
   708   003F6D                     PWM5DCH         equ	16237	;# 
   709   003F6E                     PWM5CON         equ	16238	;# 
   710   003F70                     CCPR4           equ	16240	;# 
   711   003F70                     CCPR4L          equ	16240	;# 
   712   003F71                     CCPR4H          equ	16241	;# 
   713   003F72                     CCP4CON         equ	16242	;# 
   714   003F73                     CCP4CAP         equ	16243	;# 
   715   003F74                     CCPR3           equ	16244	;# 
   716   003F74                     CCPR3L          equ	16244	;# 
   717   003F75                     CCPR3H          equ	16245	;# 
   718   003F76                     CCP3CON         equ	16246	;# 
   719   003F77                     CCP3CAP         equ	16247	;# 
   720   003F78                     CCPR2           equ	16248	;# 
   721   003F78                     CCPR2L          equ	16248	;# 
   722   003F79                     CCPR2H          equ	16249	;# 
   723   003F7A                     CCP2CON         equ	16250	;# 
   724   003F7B                     CCP2CAP         equ	16251	;# 
   725   003F7C                     CCPR1           equ	16252	;# 
   726   003F7C                     CCPR1L          equ	16252	;# 
   727   003F7D                     CCPR1H          equ	16253	;# 
   728   003F7E                     CCP1CON         equ	16254	;# 
   729   003F7F                     CCP1CAP         equ	16255	;# 
   730   003F92                     T6TMR           equ	16274	;# 
   731   003F92                     TMR6            equ	16274	;# 
   732   003F93                     T6PR            equ	16275	;# 
   733   003F93                     PR6             equ	16275	;# 
   734   003F94                     T6CON           equ	16276	;# 
   735   003F95                     T6HLT           equ	16277	;# 
   736   003F96                     T6CLKCON        equ	16278	;# 
   737   003F96                     T6CLK           equ	16278	;# 
   738   003F97                     T6RST           equ	16279	;# 
   739   003F98                     TMR5            equ	16280	;# 
   740   003F98                     TMR5L           equ	16280	;# 
   741   003F99                     TMR5H           equ	16281	;# 
   742   003F9A                     T5CON           equ	16282	;# 
   743   003F9A                     TMR5CON         equ	16282	;# 
   744   003F9B                     T5GCON          equ	16283	;# 
   745   003F9B                     TMR5GCON        equ	16283	;# 
   746   003F9C                     T5GATE          equ	16284	;# 
   747   003F9C                     TMR5GATE        equ	16284	;# 
   748   003F9D                     T5CLK           equ	16285	;# 
   749   003F9D                     TMR5CLK         equ	16285	;# 
   750   003F9D                     PR5             equ	16285	;# 
   751   003F9E                     T4TMR           equ	16286	;# 
   752   003F9E                     TMR4            equ	16286	;# 
   753   003F9F                     T4PR            equ	16287	;# 
   754   003F9F                     PR4             equ	16287	;# 
   755   003FA0                     T4CON           equ	16288	;# 
   756   003FA1                     T4HLT           equ	16289	;# 
   757   003FA2                     T4CLKCON        equ	16290	;# 
   758   003FA2                     T4CLK           equ	16290	;# 
   759   003FA3                     T4RST           equ	16291	;# 
   760   003FA4                     TMR3            equ	16292	;# 
   761   003FA4                     TMR3L           equ	16292	;# 
   762   003FA5                     TMR3H           equ	16293	;# 
   763   003FA6                     T3CON           equ	16294	;# 
   764   003FA6                     TMR3CON         equ	16294	;# 
   765   003FA7                     T3GCON          equ	16295	;# 
   766   003FA7                     TMR3GCON        equ	16295	;# 
   767   003FA8                     T3GATE          equ	16296	;# 
   768   003FA8                     TMR3GATE        equ	16296	;# 
   769   003FA9                     T3CLK           equ	16297	;# 
   770   003FA9                     TMR3CLK         equ	16297	;# 
   771   003FA9                     PR3             equ	16297	;# 
   772   003FAA                     T2TMR           equ	16298	;# 
   773   003FAA                     TMR2            equ	16298	;# 
   774   003FAB                     T2PR            equ	16299	;# 
   775   003FAB                     PR2             equ	16299	;# 
   776   003FAC                     T2CON           equ	16300	;# 
   777   003FAD                     T2HLT           equ	16301	;# 
   778   003FAE                     T2CLKCON        equ	16302	;# 
   779   003FAE                     T2CLK           equ	16302	;# 
   780   003FAF                     T2RST           equ	16303	;# 
   781   003FB0                     TMR1            equ	16304	;# 
   782   003FB0                     TMR1L           equ	16304	;# 
   783   003FB1                     TMR1H           equ	16305	;# 
   784   003FB2                     T1CON           equ	16306	;# 
   785   003FB2                     TMR1CON         equ	16306	;# 
   786   003FB3                     T1GCON          equ	16307	;# 
   787   003FB3                     TMR1GCON        equ	16307	;# 
   788   003FB4                     T1GATE          equ	16308	;# 
   789   003FB4                     TMR1GATE        equ	16308	;# 
   790   003FB5                     T1CLK           equ	16309	;# 
   791   003FB5                     TMR1CLK         equ	16309	;# 
   792   003FB5                     PR1             equ	16309	;# 
   793   003FB6                     TMR0L           equ	16310	;# 
   794   003FB6                     TMR0            equ	16310	;# 
   795   003FB7                     TMR0H           equ	16311	;# 
   796   003FB7                     PR0             equ	16311	;# 
   797   003FB8                     T0CON0          equ	16312	;# 
   798   003FB9                     T0CON1          equ	16313	;# 
   799   003FBA                     LATA            equ	16314	;# 
   800   003FBB                     LATB            equ	16315	;# 
   801   003FBC                     LATC            equ	16316	;# 
   802   003FBD                     LATD            equ	16317	;# 
   803   003FBE                     LATE            equ	16318	;# 
   804   003FC2                     TRISA           equ	16322	;# 
   805   003FC3                     TRISB           equ	16323	;# 
   806   003FC4                     TRISC           equ	16324	;# 
   807   003FC5                     TRISD           equ	16325	;# 
   808   003FC6                     TRISE           equ	16326	;# 
   809   003FCA                     PORTA           equ	16330	;# 
   810   003FCB                     PORTB           equ	16331	;# 
   811   003FCC                     PORTC           equ	16332	;# 
   812   003FCD                     PORTD           equ	16333	;# 
   813   003FCE                     PORTE           equ	16334	;# 
   814   003FD2                     INTCON0         equ	16338	;# 
   815   003FD3                     INTCON1         equ	16339	;# 
   816   003FD4                     IVTLOCK         equ	16340	;# 
   817   003FD5                     IVTBASE         equ	16341	;# 
   818   003FD5                     IVTBASEL        equ	16341	;# 
   819   003FD6                     IVTBASEH        equ	16342	;# 
   820   003FD7                     IVTBASEU        equ	16343	;# 
   821   003FD8                     STATUS          equ	16344	;# 
   822   003FD9                     FSR2            equ	16345	;# 
   823   003FD9                     FSR2L           equ	16345	;# 
   824   003FDA                     FSR2H           equ	16346	;# 
   825   003FDB                     PLUSW2          equ	16347	;# 
   826   003FDC                     PREINC2         equ	16348	;# 
   827   003FDD                     POSTDEC2        equ	16349	;# 
   828   003FDE                     POSTINC2        equ	16350	;# 
   829   003FDF                     INDF2           equ	16351	;# 
   830   003FE0                     BSR             equ	16352	;# 
   831   003FE1                     FSR1            equ	16353	;# 
   832   003FE1                     FSR1L           equ	16353	;# 
   833   003FE2                     FSR1H           equ	16354	;# 
   834   003FE3                     PLUSW1          equ	16355	;# 
   835   003FE4                     PREINC1         equ	16356	;# 
   836   003FE5                     POSTDEC1        equ	16357	;# 
   837   003FE6                     POSTINC1        equ	16358	;# 
   838   003FE7                     INDF1           equ	16359	;# 
   839   003FE8                     WREG            equ	16360	;# 
   840   003FE9                     FSR0            equ	16361	;# 
   841   003FE9                     FSR0L           equ	16361	;# 
   842   003FEA                     FSR0H           equ	16362	;# 
   843   003FEB                     PLUSW0          equ	16363	;# 
   844   003FEC                     PREINC0         equ	16364	;# 
   845   003FED                     POSTDEC0        equ	16365	;# 
   846   003FEE                     POSTINC0        equ	16366	;# 
   847   003FEF                     INDF0           equ	16367	;# 
   848   003FF0                     PCON0           equ	16368	;# 
   849   003FF1                     PCON1           equ	16369	;# 
   850   003FF3                     PROD            equ	16371	;# 
   851   003FF3                     PRODL           equ	16371	;# 
   852   003FF4                     PRODH           equ	16372	;# 
   853   003FF5                     TABLAT          equ	16373	;# 
   854   003FF6                     TBLPTR          equ	16374	;# 
   855   003FF6                     TBLPTRL         equ	16374	;# 
   856   003FF7                     TBLPTRH         equ	16375	;# 
   857   003FF8                     TBLPTRU         equ	16376	;# 
   858   003FF9                     PCLAT           equ	16377	;# 
   859   003FF9                     PCL             equ	16377	;# 
   860   003FFA                     PCLATH          equ	16378	;# 
   861   003FFB                     PCLATU          equ	16379	;# 
   862   003FFC                     STKPTR          equ	16380	;# 
   863   003FFD                     TOS             equ	16381	;# 
   864   003FFD                     TOSL            equ	16381	;# 
   865   003FFE                     TOSH            equ	16382	;# 
   866   003FFF                     TOSU            equ	16383	;# 
   867   003991                     _PIE1bits       set	14737
   868   0039A1                     _PIR1bits       set	14753
   869   003A60                     _ANSELCbits     set	14944
   870   003A70                     _ANSELD         set	14960
   871   003A50                     _ANSELB         set	14928
   872   003AC0                     _INT0PPS        set	15040
   873   003A70                     _ANSELDbits     set	14960
   874   003FCC                     _PORTCbits      set	16332
   875   003FC4                     _TRISCbits      set	16324
   876   003FBC                     _LATCbits       set	16316
   877   003FBD                     _LATD           set	16317
   878   003FBB                     _LATB           set	16315
   879   003FC5                     _TRISD          set	16325
   880   003FC3                     _TRISB          set	16323
   881   003FD2                     _INTCON0bits    set	16338
   882   003FC5                     _TRISDbits      set	16325
   883   003FBD                     _LATDbits       set	16317
   884   003FCD                     _PORTDbits      set	16333
   885                           
   886                           	psect	smallconst
   887   002000                     __psmallconst:
   888                           	callstack 0
   889   002000  00                 	db	0
   890   002001                     STR_4:
   891   002001  61                 	db	97	;'a'
   892   002002  6E                 	db	110	;'n'
   893   002003  67                 	db	103	;'g'
   894   002004  6C                 	db	108	;'l'
   895   002005  65                 	db	101	;'e'
   896   002006  3A                 	db	58	;':'
   897   002007  20                 	db	32
   898   002008  46                 	db	70	;'F'
   899   002009  6C                 	db	108	;'l'
   900   00200A  61                 	db	97	;'a'
   901   00200B  74                 	db	116	;'t'
   902   00200C  20                 	db	32
   903   00200D  20                 	db	32
   904   00200E  20                 	db	32
   905   00200F  20                 	db	32
   906   002010  20                 	db	32
   907   002011  20                 	db	32
   908   002012  20                 	db	32
   909   002013  00                 	db	0
   910   002014                     STR_1:
   911   002014  61                 	db	97	;'a'
   912   002015  6E                 	db	110	;'n'
   913   002016  67                 	db	103	;'g'
   914   002017  6C                 	db	108	;'l'
   915   002018  65                 	db	101	;'e'
   916   002019  3A                 	db	58	;':'
   917   00201A  20                 	db	32
   918   00201B  53                 	db	83	;'S'
   919   00201C  68                 	db	104	;'h'
   920   00201D  61                 	db	97	;'a'
   921   00201E  6B                 	db	107	;'k'
   922   00201F  65                 	db	101	;'e'
   923   002020  20                 	db	32
   924   002021  20                 	db	32
   925   002022  20                 	db	32
   926   002023  20                 	db	32
   927   002024  20                 	db	32
   928   002025  20                 	db	32
   929   002026  00                 	db	0
   930   002027                     STR_3:
   931   002027  61                 	db	97	;'a'
   932   002028  6E                 	db	110	;'n'
   933   002029  67                 	db	103	;'g'
   934   00202A  6C                 	db	108	;'l'
   935   00202B  65                 	db	101	;'e'
   936   00202C  3A                 	db	58	;':'
   937   00202D  20                 	db	32
   938   00202E  54                 	db	84	;'T'
   939   00202F  69                 	db	105	;'i'
   940   002030  6C                 	db	108	;'l'
   941   002031  74                 	db	116	;'t'
   942   002032  5F                 	db	95	;'_'
   943   002033  4C                 	db	76	;'L'
   944   002034  65                 	db	101	;'e'
   945   002035  66                 	db	102	;'f'
   946   002036  74                 	db	116	;'t'
   947   002037  20                 	db	32
   948   002038  20                 	db	32
   949   002039  00                 	db	0
   950   00203A                     STR_2:
   951   00203A  61                 	db	97	;'a'
   952   00203B  6E                 	db	110	;'n'
   953   00203C  67                 	db	103	;'g'
   954   00203D  6C                 	db	108	;'l'
   955   00203E  65                 	db	101	;'e'
   956   00203F  3A                 	db	58	;':'
   957   002040  20                 	db	32
   958   002041  54                 	db	84	;'T'
   959   002042  69                 	db	105	;'i'
   960   002043  6C                 	db	108	;'l'
   961   002044  74                 	db	116	;'t'
   962   002045  5F                 	db	95	;'_'
   963   002046  52                 	db	82	;'R'
   964   002047  69                 	db	105	;'i'
   965   002048  67                 	db	103	;'g'
   966   002049  68                 	db	104	;'h'
   967   00204A  74                 	db	116	;'t'
   968   00204B  20                 	db	32
   969   00204C  00                 	db	0
   970   00204D                     STR_6:
   971   00204D  25                 	db	37
   972   00204E  6C                 	db	108	;'l'
   973   00204F  64                 	db	100	;'d'
   974   002050  2E                 	db	46
   975   002051  25                 	db	37
   976   002052  30                 	db	48	;'0'
   977   002053  34                 	db	52	;'4'
   978   002054  6C                 	db	108	;'l'
   979   002055  64                 	db	100	;'d'
   980   002056  20                 	db	32
   981   002057  58                 	db	88	;'X'
   982   002058  20                 	db	32
   983   002059  6D                 	db	109	;'m'
   984   00205A  2F                 	db	47
   985   00205B  73                 	db	115	;'s'
   986   00205C  32                 	db	50	;'2'
   987   00205D  20                 	db	32
   988   00205E  00                 	db	0
   989   00205F                     STR_5:
   990   00205F  2D                 	db	45
   991   002060  25                 	db	37
   992   002061  6C                 	db	108	;'l'
   993   002062  64                 	db	100	;'d'
   994   002063  2E                 	db	46
   995   002064  25                 	db	37
   996   002065  30                 	db	48	;'0'
   997   002066  34                 	db	52	;'4'
   998   002067  6C                 	db	108	;'l'
   999   002068  64                 	db	100	;'d'
  1000   002069  20                 	db	32
  1001   00206A  58                 	db	88	;'X'
  1002   00206B  20                 	db	32
  1003   00206C  6D                 	db	109	;'m'
  1004   00206D  2F                 	db	47
  1005   00206E  73                 	db	115	;'s'
  1006   00206F  32                 	db	50	;'2'
  1007   002070  00                 	db	0
  1008   002071  00                 	db	0	; dummy byte at the end
  1009   002000                     __smallconst    set	__psmallconst
  1010   002000                     __mediumconst   set	__psmallconst
  1011   000003                     __activetblptr  equ	3
  1012                           
  1013                           ; #config settings
  1014                           
  1015                           	psect	cinit
  1016   002F4C                     __pcinit:
  1017                           	callstack 0
  1018   002F4C                     start_initialization:
  1019                           	callstack 0
  1020   002F4C                     __initialization:
  1021                           	callstack 0
  1022                           
  1023                           ; Clear objects allocated to BANK0 (32 bytes)
  1024   002F4C  EE00  F0A7         	lfsr	0,__pbssBANK0
  1025   002F50  0E20               	movlw	32
  1026   002F52                     clear_0:
  1027   002F52  6AEE               	clrf	postinc0,c
  1028   002F54  06E8               	decf	wreg,f,c
  1029   002F56  E1FD               	bnz	clear_0
  1030                           
  1031                           ; Clear objects allocated to COMRAM (5 bytes)
  1032   002F58  6A57               	clrf	(__pbssCOMRAM+4)& (0+255),c
  1033   002F5A  6A56               	clrf	(__pbssCOMRAM+3)& (0+255),c
  1034   002F5C  6A55               	clrf	(__pbssCOMRAM+2)& (0+255),c
  1035   002F5E  6A54               	clrf	(__pbssCOMRAM+1)& (0+255),c
  1036   002F60  6A53               	clrf	__pbssCOMRAM& (0+255),c
  1037                           
  1038                           ;
  1039                           ; Setup IVTBASE
  1040                           ;
  1041   003FD5                     IVTBASEL        equ	16341
  1042   003FD6                     IVTBASEH        equ	16342
  1043   003FD7                     IVTBASEU        equ	16343
  1044   002F62  0E08               	movlw	(ivt0x8_base shr 0)& (0+255)
  1045   002F64  6ED5               	movwf	213,c
  1046   002F66  0E00               	movlw	(ivt0x8_base shr (0+8))& (0+255)
  1047   002F68  6ED6               	movwf	214,c
  1048   002F6A  0E00               	movlw	(ivt0x8_base shr (0+16))& (0+255)
  1049   002F6C  6ED7               	movwf	215,c
  1050   002F6E                     end_of_initialization:
  1051                           	callstack 0
  1052   002F6E                     __end_of__initialization:
  1053                           	callstack 0
  1054   002F6E  0100               	movlb	0
  1055   002F70  EF49  F011         	goto	_main	;jump to C main() function
  1056                           
  1057                           	psect	bssCOMRAM
  1058   000053                     __pbssCOMRAM:
  1059                           	callstack 0
  1060   000053                     _width:
  1061                           	callstack 0
  1062   000053                     	ds	2
  1063   000055                     _prec:
  1064                           	callstack 0
  1065   000055                     	ds	2
  1066   000057                     _flags:
  1067                           	callstack 0
  1068   000057                     	ds	1
  1069                           
  1070                           	psect	bssBANK0
  1071   0000A7                     __pbssBANK0:
  1072                           	callstack 0
  1073   0000A7                     _dbuf:
  1074                           	callstack 0
  1075   0000A7                     	ds	32
  1076                           
  1077                           	psect	cstackBANK0
  1078   000060                     __pcstackBANK0:
  1079                           	callstack 0
  1080   000060                     format_accel@buffer:
  1081                           	callstack 0
  1082                           
  1083                           ; 1 bytes @ 0x0
  1084   000060                     	ds	1
  1085   000061                     format_accel@value:
  1086                           	callstack 0
  1087                           
  1088                           ; 4 bytes @ 0x1
  1089   000061                     	ds	4
  1090   000065                     format_accel@whole:
  1091                           	callstack 0
  1092                           
  1093                           ; 4 bytes @ 0x5
  1094   000065                     	ds	4
  1095   000069                     format_accel@decimal:
  1096                           	callstack 0
  1097                           
  1098                           ; 4 bytes @ 0x9
  1099   000069                     	ds	4
  1100   00006D                     ??_main:
  1101                           
  1102                           ; 1 bytes @ 0xD
  1103   00006D                     	ds	2
  1104   00006F                     main@line2:
  1105                           	callstack 0
  1106                           
  1107                           ; 21 bytes @ 0xF
  1108   00006F                     	ds	21
  1109   000084                     main@line1:
  1110                           	callstack 0
  1111                           
  1112                           ; 21 bytes @ 0x24
  1113   000084                     	ds	21
  1114   000099                     main@rawX:
  1115                           	callstack 0
  1116                           
  1117                           ; 2 bytes @ 0x39
  1118   000099                     	ds	2
  1119   00009B                     main@lastAccelX:
  1120                           	callstack 0
  1121                           
  1122                           ; 4 bytes @ 0x3B
  1123   00009B                     	ds	4
  1124   00009F                     main@delta:
  1125                           	callstack 0
  1126                           
  1127                           ; 4 bytes @ 0x3F
  1128   00009F                     	ds	4
  1129   0000A3                     main@accelX:
  1130                           	callstack 0
  1131                           
  1132                           ; 4 bytes @ 0x43
  1133   0000A3                     	ds	4
  1134                           
  1135                           	psect	cstackCOMRAM
  1136   000001                     __pcstackCOMRAM:
  1137                           	callstack 0
  1138   000001                     ??i2_LCD_Command:
  1139                           
  1140                           ; 1 bytes @ 0x0
  1141   000001                     	ds	1
  1142   000002                     i2LCD_Command@cmd:
  1143                           	callstack 0
  1144                           
  1145                           ; 1 bytes @ 0x1
  1146   000002                     	ds	1
  1147   000003                     ??i2_LCD_Clear:
  1148                           
  1149                           ; 1 bytes @ 0x2
  1150   000003                     	ds	1
  1151   000004                     ??_INT0_ISR:
  1152                           
  1153                           ; 1 bytes @ 0x3
  1154   000004                     	ds	2
  1155   000006                     INT0_ISR@i:
  1156                           	callstack 0
  1157                           
  1158                           ; 2 bytes @ 0x5
  1159   000006                     	ds	2
  1160   000008                     ?_read_prec_or_width:
  1161                           	callstack 0
  1162   000008                     ?___lmul:
  1163                           	callstack 0
  1164   000008                     ?___almod:
  1165                           	callstack 0
  1166   000008                     LCD_Char@data:
  1167                           	callstack 0
  1168   000008                     I2C_Write@data:
  1169                           	callstack 0
  1170   000008                     I2C_Read@ack:
  1171                           	callstack 0
  1172   000008                     read_prec_or_width@fmt:
  1173                           	callstack 0
  1174   000008                     fputc@c:
  1175                           	callstack 0
  1176   000008                     ___lmul@multiplier:
  1177                           	callstack 0
  1178   000008                     ___almod@dividend:
  1179                           	callstack 0
  1180   000008                     ??_LCD_Command:
  1181   000008                     
  1182                           ; 1 bytes @ 0x7
  1183   000008                     	ds	1
  1184   000009                     LCD_Command@cmd:
  1185                           	callstack 0
  1186   000009                     LCD_String@msg:
  1187                           	callstack 0
  1188   000009                     I2C_Write@i:
  1189                           	callstack 0
  1190   000009                     I2C_Read@data:
  1191                           	callstack 0
  1192   000009                     read_prec_or_width@ap:
  1193                           	callstack 0
  1194                           
  1195                           ; 1 bytes @ 0x8
  1196   000009                     	ds	1
  1197   00000A                     LCD_String_xy@pos:
  1198                           	callstack 0
  1199   00000A                     I2C_Read@i:
  1200                           	callstack 0
  1201   00000A                     MPU6050_Write@data:
  1202                           	callstack 0
  1203   00000A                     fputc@fp:
  1204                           	callstack 0
  1205   00000A                     ??_LCD_Init:
  1206   00000A                     ??_LCD_Clear:
  1207   00000A                     ??_read_prec_or_width:
  1208                           
  1209                           ; 1 bytes @ 0x9
  1210   00000A                     	ds	1
  1211   00000B                     ?_MPU6050_Read16:
  1212                           	callstack 0
  1213   00000B                     LCD_String_xy@msg:
  1214                           	callstack 0
  1215   00000B                     MPU6050_Write@reg:
  1216                           	callstack 0
  1217   00000B                     ??_fputc:
  1218                           
  1219                           ; 1 bytes @ 0xA
  1220   00000B                     	ds	1
  1221   00000C                     LCD_String_xy@row:
  1222                           	callstack 0
  1223   00000C                     read_prec_or_width@c:
  1224                           	callstack 0
  1225   00000C                     ___lmul@multiplicand:
  1226                           	callstack 0
  1227   00000C                     ___almod@divisor:
  1228                           	callstack 0
  1229   00000C                     ??_MPU6050_Init:
  1230   00000C                     
  1231                           ; 1 bytes @ 0xB
  1232   00000C                     	ds	1
  1233   00000D                     LCD_String_xy@location:
  1234                           	callstack 0
  1235   00000D                     read_prec_or_width@n:
  1236                           	callstack 0
  1237   00000D                     ??_MPU6050_Read16:
  1238                           
  1239                           ; 1 bytes @ 0xC
  1240   00000D                     	ds	2
  1241   00000F                     MPU6050_Read16@reg:
  1242                           	callstack 0
  1243                           
  1244                           ; 1 bytes @ 0xE
  1245   00000F                     	ds	1
  1246   000010                     MPU6050_Read16@high:
  1247                           	callstack 0
  1248   000010                     ___almod@counter:
  1249                           	callstack 0
  1250   000010                     fputs@s:
  1251                           	callstack 0
  1252   000010                     ___lmul@product:
  1253                           	callstack 0
  1254   000010                     
  1255                           ; 1 bytes @ 0xF
  1256   000010                     	ds	1
  1257   000011                     MPU6050_Read16@low:
  1258                           	callstack 0
  1259   000011                     ___almod@sign:
  1260                           	callstack 0
  1261   000011                     fputs@fp:
  1262                           	callstack 0
  1263                           
  1264                           ; 1 bytes @ 0x10
  1265   000011                     	ds	1
  1266   000012                     ?_abs:
  1267                           	callstack 0
  1268   000012                     fputs@c:
  1269                           	callstack 0
  1270   000012                     abs@a:
  1271                           	callstack 0
  1272   000012                     
  1273                           ; 1 bytes @ 0x11
  1274   000012                     	ds	1
  1275   000013                     fputs@i:
  1276                           	callstack 0
  1277                           
  1278                           ; 2 bytes @ 0x12
  1279   000013                     	ds	1
  1280   000014                     ?___aldiv:
  1281                           	callstack 0
  1282   000014                     ___aldiv@dividend:
  1283                           	callstack 0
  1284   000014                     ??_abs:
  1285                           
  1286                           ; 1 bytes @ 0x13
  1287   000014                     	ds	1
  1288   000015                     pad@fp:
  1289                           	callstack 0
  1290                           
  1291                           ; 1 bytes @ 0x14
  1292   000015                     	ds	1
  1293   000016                     pad@buf:
  1294                           	callstack 0
  1295                           
  1296                           ; 1 bytes @ 0x15
  1297   000016                     	ds	1
  1298   000017                     pad@p:
  1299                           	callstack 0
  1300                           
  1301                           ; 2 bytes @ 0x16
  1302   000017                     	ds	1
  1303   000018                     ___aldiv@divisor:
  1304                           	callstack 0
  1305                           
  1306                           ; 4 bytes @ 0x17
  1307   000018                     	ds	1
  1308   000019                     ??_pad:
  1309                           
  1310                           ; 1 bytes @ 0x18
  1311   000019                     	ds	1
  1312   00001A                     pad@i:
  1313                           	callstack 0
  1314                           
  1315                           ; 2 bytes @ 0x19
  1316   00001A                     	ds	2
  1317   00001C                     ___aldiv@counter:
  1318                           	callstack 0
  1319   00001C                     
  1320                           ; 1 bytes @ 0x1B
  1321   00001C                     	ds	1
  1322   00001D                     ___aldiv@sign:
  1323                           	callstack 0
  1324                           
  1325                           ; 1 bytes @ 0x1C
  1326   00001D                     	ds	1
  1327   00001E                     ___aldiv@quotient:
  1328                           	callstack 0
  1329                           
  1330                           ; 4 bytes @ 0x1D
  1331   00001E                     	ds	4
  1332   000022                     dtoa@fp:
  1333                           	callstack 0
  1334                           
  1335                           ; 1 bytes @ 0x21
  1336   000022                     	ds	1
  1337   000023                     dtoa@d:
  1338                           	callstack 0
  1339                           
  1340                           ; 4 bytes @ 0x22
  1341   000023                     	ds	4
  1342   000027                     _dtoa$1188:
  1343                           	callstack 0
  1344   000027                     
  1345                           ; 1 bytes @ 0x26
  1346   000027                     	ds	2
  1347   000029                     dtoa@p:
  1348                           	callstack 0
  1349                           
  1350                           ; 1 bytes @ 0x28
  1351   000029                     	ds	1
  1352   00002A                     dtoa@w:
  1353                           	callstack 0
  1354                           
  1355                           ; 2 bytes @ 0x29
  1356   00002A                     	ds	2
  1357   00002C                     dtoa@s:
  1358                           	callstack 0
  1359                           
  1360                           ; 1 bytes @ 0x2B
  1361   00002C                     	ds	1
  1362   00002D                     dtoa@i:
  1363                           	callstack 0
  1364                           
  1365                           ; 2 bytes @ 0x2C
  1366   00002D                     	ds	2
  1367   00002F                     vfpfcnvrt@fp:
  1368                           	callstack 0
  1369                           
  1370                           ; 1 bytes @ 0x2E
  1371   00002F                     	ds	1
  1372   000030                     vfpfcnvrt@fmt:
  1373                           	callstack 0
  1374                           
  1375                           ; 1 bytes @ 0x2F
  1376   000030                     	ds	1
  1377   000031                     vfpfcnvrt@ap:
  1378                           	callstack 0
  1379                           
  1380                           ; 1 bytes @ 0x30
  1381   000031                     	ds	1
  1382   000032                     vfpfcnvrt@convarg:
  1383                           	callstack 0
  1384   000032                     
  1385                           ; 1 bytes @ 0x31
  1386   000032                     	ds	4
  1387   000036                     vfpfcnvrt@done:
  1388                           	callstack 0
  1389                           
  1390                           ; 1 bytes @ 0x35
  1391   000036                     	ds	1
  1392   000037                     vfpfcnvrt@c:
  1393                           	callstack 0
  1394                           
  1395                           ; 1 bytes @ 0x36
  1396   000037                     	ds	1
  1397   000038                     vfpfcnvrt@cp:
  1398                           	callstack 0
  1399                           
  1400                           ; 1 bytes @ 0x37
  1401   000038                     	ds	1
  1402   000039                     ?_vfprintf:
  1403                           	callstack 0
  1404   000039                     vfprintf@fp:
  1405                           	callstack 0
  1406                           
  1407                           ; 1 bytes @ 0x38
  1408   000039                     	ds	1
  1409   00003A                     vfprintf@fmt:
  1410                           	callstack 0
  1411                           
  1412                           ; 1 bytes @ 0x39
  1413   00003A                     	ds	1
  1414   00003B                     vfprintf@ap:
  1415                           	callstack 0
  1416                           
  1417                           ; 1 bytes @ 0x3A
  1418   00003B                     	ds	1
  1419   00003C                     vfprintf@cfmt:
  1420                           	callstack 0
  1421   00003C                     
  1422                           ; 1 bytes @ 0x3B
  1423   00003C                     	ds	1
  1424   00003D                     ?_sprintf:
  1425                           	callstack 0
  1426   00003D                     sprintf@s:
  1427                           	callstack 0
  1428                           
  1429                           ; 1 bytes @ 0x3C
  1430   00003D                     	ds	1
  1431   00003E                     sprintf@fmt:
  1432                           	callstack 0
  1433                           
  1434                           ; 1 bytes @ 0x3D
  1435   00003E                     	ds	9
  1436   000047                     sprintf@ap:
  1437                           	callstack 0
  1438   000047                     
  1439                           ; 1 bytes @ 0x46
  1440   000047                     	ds	1
  1441   000048                     sprintf@f:
  1442                           	callstack 0
  1443                           
  1444                           ; 11 bytes @ 0x47
  1445   000048                     	ds	11
  1446   000053                     
  1447                           ; 1 bytes @ 0x52
  1448 ;;
  1449 ;;Main: autosize = 0, tempsize = 2, incstack = 0, save=0
  1450 ;;
  1451 ;; *************** function _main *****************
  1452 ;; Defined at:
  1453 ;;		line 85 in file "DIY_ADC.c"
  1454 ;; Parameters:    Size  Location     Type
  1455 ;;		None
  1456 ;; Auto vars:     Size  Location     Type
  1457 ;;  line1          21   36[BANK0 ] unsigned char [21]
  1458 ;;  line2          21   15[BANK0 ] unsigned char [21]
  1459 ;;  accelX          4   67[BANK0 ] long 
  1460 ;;  delta           4   63[BANK0 ] long 
  1461 ;;  lastAccelX      4   59[BANK0 ] long 
  1462 ;;  rawX            2   57[BANK0 ] short 
  1463 ;; Return value:  Size  Location     Type
  1464 ;;                  1    wreg      void 
  1465 ;; Registers used:
  1466 ;;		wreg, fsr1l, fsr1h, fsr2l, fsr2h, status,2, status,0, tblptrl, tblptrh, tblptru, prodl, prodh, cstack
  1467 ;; Tracked objects:
  1468 ;;		On entry : 0/0
  1469 ;;		On exit  : 0/0
  1470 ;;		Unchanged: 0/0
  1471 ;; Data sizes:     COMRAM   BANK0   BANK1   BANK2   BANK3   BANK4   BANK5   BANK6   BANK7   BANK8   BANK9  BANK10  BANK1
      +1  BANK12  BANK13  BANK14  BANK15  BANK16  BANK17  BANK18  BANK19  BANK20  BANK21  BANK22  BANK23  BANK24  BANK25  BANK2
      +6  BANK27  BANK28  BANK29  BANK30  BANK31
  1472 ;;      Params:         0       0       0       0       0       0       0       0       0       0       0       0       
      +0       0       0       0       0       0       0       0       0       0       0       0       0       0       0       
      +0       0       0       0       0       0
  1473 ;;      Locals:         0      56       0       0       0       0       0       0       0       0       0       0       
      +0       0       0       0       0       0       0       0       0       0       0       0       0       0       0       
      +0       0       0       0       0       0
  1474 ;;      Temps:          0       2       0       0       0       0       0       0       0       0       0       0       
      +0       0       0       0       0       0       0       0       0       0       0       0       0       0       0       
      +0       0       0       0       0       0
  1475 ;;      Totals:         0      58       0       0       0       0       0       0       0       0       0       0       
      +0       0       0       0       0       0       0       0       0       0       0       0       0       0       0       
      +0       0       0       0       0       0
  1476 ;;Total ram usage:       58 bytes
  1477 ;; Hardware stack levels required when called: 11
  1478 ;; This function calls:
  1479 ;;		_Button_Interrupt_Init
  1480 ;;		_I2C_Init
  1481 ;;		_LCD_Clear
  1482 ;;		_LCD_Init
  1483 ;;		_LCD_String_xy
  1484 ;;		_MPU6050_Init
  1485 ;;		_MPU6050_Read16
  1486 ;;		___aldiv
  1487 ;;		___lmul
  1488 ;;		_format_accel
  1489 ;;		_sprintf
  1490 ;; This function is called by:
  1491 ;;		Startup code after reset
  1492 ;; This function uses a non-reentrant model
  1493 ;;
  1494                           
  1495                           	psect	text0
  1496   002292                     __ptext0:
  1497                           	callstack 0
  1498   002292                     _main:
  1499                           	callstack 20
  1500   002292                     
  1501                           ;DIY_ADC.c: 87:     char line1[21];;DIY_ADC.c: 88:     char line2[21];;DIY_ADC.c: 90:   
      +                            int16_t rawX;;DIY_ADC.c: 91:     int32_t accelX;;DIY_ADC.c: 92:     int32_t lastAccelX
      +                           = 0;
  1502   002292  0E00               	movlw	0
  1503   002294  0100               	movlb	0	; () banked
  1504   002296  6F9B               	movwf	main@lastAccelX& (0+255),b
  1505   002298  0E00               	movlw	0
  1506   00229A  6F9C               	movwf	(main@lastAccelX+1)& (0+255),b
  1507   00229C  0E00               	movlw	0
  1508   00229E  6F9D               	movwf	(main@lastAccelX+2)& (0+255),b
  1509   0022A0  0E00               	movlw	0
  1510   0022A2  6F9E               	movwf	(main@lastAccelX+3)& (0+255),b
  1511   0022A4                     
  1512                           ; BSR set to: 0
  1513                           ;DIY_ADC.c: 93:     int32_t delta;;DIY_ADC.c: 97:     LCD_Init();
  1514   0022A4  ECA8  F016         	call	_LCD_Init	;wreg free
  1515   0022A8                     
  1516                           ;DIY_ADC.c: 98:     Button_Interrupt_Init();
  1517   0022A8  ECC9  F017         	call	_Button_Interrupt_Init	;wreg free
  1518   0022AC                     
  1519                           ;DIY_ADC.c: 99:     I2C_Init();
  1520   0022AC  EC0D  F018         	call	_I2C_Init	;wreg free
  1521                           
  1522                           ;DIY_ADC.c: 100:     MPU6050_Init();
  1523   0022B0  EC7A  F017         	call	_MPU6050_Init	;wreg free
  1524   0022B4                     l65:
  1525                           
  1526                           ;DIY_ADC.c: 103:     {;DIY_ADC.c: 104:         rawX = MPU6050_Read16(0x3B);
  1527   0022B4  0E3B               	movlw	59
  1528   0022B6  ECCD  F016         	call	_MPU6050_Read16
  1529   0022BA  C00B  F099         	movff	?_MPU6050_Read16,main@rawX
  1530   0022BE  C00C  F09A         	movff	?_MPU6050_Read16+1,main@rawX+1
  1531                           
  1532                           ;DIY_ADC.c: 109:         accelX = ((int32_t)rawX * 98067L) / 16384L;
  1533   0022C2  C099  F008         	movff	main@rawX,___lmul@multiplier
  1534   0022C6  C09A  F009         	movff	main@rawX+1,___lmul@multiplier+1
  1535   0022CA  0E00               	movlw	0
  1536   0022CC  BE09               	btfsc	(___lmul@multiplier+1)^0,7,c
  1537   0022CE  0EFF               	movlw	-1
  1538   0022D0  6E0A               	movwf	(___lmul@multiplier+2)^0,c
  1539   0022D2  6E0B               	movwf	(___lmul@multiplier+3)^0,c
  1540   0022D4  0E13               	movlw	19
  1541   0022D6  6E0C               	movwf	___lmul@multiplicand^0,c
  1542   0022D8  0E7F               	movlw	127
  1543   0022DA  6E0D               	movwf	(___lmul@multiplicand+1)^0,c
  1544   0022DC  0E01               	movlw	1
  1545   0022DE  6E0E               	movwf	(___lmul@multiplicand+2)^0,c
  1546   0022E0  0E00               	movlw	0
  1547   0022E2  6E0F               	movwf	(___lmul@multiplicand+3)^0,c
  1548   0022E4  ECCC  F015         	call	___lmul	;wreg free
  1549   0022E8  C008  F014         	movff	?___lmul,___aldiv@dividend
  1550   0022EC  C009  F015         	movff	?___lmul+1,___aldiv@dividend+1
  1551   0022F0  C00A  F016         	movff	?___lmul+2,___aldiv@dividend+2
  1552   0022F4  C00B  F017         	movff	?___lmul+3,___aldiv@dividend+3
  1553   0022F8  0E00               	movlw	0
  1554   0022FA  6E18               	movwf	___aldiv@divisor^0,c
  1555   0022FC  0E40               	movlw	64
  1556   0022FE  6E19               	movwf	(___aldiv@divisor+1)^0,c
  1557   002300  0E00               	movlw	0
  1558   002302  6E1A               	movwf	(___aldiv@divisor+2)^0,c
  1559   002304  0E00               	movlw	0
  1560   002306  6E1B               	movwf	(___aldiv@divisor+3)^0,c
  1561   002308  EC9F  F013         	call	___aldiv	;wreg free
  1562   00230C  C014  F0A3         	movff	?___aldiv,main@accelX
  1563   002310  C015  F0A4         	movff	?___aldiv+1,main@accelX+1
  1564   002314  C016  F0A5         	movff	?___aldiv+2,main@accelX+2
  1565   002318  C017  F0A6         	movff	?___aldiv+3,main@accelX+3
  1566   00231C                     
  1567                           ;DIY_ADC.c: 111:         delta = accelX - lastAccelX;
  1568   00231C  0100               	movlb	0	; () banked
  1569   00231E  519B               	movf	main@lastAccelX& (0+255),w,b
  1570   002320  5DA3               	subwf	main@accelX& (0+255),w,b
  1571   002322  6F9F               	movwf	main@delta& (0+255),b
  1572   002324  519C               	movf	(main@lastAccelX+1)& (0+255),w,b
  1573   002326  59A4               	subwfb	(main@accelX+1)& (0+255),w,b
  1574   002328  6FA0               	movwf	(main@delta+1)& (0+255),b
  1575   00232A  519D               	movf	(main@lastAccelX+2)& (0+255),w,b
  1576   00232C  59A5               	subwfb	(main@accelX+2)& (0+255),w,b
  1577   00232E  6FA1               	movwf	(main@delta+2)& (0+255),b
  1578   002330  519E               	movf	(main@lastAccelX+3)& (0+255),w,b
  1579   002332  59A6               	subwfb	(main@accelX+3)& (0+255),w,b
  1580   002334  6FA2               	movwf	(main@delta+3)& (0+255),b
  1581   002336                     
  1582                           ; BSR set to: 0
  1583                           ;DIY_ADC.c: 112:         if(delta < 0)
  1584   002336  BFA2               	btfsc	(main@delta+3)& (0+255),7,b
  1585   002338  EFA2  F011         	goto	u1220
  1586   00233C  EFA0  F011         	goto	u1221
  1587   002340                     u1221:
  1588   002340  EFAA  F011         	goto	l2249
  1589   002344                     u1220:
  1590   002344                     
  1591                           ; BSR set to: 0
  1592                           ;DIY_ADC.c: 113:             delta = -delta;
  1593   002344  1FA2               	comf	(main@delta+3)& (0+255),f,b
  1594   002346  1FA1               	comf	(main@delta+2)& (0+255),f,b
  1595   002348  1FA0               	comf	(main@delta+1)& (0+255),f,b
  1596   00234A  6D9F               	negf	main@delta& (0+255),b
  1597   00234C  0E00               	movlw	0
  1598   00234E  23A0               	addwfc	(main@delta+1)& (0+255),f,b
  1599   002350  23A1               	addwfc	(main@delta+2)& (0+255),f,b
  1600   002352  23A2               	addwfc	(main@delta+3)& (0+255),f,b
  1601   002354                     l2249:
  1602                           
  1603                           ; BSR set to: 0
  1604                           ;DIY_ADC.c: 115:         if(delta > 35000)
  1605   002354  BFA2               	btfsc	(main@delta+3)& (0+255),7,b
  1606   002356  EFB9  F011         	goto	u1231
  1607   00235A  51A2               	movf	(main@delta+3)& (0+255),w,b
  1608   00235C  11A1               	iorwf	(main@delta+2)& (0+255),w,b
  1609   00235E  E10B               	bnz	u1230
  1610   002360  0EB9               	movlw	185
  1611   002362  5D9F               	subwf	main@delta& (0+255),w,b
  1612   002364  0E88               	movlw	136
  1613   002366  59A0               	subwfb	(main@delta+1)& (0+255),w,b
  1614   002368  A0D8               	btfss	status,0,c
  1615   00236A  EFB9  F011         	goto	u1231
  1616   00236E  EFBB  F011         	goto	u1230
  1617   002372                     u1231:
  1618   002372  EFC3  F011         	goto	l2253
  1619   002376                     u1230:
  1620   002376                     
  1621                           ; BSR set to: 0
  1622                           ;DIY_ADC.c: 116:         {;DIY_ADC.c: 117:             sprintf(line1, "angle: Shake     
      +                           ");
  1623   002376  0E84               	movlw	low main@line1
  1624   002378  6E3D               	movwf	sprintf@s^0,c
  1625   00237A  0E14               	movlw	low STR_1
  1626   00237C  6E3E               	movwf	sprintf@fmt^0,c
  1627   00237E  EC62  F017         	call	_sprintf	;wreg free
  1628                           
  1629                           ;DIY_ADC.c: 118:         }
  1630   002382  EFFC  F011         	goto	l68
  1631   002386                     l2253:
  1632                           
  1633                           ; BSR set to: 0
  1634   002386  BFA6               	btfsc	(main@accelX+3)& (0+255),7,b
  1635   002388  EFD2  F011         	goto	u1241
  1636   00238C  51A6               	movf	(main@accelX+3)& (0+255),w,b
  1637   00238E  11A5               	iorwf	(main@accelX+2)& (0+255),w,b
  1638   002390  E10B               	bnz	u1240
  1639   002392  0E21               	movlw	33
  1640   002394  5DA3               	subwf	main@accelX& (0+255),w,b
  1641   002396  0E4E               	movlw	78
  1642   002398  59A4               	subwfb	(main@accelX+1)& (0+255),w,b
  1643   00239A  A0D8               	btfss	status,0,c
  1644   00239C  EFD2  F011         	goto	u1241
  1645   0023A0  EFD4  F011         	goto	u1240
  1646   0023A4                     u1241:
  1647   0023A4  EFDC  F011         	goto	l2257
  1648   0023A8                     u1240:
  1649   0023A8                     
  1650                           ; BSR set to: 0
  1651                           ;DIY_ADC.c: 120:         {;DIY_ADC.c: 121:             sprintf(line1, "angle: Tilt_Right
      +                           ");
  1652   0023A8  0E84               	movlw	low main@line1
  1653   0023AA  6E3D               	movwf	sprintf@s^0,c
  1654   0023AC  0E3A               	movlw	low STR_2
  1655   0023AE  6E3E               	movwf	sprintf@fmt^0,c
  1656   0023B0  EC62  F017         	call	_sprintf	;wreg free
  1657                           
  1658                           ;DIY_ADC.c: 122:         }
  1659   0023B4  EFFC  F011         	goto	l68
  1660   0023B8                     l2257:
  1661                           
  1662                           ; BSR set to: 0
  1663   0023B8  AFA6               	btfss	(main@accelX+3)& (0+255),7,b
  1664   0023BA  EFEC  F011         	goto	u1251
  1665   0023BE  0EE0               	movlw	224
  1666   0023C0  5DA3               	subwf	main@accelX& (0+255),w,b
  1667   0023C2  0EB1               	movlw	177
  1668   0023C4  59A4               	subwfb	(main@accelX+1)& (0+255),w,b
  1669   0023C6  0EFF               	movlw	255
  1670   0023C8  59A5               	subwfb	(main@accelX+2)& (0+255),w,b
  1671   0023CA  0EFF               	movlw	255
  1672   0023CC  59A6               	subwfb	(main@accelX+3)& (0+255),w,b
  1673   0023CE  B0D8               	btfsc	status,0,c
  1674   0023D0  EFEC  F011         	goto	u1251
  1675   0023D4  EFEE  F011         	goto	u1250
  1676   0023D8                     u1251:
  1677   0023D8  EFF6  F011         	goto	l2261
  1678   0023DC                     u1250:
  1679   0023DC                     
  1680                           ; BSR set to: 0
  1681                           ;DIY_ADC.c: 124:         {;DIY_ADC.c: 125:             sprintf(line1, "angle: Tilt_Left 
      +                           ");
  1682   0023DC  0E84               	movlw	low main@line1
  1683   0023DE  6E3D               	movwf	sprintf@s^0,c
  1684   0023E0  0E27               	movlw	low STR_3
  1685   0023E2  6E3E               	movwf	sprintf@fmt^0,c
  1686   0023E4  EC62  F017         	call	_sprintf	;wreg free
  1687                           
  1688                           ;DIY_ADC.c: 126:         }
  1689   0023E8  EFFC  F011         	goto	l68
  1690   0023EC                     l2261:
  1691                           
  1692                           ; BSR set to: 0
  1693                           ;DIY_ADC.c: 128:         {;DIY_ADC.c: 129:             sprintf(line1, "angle: Flat      
      +                           ");
  1694   0023EC  0E84               	movlw	low main@line1
  1695   0023EE  6E3D               	movwf	sprintf@s^0,c
  1696   0023F0  0E01               	movlw	low STR_4
  1697   0023F2  6E3E               	movwf	sprintf@fmt^0,c
  1698   0023F4  EC62  F017         	call	_sprintf	;wreg free
  1699   0023F8                     l68:
  1700                           
  1701                           ;DIY_ADC.c: 132:         format_accel(line2, accelX);
  1702   0023F8  0E6F               	movlw	low main@line2
  1703   0023FA  0100               	movlb	0	; () banked
  1704   0023FC  6F60               	movwf	format_accel@buffer& (0+255),b
  1705   0023FE  C0A3  F061         	movff	main@accelX,format_accel@value
  1706   002402  C0A4  F062         	movff	main@accelX+1,format_accel@value+1
  1707   002406  C0A5  F063         	movff	main@accelX+2,format_accel@value+2
  1708   00240A  C0A6  F064         	movff	main@accelX+3,format_accel@value+3
  1709   00240E  ECF8  F012         	call	_format_accel	;wreg free
  1710   002412                     
  1711                           ;DIY_ADC.c: 134:         LCD_Clear();
  1712   002412  ECEF  F017         	call	_LCD_Clear	;wreg free
  1713   002416                     
  1714                           ;DIY_ADC.c: 135:         LCD_String_xy(1, 0, line1);
  1715   002416  0E00               	movlw	0
  1716   002418  6E0A               	movwf	LCD_String_xy@pos^0,c
  1717   00241A  0E84               	movlw	low main@line1
  1718   00241C  6E0B               	movwf	LCD_String_xy@msg^0,c
  1719   00241E  0E01               	movlw	1
  1720   002420  EC49  F017         	call	_LCD_String_xy
  1721   002424                     
  1722                           ;DIY_ADC.c: 136:         LCD_String_xy(2, 0, line2);
  1723   002424  0E00               	movlw	0
  1724   002426  6E0A               	movwf	LCD_String_xy@pos^0,c
  1725   002428  0E6F               	movlw	low main@line2
  1726   00242A  6E0B               	movwf	LCD_String_xy@msg^0,c
  1727   00242C  0E02               	movlw	2
  1728   00242E  EC49  F017         	call	_LCD_String_xy
  1729   002432                     
  1730                           ;DIY_ADC.c: 138:         lastAccelX = accelX;
  1731   002432  C0A3  F09B         	movff	main@accelX,main@lastAccelX
  1732   002436  C0A4  F09C         	movff	main@accelX+1,main@lastAccelX+1
  1733   00243A  C0A5  F09D         	movff	main@accelX+2,main@lastAccelX+2
  1734   00243E  C0A6  F09E         	movff	main@accelX+3,main@lastAccelX+3
  1735   002442                     
  1736                           ;DIY_ADC.c: 140:         _delay((unsigned long)((500)*(4000000UL/4000.0)));
  1737   002442  0E03               	movlw	3
  1738   002444  0100               	movlb	0	; () banked
  1739   002446  6F6E               	movwf	(??_main+1)& (0+255),b
  1740   002448  0E8A               	movlw	138
  1741   00244A  6F6D               	movwf	??_main& (0+255),b
  1742   00244C  0E55               	movlw	85
  1743   00244E                     u1267:
  1744   00244E  2EE8               	decfsz	wreg,f,c
  1745   002450  D7FE               	bra	u1267
  1746   002452  2F6D               	decfsz	??_main& (0+255),f,b
  1747   002454  D7FC               	bra	u1267
  1748   002456  2F6E               	decfsz	(??_main+1)& (0+255),f,b
  1749   002458  D7FA               	bra	u1267
  1750   00245A  D000               	nop2	
  1751   00245C  EF5A  F011         	goto	l65
  1752   002460  EF57  F000         	goto	start
  1753   002464                     __end_of_main:
  1754                           	callstack 0
  1755                           
  1756 ;; *************** function _format_accel *****************
  1757 ;; Defined at:
  1758 ;;		line 191 in file "DIY_ADC.c"
  1759 ;; Parameters:    Size  Location     Type
  1760 ;;  buffer          1    0[BANK0 ] PTR unsigned char 
  1761 ;;		 -> main@line2(21), 
  1762 ;;  value           4    1[BANK0 ] long 
  1763 ;; Auto vars:     Size  Location     Type
  1764 ;;  decimal         4    9[BANK0 ] long 
  1765 ;;  whole           4    5[BANK0 ] long 
  1766 ;; Return value:  Size  Location     Type
  1767 ;;                  1    wreg      void 
  1768 ;; Registers used:
  1769 ;;		wreg, fsr1l, fsr1h, fsr2l, fsr2h, status,2, status,0, tblptrl, tblptrh, tblptru, prodl, prodh, cstack
  1770 ;; Tracked objects:
  1771 ;;		On entry : 0/0
  1772 ;;		On exit  : 0/0
  1773 ;;		Unchanged: 0/0
  1774 ;; Data sizes:     COMRAM   BANK0   BANK1   BANK2   BANK3   BANK4   BANK5   BANK6   BANK7   BANK8   BANK9  BANK10  BANK1
      +1  BANK12  BANK13  BANK14  BANK15  BANK16  BANK17  BANK18  BANK19  BANK20  BANK21  BANK22  BANK23  BANK24  BANK25  BANK2
      +6  BANK27  BANK28  BANK29  BANK30  BANK31
  1775 ;;      Params:         0       5       0       0       0       0       0       0       0       0       0       0       
      +0       0       0       0       0       0       0       0       0       0       0       0       0       0       0       
      +0       0       0       0       0       0
  1776 ;;      Locals:         0       8       0       0       0       0       0       0       0       0       0       0       
      +0       0       0       0       0       0       0       0       0       0       0       0       0       0       0       
      +0       0       0       0       0       0
  1777 ;;      Temps:          0       0       0       0       0       0       0       0       0       0       0       0       
      +0       0       0       0       0       0       0       0       0       0       0       0       0       0       0       
      +0       0       0       0       0       0
  1778 ;;      Totals:         0      13       0       0       0       0       0       0       0       0       0       0       
      +0       0       0       0       0       0       0       0       0       0       0       0       0       0       0       
      +0       0       0       0       0       0
  1779 ;;Total ram usage:       13 bytes
  1780 ;; Hardware stack levels used: 1
  1781 ;; Hardware stack levels required when called: 10
  1782 ;; This function calls:
  1783 ;;		___aldiv
  1784 ;;		___almod
  1785 ;;		_sprintf
  1786 ;; This function is called by:
  1787 ;;		_main
  1788 ;; This function uses a non-reentrant model
  1789 ;;
  1790                           
  1791                           	psect	text1
  1792   0025F0                     __ptext1:
  1793                           	callstack 0
  1794   0025F0                     _format_accel:
  1795                           	callstack 20
  1796   0025F0                     
  1797                           ;DIY_ADC.c: 191: void format_accel(char *buffer, int32_t value);DIY_ADC.c: 192: {;DIY_AD
      +                          C.c: 193:     int32_t whole;;DIY_ADC.c: 194:     int32_t decimal;;DIY_ADC.c: 199:     if
      +                          (value < 0)
  1798   0025F0  0100               	movlb	0	; () banked
  1799   0025F2  BF64               	btfsc	(format_accel@value+3)& (0+255),7,b
  1800   0025F4  EF00  F013         	goto	u1210
  1801   0025F8  EFFE  F012         	goto	u1211
  1802   0025FC                     u1211:
  1803   0025FC  EF54  F013         	goto	l2231
  1804   002600                     u1210:
  1805   002600                     
  1806                           ; BSR set to: 0
  1807                           ;DIY_ADC.c: 200:     {;DIY_ADC.c: 201:         value = -value;
  1808   002600  1F64               	comf	(format_accel@value+3)& (0+255),f,b
  1809   002602  1F63               	comf	(format_accel@value+2)& (0+255),f,b
  1810   002604  1F62               	comf	(format_accel@value+1)& (0+255),f,b
  1811   002606  6D61               	negf	format_accel@value& (0+255),b
  1812   002608  0E00               	movlw	0
  1813   00260A  2362               	addwfc	(format_accel@value+1)& (0+255),f,b
  1814   00260C  2363               	addwfc	(format_accel@value+2)& (0+255),f,b
  1815   00260E  2364               	addwfc	(format_accel@value+3)& (0+255),f,b
  1816   002610                     
  1817                           ; BSR set to: 0
  1818                           ;DIY_ADC.c: 202:         whole = value / 10000;
  1819   002610  C061  F014         	movff	format_accel@value,___aldiv@dividend
  1820   002614  C062  F015         	movff	format_accel@value+1,___aldiv@dividend+1
  1821   002618  C063  F016         	movff	format_accel@value+2,___aldiv@dividend+2
  1822   00261C  C064  F017         	movff	format_accel@value+3,___aldiv@dividend+3
  1823   002620  0E10               	movlw	16
  1824   002622  6E18               	movwf	___aldiv@divisor^0,c
  1825   002624  0E27               	movlw	39
  1826   002626  6E19               	movwf	(___aldiv@divisor+1)^0,c
  1827   002628  0E00               	movlw	0
  1828   00262A  6E1A               	movwf	(___aldiv@divisor+2)^0,c
  1829   00262C  0E00               	movlw	0
  1830   00262E  6E1B               	movwf	(___aldiv@divisor+3)^0,c
  1831   002630  EC9F  F013         	call	___aldiv	;wreg free
  1832   002634  C014  F065         	movff	?___aldiv,format_accel@whole
  1833   002638  C015  F066         	movff	?___aldiv+1,format_accel@whole+1
  1834   00263C  C016  F067         	movff	?___aldiv+2,format_accel@whole+2
  1835   002640  C017  F068         	movff	?___aldiv+3,format_accel@whole+3
  1836   002644                     
  1837                           ;DIY_ADC.c: 203:         decimal = value % 10000;
  1838   002644  C061  F008         	movff	format_accel@value,___almod@dividend
  1839   002648  C062  F009         	movff	format_accel@value+1,___almod@dividend+1
  1840   00264C  C063  F00A         	movff	format_accel@value+2,___almod@dividend+2
  1841   002650  C064  F00B         	movff	format_accel@value+3,___almod@dividend+3
  1842   002654  0E10               	movlw	16
  1843   002656  6E0C               	movwf	___almod@divisor^0,c
  1844   002658  0E27               	movlw	39
  1845   00265A  6E0D               	movwf	(___almod@divisor+1)^0,c
  1846   00265C  0E00               	movlw	0
  1847   00265E  6E0E               	movwf	(___almod@divisor+2)^0,c
  1848   002660  0E00               	movlw	0
  1849   002662  6E0F               	movwf	(___almod@divisor+3)^0,c
  1850   002664  EC24  F014         	call	___almod	;wreg free
  1851   002668  C008  F069         	movff	?___almod,format_accel@decimal
  1852   00266C  C009  F06A         	movff	?___almod+1,format_accel@decimal+1
  1853   002670  C00A  F06B         	movff	?___almod+2,format_accel@decimal+2
  1854   002674  C00B  F06C         	movff	?___almod+3,format_accel@decimal+3
  1855   002678                     
  1856                           ;DIY_ADC.c: 204:         sprintf(buffer, "-%ld.%04ld X m/s2", whole, decimal);
  1857   002678  C060  F03D         	movff	format_accel@buffer,sprintf@s
  1858   00267C  0E5F               	movlw	low STR_5
  1859   00267E  6E3E               	movwf	sprintf@fmt^0,c
  1860   002680  C065  F03F         	movff	format_accel@whole,?_sprintf+2
  1861   002684  C066  F040         	movff	format_accel@whole+1,?_sprintf+3
  1862   002688  C067  F041         	movff	format_accel@whole+2,?_sprintf+4
  1863   00268C  C068  F042         	movff	format_accel@whole+3,?_sprintf+5
  1864   002690  C069  F043         	movff	format_accel@decimal,?_sprintf+6
  1865   002694  C06A  F044         	movff	format_accel@decimal+1,?_sprintf+7
  1866   002698  C06B  F045         	movff	format_accel@decimal+2,?_sprintf+8
  1867   00269C  C06C  F046         	movff	format_accel@decimal+3,?_sprintf+9
  1868   0026A0  EC62  F017         	call	_sprintf	;wreg free
  1869                           
  1870                           ;DIY_ADC.c: 205:     }
  1871   0026A4  EF9E  F013         	goto	l91
  1872   0026A8                     l2231:
  1873                           
  1874                           ; BSR set to: 0
  1875                           ;DIY_ADC.c: 207:     {;DIY_ADC.c: 208:         whole = value / 10000;
  1876   0026A8  C061  F014         	movff	format_accel@value,___aldiv@dividend
  1877   0026AC  C062  F015         	movff	format_accel@value+1,___aldiv@dividend+1
  1878   0026B0  C063  F016         	movff	format_accel@value+2,___aldiv@dividend+2
  1879   0026B4  C064  F017         	movff	format_accel@value+3,___aldiv@dividend+3
  1880   0026B8  0E10               	movlw	16
  1881   0026BA  6E18               	movwf	___aldiv@divisor^0,c
  1882   0026BC  0E27               	movlw	39
  1883   0026BE  6E19               	movwf	(___aldiv@divisor+1)^0,c
  1884   0026C0  0E00               	movlw	0
  1885   0026C2  6E1A               	movwf	(___aldiv@divisor+2)^0,c
  1886   0026C4  0E00               	movlw	0
  1887   0026C6  6E1B               	movwf	(___aldiv@divisor+3)^0,c
  1888   0026C8  EC9F  F013         	call	___aldiv	;wreg free
  1889   0026CC  C014  F065         	movff	?___aldiv,format_accel@whole
  1890   0026D0  C015  F066         	movff	?___aldiv+1,format_accel@whole+1
  1891   0026D4  C016  F067         	movff	?___aldiv+2,format_accel@whole+2
  1892   0026D8  C017  F068         	movff	?___aldiv+3,format_accel@whole+3
  1893                           
  1894                           ;DIY_ADC.c: 209:         decimal = value % 10000;
  1895   0026DC  C061  F008         	movff	format_accel@value,___almod@dividend
  1896   0026E0  C062  F009         	movff	format_accel@value+1,___almod@dividend+1
  1897   0026E4  C063  F00A         	movff	format_accel@value+2,___almod@dividend+2
  1898   0026E8  C064  F00B         	movff	format_accel@value+3,___almod@dividend+3
  1899   0026EC  0E10               	movlw	16
  1900   0026EE  6E0C               	movwf	___almod@divisor^0,c
  1901   0026F0  0E27               	movlw	39
  1902   0026F2  6E0D               	movwf	(___almod@divisor+1)^0,c
  1903   0026F4  0E00               	movlw	0
  1904   0026F6  6E0E               	movwf	(___almod@divisor+2)^0,c
  1905   0026F8  0E00               	movlw	0
  1906   0026FA  6E0F               	movwf	(___almod@divisor+3)^0,c
  1907   0026FC  EC24  F014         	call	___almod	;wreg free
  1908   002700  C008  F069         	movff	?___almod,format_accel@decimal
  1909   002704  C009  F06A         	movff	?___almod+1,format_accel@decimal+1
  1910   002708  C00A  F06B         	movff	?___almod+2,format_accel@decimal+2
  1911   00270C  C00B  F06C         	movff	?___almod+3,format_accel@decimal+3
  1912   002710                     
  1913                           ;DIY_ADC.c: 210:         sprintf(buffer, "%ld.%04ld X m/s2 ", whole, decimal);
  1914   002710  C060  F03D         	movff	format_accel@buffer,sprintf@s
  1915   002714  0E4D               	movlw	low STR_6
  1916   002716  6E3E               	movwf	sprintf@fmt^0,c
  1917   002718  C065  F03F         	movff	format_accel@whole,?_sprintf+2
  1918   00271C  C066  F040         	movff	format_accel@whole+1,?_sprintf+3
  1919   002720  C067  F041         	movff	format_accel@whole+2,?_sprintf+4
  1920   002724  C068  F042         	movff	format_accel@whole+3,?_sprintf+5
  1921   002728  C069  F043         	movff	format_accel@decimal,?_sprintf+6
  1922   00272C  C06A  F044         	movff	format_accel@decimal+1,?_sprintf+7
  1923   002730  C06B  F045         	movff	format_accel@decimal+2,?_sprintf+8
  1924   002734  C06C  F046         	movff	format_accel@decimal+3,?_sprintf+9
  1925   002738  EC62  F017         	call	_sprintf	;wreg free
  1926   00273C                     l91:
  1927   00273C  0012               	return		;funcret
  1928   00273E                     __end_of_format_accel:
  1929                           	callstack 0
  1930                           
  1931 ;; *************** function _sprintf *****************
  1932 ;; Defined at:
  1933 ;;		line 9 in file "C:\Program Files\Microchip\xc8\v3.10\pic\sources\c99\common\nf_sprintf.c"
  1934 ;; Parameters:    Size  Location     Type
  1935 ;;  s               1   60[COMRAM] PTR unsigned char 
  1936 ;;		 -> main@line2(21), main@line1(21), 
  1937 ;;  fmt             1   61[COMRAM] PTR const unsigned char 
  1938 ;;		 -> STR_6(18), STR_5(18), STR_4(19), STR_3(19), 
  1939 ;;		 -> STR_2(19), STR_1(19), 
  1940 ;; Auto vars:     Size  Location     Type
  1941 ;;  f              11   71[COMRAM] struct _IO_FILE
  1942 ;;  ret             2    0        int 
  1943 ;;  ap              1   70[COMRAM] PTR void [1]
  1944 ;;		 -> ?_sprintf(2), 
  1945 ;; Return value:  Size  Location     Type
  1946 ;;                  2   60[COMRAM] int 
  1947 ;; Registers used:
  1948 ;;		wreg, fsr1l, fsr1h, fsr2l, fsr2h, status,2, status,0, tblptrl, tblptrh, tblptru, prodl, prodh, cstack
  1949 ;; Tracked objects:
  1950 ;;		On entry : 0/0
  1951 ;;		On exit  : 0/0
  1952 ;;		Unchanged: 0/0
  1953 ;; Data sizes:     COMRAM   BANK0   BANK1   BANK2   BANK3   BANK4   BANK5   BANK6   BANK7   BANK8   BANK9  BANK10  BANK1
      +1  BANK12  BANK13  BANK14  BANK15  BANK16  BANK17  BANK18  BANK19  BANK20  BANK21  BANK22  BANK23  BANK24  BANK25  BANK2
      +6  BANK27  BANK28  BANK29  BANK30  BANK31
  1954 ;;      Params:        10       0       0       0       0       0       0       0       0       0       0       0       
      +0       0       0       0       0       0       0       0       0       0       0       0       0       0       0       
      +0       0       0       0       0       0
  1955 ;;      Locals:        12       0       0       0       0       0       0       0       0       0       0       0       
      +0       0       0       0       0       0       0       0       0       0       0       0       0       0       0       
      +0       0       0       0       0       0
  1956 ;;      Temps:          0       0       0       0       0       0       0       0       0       0       0       0       
      +0       0       0       0       0       0       0       0       0       0       0       0       0       0       0       
      +0       0       0       0       0       0
  1957 ;;      Totals:        22       0       0       0       0       0       0       0       0       0       0       0       
      +0       0       0       0       0       0       0       0       0       0       0       0       0       0       0       
      +0       0       0       0       0       0
  1958 ;;Total ram usage:       22 bytes
  1959 ;; Hardware stack levels used: 1
  1960 ;; Hardware stack levels required when called: 3
  1961 ;; This function calls:
  1962 ;;		_vfprintf
  1963 ;; This function is called by:
  1964 ;;		_main
  1965 ;;		_format_accel
  1966 ;; This function uses a non-reentrant model
  1967 ;;
  1968                           
  1969                           	psect	text2
  1970   002EC4                     __ptext2:
  1971                           	callstack 0
  1972   002EC4                     _sprintf:
  1973                           	callstack 26
  1974   002EC4  0E3F               	movlw	low (?_sprintf+2)
  1975   002EC6  6E47               	movwf	sprintf@ap^0,c
  1976   002EC8  C03D  F048         	movff	sprintf@s,sprintf@f
  1977   002ECC  6A4B               	clrf	(sprintf@f+3)^0,c
  1978   002ECE  0E00               	movlw	0
  1979   002ED0  6E4A               	movwf	(sprintf@f+2)^0,c
  1980   002ED2  6A52               	clrf	(sprintf@f+10)^0,c
  1981   002ED4  0E00               	movlw	0
  1982   002ED6  6E51               	movwf	(sprintf@f+9)^0,c
  1983   002ED8  0E48               	movlw	low sprintf@f
  1984   002EDA  6E39               	movwf	vfprintf@fp^0,c
  1985   002EDC  C03E  F03A         	movff	sprintf@fmt,vfprintf@fmt
  1986   002EE0  0E47               	movlw	low sprintf@ap
  1987   002EE2  6E3B               	movwf	vfprintf@ap^0,c
  1988   002EE4  ECF1  F016         	call	_vfprintf	;wreg free
  1989   002EE8  503D               	movf	sprintf@s^0,w,c
  1990   002EEA  244A               	addwf	(sprintf@f+2)^0,w,c
  1991   002EEC  6ED9               	movwf	fsr2l,c
  1992   002EEE  6ADA               	clrf	fsr2h,c
  1993   002EF0  6ADF               	clrf	indf2,c
  1994   002EF2  0012               	return		;funcret
  1995   002EF4                     __end_of_sprintf:
  1996                           	callstack 0
  1997                           
  1998 ;; *************** function _vfprintf *****************
  1999 ;; Defined at:
  2000 ;;		line 1817 in file "C:\Program Files\Microchip\xc8\v3.10\pic\sources\c99\common\doprnt.c"
  2001 ;; Parameters:    Size  Location     Type
  2002 ;;  fp              1   56[COMRAM] PTR struct _IO_FILE
  2003 ;;		 -> sprintf@f(11), 
  2004 ;;  fmt             1   57[COMRAM] PTR const unsigned char 
  2005 ;;		 -> STR_6(18), STR_5(18), STR_4(19), STR_3(19), 
  2006 ;;		 -> STR_2(19), STR_1(19), 
  2007 ;;  ap              1   58[COMRAM] PTR PTR void 
  2008 ;;		 -> sprintf@ap(1), 
  2009 ;; Auto vars:     Size  Location     Type
  2010 ;;  cfmt            1   59[COMRAM] PTR unsigned char 
  2011 ;;		 -> STR_6(18), STR_5(18), STR_4(19), STR_3(19), 
  2012 ;;		 -> STR_2(19), STR_1(19), 
  2013 ;; Return value:  Size  Location     Type
  2014 ;;                  2   56[COMRAM] int 
  2015 ;; Registers used:
  2016 ;;		wreg, fsr1l, fsr1h, fsr2l, fsr2h, status,2, status,0, tblptrl, tblptrh, tblptru, prodl, prodh, cstack
  2017 ;; Tracked objects:
  2018 ;;		On entry : 0/0
  2019 ;;		On exit  : 0/0
  2020 ;;		Unchanged: 0/0
  2021 ;; Data sizes:     COMRAM   BANK0   BANK1   BANK2   BANK3   BANK4   BANK5   BANK6   BANK7   BANK8   BANK9  BANK10  BANK1
      +1  BANK12  BANK13  BANK14  BANK15  BANK16  BANK17  BANK18  BANK19  BANK20  BANK21  BANK22  BANK23  BANK24  BANK25  BANK2
      +6  BANK27  BANK28  BANK29  BANK30  BANK31
  2022 ;;      Params:         3       0       0       0       0       0       0       0       0       0       0       0       
      +0       0       0       0       0       0       0       0       0       0       0       0       0       0       0       
      +0       0       0       0       0       0
  2023 ;;      Locals:         1       0       0       0       0       0       0       0       0       0       0       0       
      +0       0       0       0       0       0       0       0       0       0       0       0       0       0       0       
      +0       0       0       0       0       0
  2024 ;;      Temps:          0       0       0       0       0       0       0       0       0       0       0       0       
      +0       0       0       0       0       0       0       0       0       0       0       0       0       0       0       
      +0       0       0       0       0       0
  2025 ;;      Totals:         4       0       0       0       0       0       0       0       0       0       0       0       
      +0       0       0       0       0       0       0       0       0       0       0       0       0       0       0       
      +0       0       0       0       0       0
  2026 ;;Total ram usage:        4 bytes
  2027 ;; Hardware stack levels used: 1
  2028 ;; Hardware stack levels required when called: 8
  2029 ;; This function calls:
  2030 ;;		_vfpfcnvrt
  2031 ;; This function is called by:
  2032 ;;		_sprintf
  2033 ;; This function uses a non-reentrant model
  2034 ;;
  2035                           
  2036                           	psect	text3
  2037   002DE2                     __ptext3:
  2038                           	callstack 0
  2039   002DE2                     _vfprintf:
  2040                           	callstack 20
  2041   002DE2                     
  2042                           ;C:\Program Files\Microchip\xc8\v3.10\pic\sources\c99\common\doprnt.c: 1817: int vfprint
      +                          f(FILE *fp, const char *fmt, va_list ap);C:\Program Files\Microchip\xc8\v3.10\pic\source
      +                          s\c99\common\doprnt.c: 1818: {;C:\Program Files\Microchip\xc8\v3.10\pic\sources\c99\comm
      +                          on\doprnt.c: 1820:     char *cfmt;;C:\Program Files\Microchip\xc8\v3.10\pic\sources\c99\
      +                          common\doprnt.c: 1822:     cfmt = (char *)fmt;
  2043   002DE2  C03A  F03C         	movff	vfprintf@fmt,vfprintf@cfmt
  2044                           
  2045                           ;C:\Program Files\Microchip\xc8\v3.10\pic\sources\c99\common\doprnt.c: 1826:     while (
      +                          *cfmt) {
  2046   002DE6  EFFD  F016         	goto	l1953
  2047   002DEA                     l1951:
  2048                           
  2049                           ;C:\Program Files\Microchip\xc8\v3.10\pic\sources\c99\common\doprnt.c: 1830:    vfpfcnvr
      +                          t(fp, &cfmt, ap);
  2050   002DEA  C039  F02F         	movff	vfprintf@fp,vfpfcnvrt@fp
  2051   002DEE  0E3C               	movlw	low vfprintf@cfmt
  2052   002DF0  6E30               	movwf	vfpfcnvrt@fmt^0,c
  2053   002DF2  C03B  F031         	movff	vfprintf@ap,vfpfcnvrt@ap
  2054   002DF6  EC39  F010         	call	_vfpfcnvrt	;wreg free
  2055   002DFA                     l1953:
  2056                           
  2057                           ;C:\Program Files\Microchip\xc8\v3.10\pic\sources\c99\common\doprnt.c: 1826:     while (
      +                          *cfmt) {
  2058   002DFA  0060  F0F3  FFF6   	movff	vfprintf@cfmt,tblptrl
  2059   002E00                     	if	1	;There is more than 1 active tblptr byte
  2060   002E00  0E20               	movlw	high __smallconst
  2061   002E02  6EF7               	movwf	tblptrh,c
  2062   002E04                     	endif
  2063   002E04                     	if	0	;tblptru may be non-zero
  2064   002E04                     	endif
  2065   002E04                     	if	1	;Program memory is > 0xFFFF, there are 3 active tblptr bytes
  2066   002E04  0E00               	movlw	low (__smallconst shr (0+16))
  2067   002E06  6EF8               	movwf	tblptru,c
  2068   002E08                     	endif
  2069   002E08  0008               	tblrd		*
  2070   002E0A  50F5               	movf	tablat,w,c
  2071   002E0C  0900               	iorlw	0
  2072   002E0E  A4D8               	btfss	status,2,c
  2073   002E10  EF0C  F017         	goto	u1021
  2074   002E14  EF0E  F017         	goto	u1020
  2075   002E18                     u1021:
  2076   002E18  EFF5  F016         	goto	l1951
  2077   002E1C                     u1020:
  2078   002E1C                     
  2079                           ;C:\Program Files\Microchip\xc8\v3.10\pic\sources\c99\common\doprnt.c: 1835:  return 0;
  2080   002E1C  6A3A               	clrf	(?_vfprintf+1)^0,c
  2081   002E1E  0E00               	movlw	0
  2082   002E20  6E39               	movwf	?_vfprintf^0,c
  2083   002E22  0012               	return		;funcret
  2084   002E24                     __end_of_vfprintf:
  2085                           	callstack 0
  2086                           
  2087 ;; *************** function _vfpfcnvrt *****************
  2088 ;; Defined at:
  2089 ;;		line 1177 in file "C:\Program Files\Microchip\xc8\v3.10\pic\sources\c99\common\doprnt.c"
  2090 ;; Parameters:    Size  Location     Type
  2091 ;;  fp              1   46[COMRAM] PTR struct _IO_FILE
  2092 ;;		 -> sprintf@f(11), 
  2093 ;;  fmt             1   47[COMRAM] PTR PTR unsigned char 
  2094 ;;		 -> vfprintf@cfmt(1), 
  2095 ;;  ap              1   48[COMRAM] PTR PTR void 
  2096 ;;		 -> sprintf@ap(1), 
  2097 ;; Auto vars:     Size  Location     Type
  2098 ;;  convarg         4   49[COMRAM] struct .
  2099 ;;  cp              1   55[COMRAM] PTR unsigned char 
  2100 ;;		 -> STR_6(18), STR_5(18), STR_4(19), STR_3(19), 
  2101 ;;		 -> STR_2(19), STR_1(19), 
  2102 ;;  c               1   54[COMRAM] unsigned char 
  2103 ;;  done            1   53[COMRAM] _Bool 
  2104 ;; Return value:  Size  Location     Type
  2105 ;;                  1    wreg      void 
  2106 ;; Registers used:
  2107 ;;		wreg, fsr1l, fsr1h, fsr2l, fsr2h, status,2, status,0, tblptrl, tblptrh, tblptru, prodl, prodh, cstack
  2108 ;; Tracked objects:
  2109 ;;		On entry : 0/0
  2110 ;;		On exit  : 0/0
  2111 ;;		Unchanged: 0/0
  2112 ;; Data sizes:     COMRAM   BANK0   BANK1   BANK2   BANK3   BANK4   BANK5   BANK6   BANK7   BANK8   BANK9  BANK10  BANK1
      +1  BANK12  BANK13  BANK14  BANK15  BANK16  BANK17  BANK18  BANK19  BANK20  BANK21  BANK22  BANK23  BANK24  BANK25  BANK2
      +6  BANK27  BANK28  BANK29  BANK30  BANK31
  2113 ;;      Params:         3       0       0       0       0       0       0       0       0       0       0       0       
      +0       0       0       0       0       0       0       0       0       0       0       0       0       0       0       
      +0       0       0       0       0       0
  2114 ;;      Locals:         7       0       0       0       0       0       0       0       0       0       0       0       
      +0       0       0       0       0       0       0       0       0       0       0       0       0       0       0       
      +0       0       0       0       0       0
  2115 ;;      Temps:          0       0       0       0       0       0       0       0       0       0       0       0       
      +0       0       0       0       0       0       0       0       0       0       0       0       0       0       0       
      +0       0       0       0       0       0
  2116 ;;      Totals:        10       0       0       0       0       0       0       0       0       0       0       0       
      +0       0       0       0       0       0       0       0       0       0       0       0       0       0       0       
      +0       0       0       0       0       0
  2117 ;;Total ram usage:       10 bytes
  2118 ;; Hardware stack levels used: 1
  2119 ;; Hardware stack levels required when called: 7
  2120 ;; This function calls:
  2121 ;;		_dtoa
  2122 ;;		_fputc
  2123 ;;		_read_prec_or_width
  2124 ;; This function is called by:
  2125 ;;		_vfprintf
  2126 ;; This function uses a non-reentrant model
  2127 ;;
  2128                           
  2129                           	psect	text4
  2130   002072                     __ptext4:
  2131                           	callstack 0
  2132   002072                     _vfpfcnvrt:
  2133                           	callstack 20
  2134   002072                     
  2135                           ;C:\Program Files\Microchip\xc8\v3.10\pic\sources\c99\common\doprnt.c: 1177: vfpfcnvrt(F
      +                          ILE *fp, char *fmt[], va_list ap);C:\Program Files\Microchip\xc8\v3.10\pic\sources\c99\c
      +                          ommon\doprnt.c: 1178: {;C:\Program Files\Microchip\xc8\v3.10\pic\sources\c99\common\dopr
      +                          nt.c: 1179:     char c, *cp;;C:\Program Files\Microchip\xc8\v3.10\pic\sources\c99\common
      +                          \doprnt.c: 1180:     _Bool done;;C:\Program Files\Microchip\xc8\v3.10\pic\sources\c99\co
      +                          mmon\doprnt.c: 1188:  } convarg;;C:\Program Files\Microchip\xc8\v3.10\pic\sources\c99\co
      +                          mmon\doprnt.c: 1201:     if ((*fmt)[0] == '%') {
  2136   002072  5030               	movf	vfpfcnvrt@fmt^0,w,c
  2137   002074  6ED9               	movwf	fsr2l,c
  2138   002076  6ADA               	clrf	fsr2h,c
  2139   002078  006F FF7F FFF6     	movff	indf2,tblptrl
  2140   00207E                     	if	1	;There is more than 1 active tblptr byte
  2141   00207E  0E20               	movlw	high __smallconst
  2142   002080  6EF7               	movwf	tblptrh,c
  2143   002082                     	endif
  2144   002082                     	if	0	;tblptru may be non-zero
  2145   002082                     	endif
  2146   002082                     	if	1	;Program memory is > 0xFFFF, there are 3 active tblptr bytes
  2147   002082  0E00               	movlw	low (__smallconst shr (0+16))
  2148   002084  6EF8               	movwf	tblptru,c
  2149   002086                     	endif
  2150   002086  0008               	tblrd		*
  2151   002088  50F5               	movf	tablat,w,c
  2152   00208A  0A25               	xorlw	37
  2153   00208C  A4D8               	btfss	status,2,c
  2154   00208E  EF4B  F010         	goto	u951
  2155   002092  EF4D  F010         	goto	u950
  2156   002096                     u951:
  2157   002096  EF34  F011         	goto	l1889
  2158   00209A                     u950:
  2159   00209A                     
  2160                           ;C:\Program Files\Microchip\xc8\v3.10\pic\sources\c99\common\doprnt.c: 1202:         ++*
      +                          fmt;
  2161   00209A  5030               	movf	vfpfcnvrt@fmt^0,w,c
  2162   00209C  6ED9               	movwf	fsr2l,c
  2163   00209E  6ADA               	clrf	fsr2h,c
  2164   0020A0  2ADF               	incf	indf2,f,c
  2165   0020A2                     
  2166                           ;C:\Program Files\Microchip\xc8\v3.10\pic\sources\c99\common\doprnt.c: 1204:         fla
      +                          gs = width = 0;
  2167   0020A2  6A54               	clrf	(_width+1)^0,c
  2168   0020A4  0E00               	movlw	0
  2169   0020A6  6E53               	movwf	_width^0,c
  2170   0020A8  C053  F057         	movff	_width,_flags
  2171   0020AC                     
  2172                           ;C:\Program Files\Microchip\xc8\v3.10\pic\sources\c99\common\doprnt.c: 1205:         pre
      +                          c = -1;
  2173   0020AC  6855               	setf	_prec^0,c
  2174   0020AE  6856               	setf	(_prec+1)^0,c
  2175   0020B0                     
  2176                           ;C:\Program Files\Microchip\xc8\v3.10\pic\sources\c99\common\doprnt.c: 1209:         don
      +                          e = 0;
  2177   0020B0  6A36               	clrf	vfpfcnvrt@done^0,c
  2178                           
  2179                           ;C:\Program Files\Microchip\xc8\v3.10\pic\sources\c99\common\doprnt.c: 1210:         whi
      +                          le (!done) {
  2180   0020B2  EF78  F010         	goto	l1847
  2181   0020B6                     l1837:
  2182                           
  2183                           ;C:\Program Files\Microchip\xc8\v3.10\pic\sources\c99\common\doprnt.c: 1220:            
      +                                   flags |= (1 << 1);
  2184   0020B6  8257               	bsf	_flags^0,1,c
  2185   0020B8                     
  2186                           ;C:\Program Files\Microchip\xc8\v3.10\pic\sources\c99\common\doprnt.c: 1221:            
      +                                   ++*fmt;
  2187   0020B8  5030               	movf	vfpfcnvrt@fmt^0,w,c
  2188   0020BA  6ED9               	movwf	fsr2l,c
  2189   0020BC  6ADA               	clrf	fsr2h,c
  2190   0020BE  2ADF               	incf	indf2,f,c
  2191                           
  2192                           ;C:\Program Files\Microchip\xc8\v3.10\pic\sources\c99\common\doprnt.c: 1222:            
      +                                   break;
  2193   0020C0  EF78  F010         	goto	l1847
  2194   0020C4                     l1841:
  2195                           
  2196                           ;C:\Program Files\Microchip\xc8\v3.10\pic\sources\c99\common\doprnt.c: 1243:            
      +                                   done = 1;
  2197   0020C4  0E01               	movlw	1
  2198   0020C6  6E36               	movwf	vfpfcnvrt@done^0,c
  2199                           
  2200                           ;C:\Program Files\Microchip\xc8\v3.10\pic\sources\c99\common\doprnt.c: 1244:            
      +                                   break;
  2201   0020C8  EF78  F010         	goto	l1847
  2202   0020CC                     l1845:
  2203   0020CC  5030               	movf	vfpfcnvrt@fmt^0,w,c
  2204   0020CE  6ED9               	movwf	fsr2l,c
  2205   0020D0  6ADA               	clrf	fsr2h,c
  2206   0020D2  006F FF7F FFF6     	movff	indf2,tblptrl
  2207   0020D8                     	if	1	;There is more than 1 active tblptr byte
  2208   0020D8  0E20               	movlw	high __smallconst
  2209   0020DA  6EF7               	movwf	tblptrh,c
  2210   0020DC                     	endif
  2211   0020DC                     	if	0	;tblptru may be non-zero
  2212   0020DC                     	endif
  2213   0020DC                     	if	1	;Program memory is > 0xFFFF, there are 3 active tblptr bytes
  2214   0020DC  0E00               	movlw	low (__smallconst shr (0+16))
  2215   0020DE  6EF8               	movwf	tblptru,c
  2216   0020E0                     	endif
  2217   0020E0  0008               	tblrd		*
  2218   0020E2  50F5               	movf	tablat,w,c
  2219                           
  2220                           ; Switch size 1, requested type "simple"
  2221                           ; Number of cases is 1, Range of values is 48 to 48
  2222                           ; switch strategies available:
  2223                           ; Name         Instructions Cycles
  2224                           ; simple_byte            4     3 (average)
  2225                           ;	Chosen strategy is simple_byte
  2226   0020E4  0A30               	xorlw	48	; case 48
  2227   0020E6  B4D8               	btfsc	status,2,c
  2228   0020E8  EF5B  F010         	goto	l1837
  2229   0020EC  EF62  F010         	goto	l1841
  2230   0020F0                     l1847:
  2231                           
  2232                           ;C:\Program Files\Microchip\xc8\v3.10\pic\sources\c99\common\doprnt.c: 1210:         whi
      +                          le (!done) {
  2233   0020F0  5036               	movf	vfpfcnvrt@done^0,w,c
  2234   0020F2  B4D8               	btfsc	status,2,c
  2235   0020F4  EF7E  F010         	goto	u961
  2236   0020F8  EF80  F010         	goto	u960
  2237   0020FC                     u961:
  2238   0020FC  EF66  F010         	goto	l1845
  2239   002100                     u960:
  2240   002100                     
  2241                           ;C:\Program Files\Microchip\xc8\v3.10\pic\sources\c99\common\doprnt.c: 1256:   width = r
      +                          ead_prec_or_width(fmt, ap);
  2242   002100  C030  F008         	movff	vfpfcnvrt@fmt,read_prec_or_width@fmt
  2243   002104  C031  F009         	movff	vfpfcnvrt@ap,read_prec_or_width@ap
  2244   002108  EC99  F014         	call	_read_prec_or_width	;wreg free
  2245   00210C  C008  F053         	movff	?_read_prec_or_width,_width
  2246   002110  C009  F054         	movff	?_read_prec_or_width+1,_width+1
  2247   002114                     
  2248                           ;C:\Program Files\Microchip\xc8\v3.10\pic\sources\c99\common\doprnt.c: 1257:   if (width
      +                           < 0) {
  2249   002114  BE54               	btfsc	(_width+1)^0,7,c
  2250   002116  EF91  F010         	goto	u970
  2251   00211A  EF8F  F010         	goto	u971
  2252   00211E                     u971:
  2253   00211E  EF96  F010         	goto	l1855
  2254   002122                     u970:
  2255   002122                     
  2256                           ;C:\Program Files\Microchip\xc8\v3.10\pic\sources\c99\common\doprnt.c: 1258:    flags |=
      +                           (1 << 0);
  2257   002122  8057               	bsf	_flags^0,0,c
  2258                           
  2259                           ;C:\Program Files\Microchip\xc8\v3.10\pic\sources\c99\common\doprnt.c: 1259:    width = 
      +                          -width;
  2260   002124  6C53               	negf	_width^0,c
  2261   002126  1E54               	comf	(_width+1)^0,f,c
  2262   002128  B0D8               	btfsc	status,0,c
  2263   00212A  2A54               	incf	(_width+1)^0,f,c
  2264   00212C                     l1855:
  2265                           
  2266                           ;C:\Program Files\Microchip\xc8\v3.10\pic\sources\c99\common\doprnt.c: 1291:   cp = *fmt
      +                          ;
  2267   00212C  5030               	movf	vfpfcnvrt@fmt^0,w,c
  2268   00212E  6ED9               	movwf	fsr2l,c
  2269   002130  6ADA               	clrf	fsr2h,c
  2270   002132  50DF               	movf	indf2,w,c
  2271   002134  6E38               	movwf	vfpfcnvrt@cp^0,c
  2272   002136                     
  2273                           ;C:\Program Files\Microchip\xc8\v3.10\pic\sources\c99\common\doprnt.c: 1293:   c = *cp;
  2274   002136  0060  F0E3  FFF6   	movff	vfpfcnvrt@cp,tblptrl
  2275   00213C                     	if	1	;There is more than 1 active tblptr byte
  2276   00213C  0E20               	movlw	high __smallconst
  2277   00213E  6EF7               	movwf	tblptrh,c
  2278   002140                     	endif
  2279   002140                     	if	0	;tblptru may be non-zero
  2280   002140                     	endif
  2281   002140                     	if	1	;Program memory is > 0xFFFF, there are 3 active tblptr bytes
  2282   002140  0E00               	movlw	low (__smallconst shr (0+16))
  2283   002142  6EF8               	movwf	tblptru,c
  2284   002144                     	endif
  2285   002144  0008               	tblrd		*
  2286   002146  006F FFD4  F037    	movff	tablat,vfpfcnvrt@c
  2287                           
  2288                           ;C:\Program Files\Microchip\xc8\v3.10\pic\sources\c99\common\doprnt.c: 1294:   switch(c)
      +                           {
  2289   00214C  EFB2  F010         	goto	l1865
  2290   002150                     l1859:
  2291                           
  2292                           ;C:\Program Files\Microchip\xc8\v3.10\pic\sources\c99\common\doprnt.c: 1309:     cp++;
  2293   002150  2A38               	incf	vfpfcnvrt@cp^0,f,c
  2294                           
  2295                           ;C:\Program Files\Microchip\xc8\v3.10\pic\sources\c99\common\doprnt.c: 1316:     break;
  2296   002152  EFC1  F010         	goto	l1867
  2297   002156                     l1861:
  2298                           
  2299                           ;C:\Program Files\Microchip\xc8\v3.10\pic\sources\c99\common\doprnt.c: 1350:     c = 'i'
      +                          ;
  2300   002156  0E69               	movlw	105
  2301   002158  6E37               	movwf	vfpfcnvrt@c^0,c
  2302                           
  2303                           ;C:\Program Files\Microchip\xc8\v3.10\pic\sources\c99\common\doprnt.c: 1351:     break;
  2304   00215A  EFC1  F010         	goto	l1867
  2305   00215E                     l1011:
  2306                           
  2307                           ;C:\Program Files\Microchip\xc8\v3.10\pic\sources\c99\common\doprnt.c: 1353:     c = 0;
  2308   00215E  6A37               	clrf	vfpfcnvrt@c^0,c
  2309                           
  2310                           ;C:\Program Files\Microchip\xc8\v3.10\pic\sources\c99\common\doprnt.c: 1354:     break;
  2311   002160  EFC1  F010         	goto	l1867
  2312   002164                     l1865:
  2313   002164  5037               	movf	vfpfcnvrt@c^0,w,c
  2314                           
  2315                           ; Switch size 1, requested type "simple"
  2316                           ; Number of cases is 3, Range of values is 100 to 108
  2317                           ; switch strategies available:
  2318                           ; Name         Instructions Cycles
  2319                           ; simple_byte           10     6 (average)
  2320                           ;	Chosen strategy is simple_byte
  2321   002166  0A64               	xorlw	100	; case 100
  2322   002168  B4D8               	btfsc	status,2,c
  2323   00216A  EFAB  F010         	goto	l1861
  2324   00216E  0A0D               	xorlw	13	; case 105
  2325   002170  B4D8               	btfsc	status,2,c
  2326   002172  EFAB  F010         	goto	l1861
  2327   002176  0A05               	xorlw	5	; case 108
  2328   002178  B4D8               	btfsc	status,2,c
  2329   00217A  EFA8  F010         	goto	l1859
  2330   00217E  EFAF  F010         	goto	l1011
  2331   002182                     l1867:
  2332                           
  2333                           ;C:\Program Files\Microchip\xc8\v3.10\pic\sources\c99\common\doprnt.c: 1361:   if (*cp =
      +                          = 'd' || *cp == 'i') {
  2334   002182  0060  F0E3  FFF6   	movff	vfpfcnvrt@cp,tblptrl
  2335   002188                     	if	1	;There is more than 1 active tblptr byte
  2336   002188  0E20               	movlw	high __smallconst
  2337   00218A  6EF7               	movwf	tblptrh,c
  2338   00218C                     	endif
  2339   00218C                     	if	0	;tblptru may be non-zero
  2340   00218C                     	endif
  2341   00218C                     	if	1	;Program memory is > 0xFFFF, there are 3 active tblptr bytes
  2342   00218C  0E00               	movlw	low (__smallconst shr (0+16))
  2343   00218E  6EF8               	movwf	tblptru,c
  2344   002190                     	endif
  2345   002190  0008               	tblrd		*
  2346   002192  50F5               	movf	tablat,w,c
  2347   002194  0A64               	xorlw	100
  2348   002196  B4D8               	btfsc	status,2,c
  2349   002198  EFD0  F010         	goto	u981
  2350   00219C  EFD2  F010         	goto	u980
  2351   0021A0                     u981:
  2352   0021A0  EF10  F011         	goto	l1877
  2353   0021A4                     u980:
  2354   0021A4  0060  F0E3  FFF6   	movff	vfpfcnvrt@cp,tblptrl
  2355   0021AA                     	if	1	;There is more than 1 active tblptr byte
  2356   0021AA  0E20               	movlw	high __smallconst
  2357   0021AC  6EF7               	movwf	tblptrh,c
  2358   0021AE                     	endif
  2359   0021AE                     	if	0	;tblptru may be non-zero
  2360   0021AE                     	endif
  2361   0021AE                     	if	1	;Program memory is > 0xFFFF, there are 3 active tblptr bytes
  2362   0021AE  0E00               	movlw	low (__smallconst shr (0+16))
  2363   0021B0  6EF8               	movwf	tblptru,c
  2364   0021B2                     	endif
  2365   0021B2  0008               	tblrd		*
  2366   0021B4  50F5               	movf	tablat,w,c
  2367   0021B6  0A69               	xorlw	105
  2368   0021B8  A4D8               	btfss	status,2,c
  2369   0021BA  EFE1  F010         	goto	u991
  2370   0021BE  EFE3  F010         	goto	u990
  2371   0021C2                     u991:
  2372   0021C2  EF2E  F011         	goto	l1885
  2373   0021C6                     u990:
  2374   0021C6  EF10  F011         	goto	l1877
  2375   0021CA                     l1871:
  2376                           
  2377                           ;C:\Program Files\Microchip\xc8\v3.10\pic\sources\c99\common\doprnt.c: 1365:      convar
      +                          g.sint = (vfpf_sint_t)(int)(*(int *)__va_arg(*(int **)ap, (int)0));
  2378   0021CA  5031               	movf	vfpfcnvrt@ap^0,w,c
  2379   0021CC  6ED9               	movwf	fsr2l,c
  2380   0021CE  6ADA               	clrf	fsr2h,c
  2381   0021D0  50DF               	movf	indf2,w,c
  2382   0021D2  2ADF               	incf	indf2,f,c
  2383   0021D4  2ADF               	incf	indf2,f,c
  2384   0021D6  6ED9               	movwf	fsr2l,c
  2385   0021D8  6ADA               	clrf	fsr2h,c
  2386   0021DA  006F FF78  F032    	movff	postinc2,vfpfcnvrt@convarg
  2387   0021E0  006F FF74  F033    	movff	postdec2,vfpfcnvrt@convarg+1
  2388   0021E6  0E00               	movlw	0
  2389   0021E8  BE33               	btfsc	(vfpfcnvrt@convarg+1)^0,7,c
  2390   0021EA  0EFF               	movlw	-1
  2391   0021EC  6E34               	movwf	(vfpfcnvrt@convarg+2)^0,c
  2392   0021EE  6E35               	movwf	(vfpfcnvrt@convarg+3)^0,c
  2393                           
  2394                           ;C:\Program Files\Microchip\xc8\v3.10\pic\sources\c99\common\doprnt.c: 1366:      break;
  2395   0021F0  EF1B  F011         	goto	l1879
  2396   0021F4                     l1873:
  2397                           
  2398                           ;C:\Program Files\Microchip\xc8\v3.10\pic\sources\c99\common\doprnt.c: 1379:      convar
      +                          g.sint = (vfpf_sint_t)(*(long *)__va_arg(*(long **)ap, (long)0));
  2399   0021F4  5031               	movf	vfpfcnvrt@ap^0,w,c
  2400   0021F6  6ED9               	movwf	fsr2l,c
  2401   0021F8  6ADA               	clrf	fsr2h,c
  2402   0021FA  0E04               	movlw	4
  2403   0021FC  26DF               	addwf	indf2,f,c
  2404   0021FE  5CDF               	subwf	indf2,w,c
  2405   002200  6ED9               	movwf	fsr2l,c
  2406   002202  6ADA               	clrf	fsr2h,c
  2407   002204  006F FF78  F032    	movff	postinc2,vfpfcnvrt@convarg
  2408   00220A  006F FF78  F033    	movff	postinc2,vfpfcnvrt@convarg+1
  2409   002210  006F FF78  F034    	movff	postinc2,vfpfcnvrt@convarg+2
  2410   002216  006F FF78  F035    	movff	postinc2,vfpfcnvrt@convarg+3
  2411                           
  2412                           ;C:\Program Files\Microchip\xc8\v3.10\pic\sources\c99\common\doprnt.c: 1380:      break;
  2413   00221C  EF1B  F011         	goto	l1879
  2414   002220                     l1877:
  2415   002220  5037               	movf	vfpfcnvrt@c^0,w,c
  2416                           
  2417                           ; Switch size 1, requested type "simple"
  2418                           ; Number of cases is 2, Range of values is 105 to 108
  2419                           ; switch strategies available:
  2420                           ; Name         Instructions Cycles
  2421                           ; simple_byte            7     4 (average)
  2422                           ;	Chosen strategy is simple_byte
  2423   002222  0A69               	xorlw	105	; case 105
  2424   002224  B4D8               	btfsc	status,2,c
  2425   002226  EFE5  F010         	goto	l1871
  2426   00222A  0A05               	xorlw	5	; case 108
  2427   00222C  B4D8               	btfsc	status,2,c
  2428   00222E  EFFA  F010         	goto	l1873
  2429   002232  EF1B  F011         	goto	l1879
  2430   002236                     l1879:
  2431                           
  2432                           ;C:\Program Files\Microchip\xc8\v3.10\pic\sources\c99\common\doprnt.c: 1406:    *fmt = c
      +                          p+1;
  2433   002236  5030               	movf	vfpfcnvrt@fmt^0,w,c
  2434   002238  6ED9               	movwf	fsr2l,c
  2435   00223A  6ADA               	clrf	fsr2h,c
  2436   00223C  2838               	incf	vfpfcnvrt@cp^0,w,c
  2437   00223E  6EDF               	movwf	indf2,c
  2438   002240                     
  2439                           ;C:\Program Files\Microchip\xc8\v3.10\pic\sources\c99\common\doprnt.c: 1432:    return (
      +                          void) dtoa(fp, convarg.sint);;	Return value of _vfpfcnvrt is never used
  2440   002240  C02F  F022         	movff	vfpfcnvrt@fp,dtoa@fp
  2441   002244  C032  F023         	movff	vfpfcnvrt@convarg,dtoa@d
  2442   002248  C033  F024         	movff	vfpfcnvrt@convarg+1,dtoa@d+1
  2443   00224C  C034  F025         	movff	vfpfcnvrt@convarg+2,dtoa@d+2
  2444   002250  C035  F026         	movff	vfpfcnvrt@convarg+3,dtoa@d+3
  2445   002254  EC32  F012         	call	_dtoa	;wreg free
  2446   002258  EF48  F011         	goto	l1019
  2447   00225C                     l1885:
  2448                           
  2449                           ;C:\Program Files\Microchip\xc8\v3.10\pic\sources\c99\common\doprnt.c: 1806:         ++*
      +                          fmt;
  2450   00225C  5030               	movf	vfpfcnvrt@fmt^0,w,c
  2451   00225E  6ED9               	movwf	fsr2l,c
  2452   002260  6ADA               	clrf	fsr2h,c
  2453   002262  2ADF               	incf	indf2,f,c
  2454   002264  EF48  F011         	goto	l1019
  2455   002268                     l1889:
  2456                           
  2457                           ;C:\Program Files\Microchip\xc8\v3.10\pic\sources\c99\common\doprnt.c: 1811:     fputc((
      +                          int)(*fmt)[0], fp);
  2458   002268  5030               	movf	vfpfcnvrt@fmt^0,w,c
  2459   00226A  6ED9               	movwf	fsr2l,c
  2460   00226C  6ADA               	clrf	fsr2h,c
  2461   00226E  006F FF7F FFF6     	movff	indf2,tblptrl
  2462   002274                     	if	1	;There is more than 1 active tblptr byte
  2463   002274  0E20               	movlw	high __smallconst
  2464   002276  6EF7               	movwf	tblptrh,c
  2465   002278                     	endif
  2466   002278                     	if	0	;tblptru may be non-zero
  2467   002278                     	endif
  2468   002278                     	if	1	;Program memory is > 0xFFFF, there are 3 active tblptr bytes
  2469   002278  0E00               	movlw	low (__smallconst shr (0+16))
  2470   00227A  6EF8               	movwf	tblptru,c
  2471   00227C                     	endif
  2472   00227C  0008               	tblrd		*
  2473   00227E  50F5               	movf	tablat,w,c
  2474   002280  6E08               	movwf	fputc@c^0,c
  2475   002282  6A09               	clrf	(fputc@c+1)^0,c
  2476   002284  C02F  F00A         	movff	vfpfcnvrt@fp,fputc@fp
  2477   002288  ECF4  F014         	call	_fputc	;wreg free
  2478   00228C  EF2E  F011         	goto	l1885
  2479   002290                     l1019:
  2480   002290  0012               	return		;funcret
  2481   002292                     __end_of_vfpfcnvrt:
  2482                           	callstack 0
  2483                           
  2484 ;; *************** function _read_prec_or_width *****************
  2485 ;; Defined at:
  2486 ;;		line 1158 in file "C:\Program Files\Microchip\xc8\v3.10\pic\sources\c99\common\doprnt.c"
  2487 ;; Parameters:    Size  Location     Type
  2488 ;;  fmt             1    7[COMRAM] PTR PTR const unsigned c
  2489 ;;		 -> vfprintf@cfmt(1), 
  2490 ;;  ap              1    8[COMRAM] PTR PTR void [1]
  2491 ;;		 -> sprintf@ap(1), 
  2492 ;; Auto vars:     Size  Location     Type
  2493 ;;  c               1   11[COMRAM] unsigned char 
  2494 ;;  n               2   12[COMRAM] int 
  2495 ;; Return value:  Size  Location     Type
  2496 ;;                  2    7[COMRAM] int 
  2497 ;; Registers used:
  2498 ;;		wreg, fsr2l, fsr2h, status,2, status,0, tblptrl, tblptrh, tblptru, prodl, prodh
  2499 ;; Tracked objects:
  2500 ;;		On entry : 0/0
  2501 ;;		On exit  : 0/0
  2502 ;;		Unchanged: 0/0
  2503 ;; Data sizes:     COMRAM   BANK0   BANK1   BANK2   BANK3   BANK4   BANK5   BANK6   BANK7   BANK8   BANK9  BANK10  BANK1
      +1  BANK12  BANK13  BANK14  BANK15  BANK16  BANK17  BANK18  BANK19  BANK20  BANK21  BANK22  BANK23  BANK24  BANK25  BANK2
      +6  BANK27  BANK28  BANK29  BANK30  BANK31
  2504 ;;      Params:         2       0       0       0       0       0       0       0       0       0       0       0       
      +0       0       0       0       0       0       0       0       0       0       0       0       0       0       0       
      +0       0       0       0       0       0
  2505 ;;      Locals:         3       0       0       0       0       0       0       0       0       0       0       0       
      +0       0       0       0       0       0       0       0       0       0       0       0       0       0       0       
      +0       0       0       0       0       0
  2506 ;;      Temps:          2       0       0       0       0       0       0       0       0       0       0       0       
      +0       0       0       0       0       0       0       0       0       0       0       0       0       0       0       
      +0       0       0       0       0       0
  2507 ;;      Totals:         7       0       0       0       0       0       0       0       0       0       0       0       
      +0       0       0       0       0       0       0       0       0       0       0       0       0       0       0       
      +0       0       0       0       0       0
  2508 ;;Total ram usage:        7 bytes
  2509 ;; Hardware stack levels used: 1
  2510 ;; Hardware stack levels required when called: 3
  2511 ;; This function calls:
  2512 ;;		Nothing
  2513 ;; This function is called by:
  2514 ;;		_vfpfcnvrt
  2515 ;; This function uses a non-reentrant model
  2516 ;;
  2517                           
  2518                           	psect	text5
  2519   002932                     __ptext5:
  2520                           	callstack 0
  2521   002932                     _read_prec_or_width:
  2522                           	callstack 23
  2523   002932                     
  2524                           ;C:\Program Files\Microchip\xc8\v3.10\pic\sources\c99\common\doprnt.c: 1159:     int n =
      +                           0;
  2525   002932  6A0E               	clrf	(read_prec_or_width@n+1)^0,c
  2526   002934  0E00               	movlw	0
  2527   002936  6E0D               	movwf	read_prec_or_width@n^0,c
  2528   002938                     
  2529                           ;C:\Program Files\Microchip\xc8\v3.10\pic\sources\c99\common\doprnt.c: 1160:     if ((*f
      +                          mt)[0] == '*') {
  2530   002938  5008               	movf	read_prec_or_width@fmt^0,w,c
  2531   00293A  6ED9               	movwf	fsr2l,c
  2532   00293C  6ADA               	clrf	fsr2h,c
  2533   00293E  006F FF7F FFF6     	movff	indf2,tblptrl
  2534   002944                     	if	1	;There is more than 1 active tblptr byte
  2535   002944  0E20               	movlw	high __smallconst
  2536   002946  6EF7               	movwf	tblptrh,c
  2537   002948                     	endif
  2538   002948                     	if	0	;tblptru may be non-zero
  2539   002948                     	endif
  2540   002948                     	if	1	;Program memory is > 0xFFFF, there are 3 active tblptr bytes
  2541   002948  0E00               	movlw	low (__smallconst shr (0+16))
  2542   00294A  6EF8               	movwf	tblptru,c
  2543   00294C                     	endif
  2544   00294C  0008               	tblrd		*
  2545   00294E  50F5               	movf	tablat,w,c
  2546   002950  0A2A               	xorlw	42
  2547   002952  A4D8               	btfss	status,2,c
  2548   002954  EFAE  F014         	goto	u931
  2549   002958  EFB0  F014         	goto	u930
  2550   00295C                     u931:
  2551   00295C  EFD9  F014         	goto	l1823
  2552   002960                     u930:
  2553   002960                     
  2554                           ;C:\Program Files\Microchip\xc8\v3.10\pic\sources\c99\common\doprnt.c: 1161:         ++*
      +                          fmt;
  2555   002960  5008               	movf	read_prec_or_width@fmt^0,w,c
  2556   002962  6ED9               	movwf	fsr2l,c
  2557   002964  6ADA               	clrf	fsr2h,c
  2558   002966  2ADF               	incf	indf2,f,c
  2559   002968                     
  2560                           ;C:\Program Files\Microchip\xc8\v3.10\pic\sources\c99\common\doprnt.c: 1162:         n =
      +                           (*(int *)__va_arg(*(int **)*ap, (int)0));
  2561   002968  5009               	movf	read_prec_or_width@ap^0,w,c
  2562   00296A  6ED9               	movwf	fsr2l,c
  2563   00296C  6ADA               	clrf	fsr2h,c
  2564   00296E  0E02               	movlw	2
  2565   002970  26DF               	addwf	indf2,f,c
  2566   002972  5CDF               	subwf	indf2,w,c
  2567   002974  6ED9               	movwf	fsr2l,c
  2568   002976  6ADA               	clrf	fsr2h,c
  2569   002978  006F FF78  F00D    	movff	postinc2,read_prec_or_width@n
  2570   00297E  006F FF78  F00E    	movff	postinc2,read_prec_or_width@n+1
  2571                           
  2572                           ;C:\Program Files\Microchip\xc8\v3.10\pic\sources\c99\common\doprnt.c: 1163:     } else 
      +                          {
  2573   002984  EFEF  F014         	goto	l990
  2574   002988                     l1819:
  2575                           
  2576                           ;C:\Program Files\Microchip\xc8\v3.10\pic\sources\c99\common\doprnt.c: 1166:            
      +                           n = n * 10 + c;
  2577   002988  0E0A               	movlw	10
  2578   00298A  020D               	mulwf	read_prec_or_width@n^0,c
  2579   00298C  006F FFCC  F00A    	movff	prodl,??_read_prec_or_width
  2580   002992  006F FFD0  F00B    	movff	prodh,??_read_prec_or_width+1
  2581   002998  020E               	mulwf	(read_prec_or_width@n+1)^0,c
  2582   00299A  50F3               	movf	prodl,w,c
  2583   00299C  260B               	addwf	(??_read_prec_or_width+1)^0,f,c
  2584   00299E  500C               	movf	read_prec_or_width@c^0,w,c
  2585   0029A0  240A               	addwf	??_read_prec_or_width^0,w,c
  2586   0029A2  6E0D               	movwf	read_prec_or_width@n^0,c
  2587   0029A4  0E00               	movlw	0
  2588   0029A6  200B               	addwfc	(??_read_prec_or_width+1)^0,w,c
  2589   0029A8  6E0E               	movwf	(read_prec_or_width@n+1)^0,c
  2590   0029AA                     
  2591                           ;C:\Program Files\Microchip\xc8\v3.10\pic\sources\c99\common\doprnt.c: 1167:            
      +                           ++*fmt;
  2592   0029AA  5008               	movf	read_prec_or_width@fmt^0,w,c
  2593   0029AC  6ED9               	movwf	fsr2l,c
  2594   0029AE  6ADA               	clrf	fsr2h,c
  2595   0029B0  2ADF               	incf	indf2,f,c
  2596   0029B2                     l1823:
  2597                           
  2598                           ;C:\Program Files\Microchip\xc8\v3.10\pic\sources\c99\common\doprnt.c: 1165:         whi
      +                          le ((c = ((unsigned)(*fmt)[0]) - '0') < 10) {
  2599   0029B2  5008               	movf	read_prec_or_width@fmt^0,w,c
  2600   0029B4  6ED9               	movwf	fsr2l,c
  2601   0029B6  6ADA               	clrf	fsr2h,c
  2602   0029B8  006F FF7F FFF6     	movff	indf2,tblptrl
  2603   0029BE                     	if	1	;There is more than 1 active tblptr byte
  2604   0029BE  0E20               	movlw	high __smallconst
  2605   0029C0  6EF7               	movwf	tblptrh,c
  2606   0029C2                     	endif
  2607   0029C2                     	if	0	;tblptru may be non-zero
  2608   0029C2                     	endif
  2609   0029C2                     	if	1	;Program memory is > 0xFFFF, there are 3 active tblptr bytes
  2610   0029C2  0E00               	movlw	low (__smallconst shr (0+16))
  2611   0029C4  6EF8               	movwf	tblptru,c
  2612   0029C6                     	endif
  2613   0029C6  0008               	tblrd		*
  2614   0029C8  50F5               	movf	tablat,w,c
  2615   0029CA  0FD0               	addlw	208
  2616   0029CC  6E0C               	movwf	read_prec_or_width@c^0,c
  2617   0029CE  0E09               	movlw	9
  2618   0029D0  640C               	cpfsgt	read_prec_or_width@c^0,c
  2619   0029D2  EFED  F014         	goto	u941
  2620   0029D6  EFEF  F014         	goto	u940
  2621   0029DA                     u941:
  2622   0029DA  EFC4  F014         	goto	l1819
  2623   0029DE                     u940:
  2624   0029DE                     l990:
  2625                           
  2626                           ;C:\Program Files\Microchip\xc8\v3.10\pic\sources\c99\common\doprnt.c: 1170:     return 
      +                          n;
  2627   0029DE  C00D  F008         	movff	read_prec_or_width@n,?_read_prec_or_width
  2628   0029E2  C00E  F009         	movff	read_prec_or_width@n+1,?_read_prec_or_width+1
  2629   0029E6  0012               	return		;funcret
  2630   0029E8                     __end_of_read_prec_or_width:
  2631                           	callstack 0
  2632                           
  2633 ;; *************** function _dtoa *****************
  2634 ;; Defined at:
  2635 ;;		line 513 in file "C:\Program Files\Microchip\xc8\v3.10\pic\sources\c99\common\doprnt.c"
  2636 ;; Parameters:    Size  Location     Type
  2637 ;;  fp              1   33[COMRAM] PTR struct _IO_FILE
  2638 ;;		 -> sprintf@f(11), 
  2639 ;;  d               4   34[COMRAM] long 
  2640 ;; Auto vars:     Size  Location     Type
  2641 ;;  i               2   44[COMRAM] int 
  2642 ;;  w               2   41[COMRAM] int 
  2643 ;;  s               1   43[COMRAM] unsigned char 
  2644 ;;  p               1   40[COMRAM] _Bool 
  2645 ;; Return value:  Size  Location     Type
  2646 ;;                  1    wreg      void 
  2647 ;; Registers used:
  2648 ;;		wreg, fsr1l, fsr1h, fsr2l, fsr2h, status,2, status,0, cstack
  2649 ;; Tracked objects:
  2650 ;;		On entry : 0/0
  2651 ;;		On exit  : 0/0
  2652 ;;		Unchanged: 0/0
  2653 ;; Data sizes:     COMRAM   BANK0   BANK1   BANK2   BANK3   BANK4   BANK5   BANK6   BANK7   BANK8   BANK9  BANK10  BANK1
      +1  BANK12  BANK13  BANK14  BANK15  BANK16  BANK17  BANK18  BANK19  BANK20  BANK21  BANK22  BANK23  BANK24  BANK25  BANK2
      +6  BANK27  BANK28  BANK29  BANK30  BANK31
  2654 ;;      Params:         5       0       0       0       0       0       0       0       0       0       0       0       
      +0       0       0       0       0       0       0       0       0       0       0       0       0       0       0       
      +0       0       0       0       0       0
  2655 ;;      Locals:         8       0       0       0       0       0       0       0       0       0       0       0       
      +0       0       0       0       0       0       0       0       0       0       0       0       0       0       0       
      +0       0       0       0       0       0
  2656 ;;      Temps:          0       0       0       0       0       0       0       0       0       0       0       0       
      +0       0       0       0       0       0       0       0       0       0       0       0       0       0       0       
      +0       0       0       0       0       0
  2657 ;;      Totals:        13       0       0       0       0       0       0       0       0       0       0       0       
      +0       0       0       0       0       0       0       0       0       0       0       0       0       0       0       
      +0       0       0       0       0       0
  2658 ;;Total ram usage:       13 bytes
  2659 ;; Hardware stack levels used: 1
  2660 ;; Hardware stack levels required when called: 6
  2661 ;; This function calls:
  2662 ;;		___aldiv
  2663 ;;		___almod
  2664 ;;		_abs
  2665 ;;		_pad
  2666 ;; This function is called by:
  2667 ;;		_vfpfcnvrt
  2668 ;; This function uses a non-reentrant model
  2669 ;;
  2670                           
  2671                           	psect	text6
  2672   002464                     __ptext6:
  2673                           	callstack 0
  2674   002464                     _dtoa:
  2675                           	callstack 20
  2676   002464                     
  2677                           ;C:\Program Files\Microchip\xc8\v3.10\pic\sources\c99\common\doprnt.c: 513: static void 
      +                          dtoa(FILE *fp, vfpf_sint_t d);C:\Program Files\Microchip\xc8\v3.10\pic\sources\c99\commo
      +                          n\doprnt.c: 514: {;C:\Program Files\Microchip\xc8\v3.10\pic\sources\c99\common\doprnt.c:
      +                           515:  char s;;C:\Program Files\Microchip\xc8\v3.10\pic\sources\c99\common\doprnt.c: 516
      +                          :     int i, w;;C:\Program Files\Microchip\xc8\v3.10\pic\sources\c99\common\doprnt.c: 52
      +                          0:  _Bool p = 1;
  2678   002464  0E01               	movlw	1
  2679   002466  6E29               	movwf	dtoa@p^0,c
  2680   002468                     
  2681                           ;C:\Program Files\Microchip\xc8\v3.10\pic\sources\c99\common\doprnt.c: 524:     s = d < 
      +                          0 ? 1 : 0;
  2682   002468  BE26               	btfsc	(dtoa@d+3)^0,7,c
  2683   00246A  EF39  F012         	goto	u831
  2684   00246E  EF3C  F012         	goto	u830
  2685   002472                     u831:
  2686   002472  0E01               	movlw	1
  2687   002474  EF3D  F012         	goto	u840
  2688   002478                     u830:
  2689   002478  0E00               	movlw	0
  2690   00247A                     u840:
  2691   00247A  6E2C               	movwf	dtoa@s^0,c
  2692   00247C                     
  2693                           ;C:\Program Files\Microchip\xc8\v3.10\pic\sources\c99\common\doprnt.c: 535:     w = widt
      +                          h;
  2694   00247C  C053  F02A         	movff	_width,dtoa@w
  2695   002480  C054  F02B         	movff	_width+1,dtoa@w+1
  2696   002484                     
  2697                           ;C:\Program Files\Microchip\xc8\v3.10\pic\sources\c99\common\doprnt.c: 536:     if (s
  2698   002484  502C               	movf	dtoa@s^0,w,c
  2699   002486  B4D8               	btfsc	status,2,c
  2700   002488  EF48  F012         	goto	u851
  2701   00248C  EF4A  F012         	goto	u850
  2702   002490                     u851:
  2703   002490  EF5F  F012         	goto	l973
  2704   002494                     u850:
  2705   002494                     
  2706                           ;C:\Program Files\Microchip\xc8\v3.10\pic\sources\c99\common\doprnt.c: 540:     ) {;C:\P
      +                          rogram Files\Microchip\xc8\v3.10\pic\sources\c99\common\doprnt.c: 541:         --w;
  2707   002494  062A               	decf	dtoa@w^0,f,c
  2708   002496  A0D8               	btfss	status,0,c
  2709   002498  062B               	decf	(dtoa@w+1)^0,f,c
  2710   00249A                     
  2711                           ;C:\Program Files\Microchip\xc8\v3.10\pic\sources\c99\common\doprnt.c: 542:   s = s ? '-
      +                          ' : '+';
  2712   00249A  502C               	movf	dtoa@s^0,w,c
  2713   00249C  A4D8               	btfss	status,2,c
  2714   00249E  EF53  F012         	goto	u861
  2715   0024A2  EF55  F012         	goto	u860
  2716   0024A6                     u861:
  2717   0024A6  EF5A  F012         	goto	l1775
  2718   0024AA                     u860:
  2719   0024AA  6A28               	clrf	(_dtoa$1188+1)^0,c
  2720   0024AC  0E2B               	movlw	43
  2721   0024AE  6E27               	movwf	_dtoa$1188^0,c
  2722   0024B0  EF5D  F012         	goto	l1777
  2723   0024B4                     l1775:
  2724   0024B4  6A28               	clrf	(_dtoa$1188+1)^0,c
  2725   0024B6  0E2D               	movlw	45
  2726   0024B8  6E27               	movwf	_dtoa$1188^0,c
  2727   0024BA                     l1777:
  2728   0024BA  C027  F02C         	movff	_dtoa$1188,dtoa@s
  2729   0024BE                     l973:
  2730                           
  2731                           ;C:\Program Files\Microchip\xc8\v3.10\pic\sources\c99\common\doprnt.c: 552:     i = size
      +                          of(dbuf) - 1;
  2732   0024BE  6A2E               	clrf	(dtoa@i+1)^0,c
  2733   0024C0  0E1F               	movlw	31
  2734   0024C2  6E2D               	movwf	dtoa@i^0,c
  2735   0024C4                     
  2736                           ;C:\Program Files\Microchip\xc8\v3.10\pic\sources\c99\common\doprnt.c: 553:     dbuf[i] 
      +                          = '\0';
  2737   0024C4  0100               	movlb	0	; () banked
  2738   0024C6  6BC6               	clrf	(_dbuf+31)& (0+255),b
  2739                           
  2740                           ;C:\Program Files\Microchip\xc8\v3.10\pic\sources\c99\common\doprnt.c: 554:     while (!
      +                          (i < 1) && (d != 0
  2741   0024C8  EFA6  F012         	goto	l1791
  2742   0024CC                     l1781:
  2743                           
  2744                           ;C:\Program Files\Microchip\xc8\v3.10\pic\sources\c99\common\doprnt.c: 563:     )) {;C:\
      +                          Program Files\Microchip\xc8\v3.10\pic\sources\c99\common\doprnt.c: 564:         --i;
  2745   0024CC  062D               	decf	dtoa@i^0,f,c
  2746   0024CE  A0D8               	btfss	status,0,c
  2747   0024D0  062E               	decf	(dtoa@i+1)^0,f,c
  2748   0024D2                     
  2749                           ;C:\Program Files\Microchip\xc8\v3.10\pic\sources\c99\common\doprnt.c: 565:         dbuf
      +                          [i] = (char)((int)'0' + abs(d % 10));
  2750   0024D2  502D               	movf	dtoa@i^0,w,c
  2751   0024D4  0FA7               	addlw	low _dbuf
  2752   0024D6  6ED9               	movwf	fsr2l,c
  2753   0024D8  6ADA               	clrf	fsr2h,c
  2754   0024DA  C023  F008         	movff	dtoa@d,___almod@dividend
  2755   0024DE  C024  F009         	movff	dtoa@d+1,___almod@dividend+1
  2756   0024E2  C025  F00A         	movff	dtoa@d+2,___almod@dividend+2
  2757   0024E6  C026  F00B         	movff	dtoa@d+3,___almod@dividend+3
  2758   0024EA  0E0A               	movlw	10
  2759   0024EC  6E0C               	movwf	___almod@divisor^0,c
  2760   0024EE  0E00               	movlw	0
  2761   0024F0  6E0D               	movwf	(___almod@divisor+1)^0,c
  2762   0024F2  0E00               	movlw	0
  2763   0024F4  6E0E               	movwf	(___almod@divisor+2)^0,c
  2764   0024F6  0E00               	movlw	0
  2765   0024F8  6E0F               	movwf	(___almod@divisor+3)^0,c
  2766   0024FA  EC24  F014         	call	___almod	;wreg free
  2767   0024FE  C008  F012         	movff	?___almod,abs@a
  2768   002502  C009  F013         	movff	?___almod+1,abs@a+1
  2769   002506  EC2F  F017         	call	_abs	;wreg free
  2770   00250A  5012               	movf	?_abs^0,w,c
  2771   00250C  0F30               	addlw	48
  2772   00250E  6EDF               	movwf	indf2,c
  2773   002510                     
  2774                           ;C:\Program Files\Microchip\xc8\v3.10\pic\sources\c99\common\doprnt.c: 569:   p = 0;
  2775   002510  6A29               	clrf	dtoa@p^0,c
  2776   002512                     
  2777                           ;C:\Program Files\Microchip\xc8\v3.10\pic\sources\c99\common\doprnt.c: 571:         --w;
  2778   002512  062A               	decf	dtoa@w^0,f,c
  2779   002514  A0D8               	btfss	status,0,c
  2780   002516  062B               	decf	(dtoa@w+1)^0,f,c
  2781   002518                     
  2782                           ;C:\Program Files\Microchip\xc8\v3.10\pic\sources\c99\common\doprnt.c: 572:         d = 
      +                          d / 10;
  2783   002518  C023  F014         	movff	dtoa@d,___aldiv@dividend
  2784   00251C  C024  F015         	movff	dtoa@d+1,___aldiv@dividend+1
  2785   002520  C025  F016         	movff	dtoa@d+2,___aldiv@dividend+2
  2786   002524  C026  F017         	movff	dtoa@d+3,___aldiv@dividend+3
  2787   002528  0E0A               	movlw	10
  2788   00252A  6E18               	movwf	___aldiv@divisor^0,c
  2789   00252C  0E00               	movlw	0
  2790   00252E  6E19               	movwf	(___aldiv@divisor+1)^0,c
  2791   002530  0E00               	movlw	0
  2792   002532  6E1A               	movwf	(___aldiv@divisor+2)^0,c
  2793   002534  0E00               	movlw	0
  2794   002536  6E1B               	movwf	(___aldiv@divisor+3)^0,c
  2795   002538  EC9F  F013         	call	___aldiv	;wreg free
  2796   00253C  C014  F023         	movff	?___aldiv,dtoa@d
  2797   002540  C015  F024         	movff	?___aldiv+1,dtoa@d+1
  2798   002544  C016  F025         	movff	?___aldiv+2,dtoa@d+2
  2799   002548  C017  F026         	movff	?___aldiv+3,dtoa@d+3
  2800   00254C                     l1791:
  2801                           
  2802                           ;C:\Program Files\Microchip\xc8\v3.10\pic\sources\c99\common\doprnt.c: 554:     while (!
      +                          (i < 1) && (d != 0
  2803   00254C  BE2E               	btfsc	(dtoa@i+1)^0,7,c
  2804   00254E  EFB1  F012         	goto	u871
  2805   002552  502E               	movf	(dtoa@i+1)^0,w,c
  2806   002554  E108               	bnz	u870
  2807   002556  042D               	decf	dtoa@i^0,w,c
  2808   002558  A0D8               	btfss	status,0,c
  2809   00255A  EFB1  F012         	goto	u871
  2810   00255E  EFB3  F012         	goto	u870
  2811   002562                     u871:
  2812   002562  EFDA  F012         	goto	l1801
  2813   002566                     u870:
  2814   002566  5023               	movf	dtoa@d^0,w,c
  2815   002568  1024               	iorwf	(dtoa@d+1)^0,w,c
  2816   00256A  1025               	iorwf	(dtoa@d+2)^0,w,c
  2817   00256C  1026               	iorwf	(dtoa@d+3)^0,w,c
  2818   00256E  A4D8               	btfss	status,2,c
  2819   002570  EFBC  F012         	goto	u881
  2820   002574  EFBE  F012         	goto	u880
  2821   002578                     u881:
  2822   002578  EF66  F012         	goto	l1781
  2823   00257C                     u880:
  2824   00257C  5029               	movf	dtoa@p^0,w,c
  2825   00257E  A4D8               	btfss	status,2,c
  2826   002580  EFC4  F012         	goto	u891
  2827   002584  EFC6  F012         	goto	u890
  2828   002588                     u891:
  2829   002588  EF66  F012         	goto	l1781
  2830   00258C                     u890:
  2831   00258C  BE2B               	btfsc	(dtoa@w+1)^0,7,c
  2832   00258E  EFD1  F012         	goto	u901
  2833   002592  502B               	movf	(dtoa@w+1)^0,w,c
  2834   002594  E108               	bnz	u900
  2835   002596  042A               	decf	dtoa@w^0,w,c
  2836   002598  A0D8               	btfss	status,0,c
  2837   00259A  EFD1  F012         	goto	u901
  2838   00259E  EFD3  F012         	goto	u900
  2839   0025A2                     u901:
  2840   0025A2  EFDA  F012         	goto	l1801
  2841   0025A6                     u900:
  2842   0025A6  B257               	btfsc	_flags^0,1,c
  2843   0025A8  EFD8  F012         	goto	u911
  2844   0025AC  EFDA  F012         	goto	u910
  2845   0025B0                     u911:
  2846   0025B0  EF66  F012         	goto	l1781
  2847   0025B4                     u910:
  2848   0025B4                     l1801:
  2849                           
  2850                           ;C:\Program Files\Microchip\xc8\v3.10\pic\sources\c99\common\doprnt.c: 576:     if (s !=
      +                           0) {
  2851   0025B4  502C               	movf	dtoa@s^0,w,c
  2852   0025B6  B4D8               	btfsc	status,2,c
  2853   0025B8  EFE0  F012         	goto	u921
  2854   0025BC  EFE2  F012         	goto	u920
  2855   0025C0                     u921:
  2856   0025C0  EFEC  F012         	goto	l1807
  2857   0025C4                     u920:
  2858   0025C4                     
  2859                           ;C:\Program Files\Microchip\xc8\v3.10\pic\sources\c99\common\doprnt.c: 577:         --i;
  2860   0025C4  062D               	decf	dtoa@i^0,f,c
  2861   0025C6  A0D8               	btfss	status,0,c
  2862   0025C8  062E               	decf	(dtoa@i+1)^0,f,c
  2863   0025CA                     
  2864                           ;C:\Program Files\Microchip\xc8\v3.10\pic\sources\c99\common\doprnt.c: 578:         dbuf
      +                          [i] = s;
  2865   0025CA  502D               	movf	dtoa@i^0,w,c
  2866   0025CC  0FA7               	addlw	low _dbuf
  2867   0025CE  6ED9               	movwf	fsr2l,c
  2868   0025D0  6ADA               	clrf	fsr2h,c
  2869   0025D2  0060  F0B3  FFDF   	movff	dtoa@s,indf2
  2870   0025D8                     l1807:
  2871                           
  2872                           ;C:\Program Files\Microchip\xc8\v3.10\pic\sources\c99\common\doprnt.c: 582:     return (
      +                          void) pad(fp, &dbuf[i], w);
  2873   0025D8  C022  F015         	movff	dtoa@fp,pad@fp
  2874   0025DC  502D               	movf	dtoa@i^0,w,c
  2875   0025DE  0FA7               	addlw	low _dbuf
  2876   0025E0  6E16               	movwf	pad@buf^0,c
  2877   0025E2  C02A  F017         	movff	dtoa@w,pad@p
  2878   0025E6  C02B  F018         	movff	dtoa@w+1,pad@p+1
  2879   0025EA  EC4A  F015         	call	_pad	;wreg free
  2880   0025EE  0012               	return		;funcret
  2881   0025F0                     __end_of_dtoa:
  2882                           	callstack 0
  2883                           
  2884 ;; *************** function _pad *****************
  2885 ;; Defined at:
  2886 ;;		line 193 in file "C:\Program Files\Microchip\xc8\v3.10\pic\sources\c99\common\doprnt.c"
  2887 ;; Parameters:    Size  Location     Type
  2888 ;;  fp              1   20[COMRAM] PTR struct _IO_FILE
  2889 ;;		 -> sprintf@f(11), 
  2890 ;;  buf             1   21[COMRAM] PTR unsigned char 
  2891 ;;		 -> dbuf(32), 
  2892 ;;  p               2   22[COMRAM] int 
  2893 ;; Auto vars:     Size  Location     Type
  2894 ;;  i               2   25[COMRAM] int 
  2895 ;; Return value:  Size  Location     Type
  2896 ;;                  1    wreg      void 
  2897 ;; Registers used:
  2898 ;;		wreg, fsr1l, fsr1h, fsr2l, fsr2h, status,2, status,0, cstack
  2899 ;; Tracked objects:
  2900 ;;		On entry : 0/0
  2901 ;;		On exit  : 0/0
  2902 ;;		Unchanged: 0/0
  2903 ;; Data sizes:     COMRAM   BANK0   BANK1   BANK2   BANK3   BANK4   BANK5   BANK6   BANK7   BANK8   BANK9  BANK10  BANK1
      +1  BANK12  BANK13  BANK14  BANK15  BANK16  BANK17  BANK18  BANK19  BANK20  BANK21  BANK22  BANK23  BANK24  BANK25  BANK2
      +6  BANK27  BANK28  BANK29  BANK30  BANK31
  2904 ;;      Params:         4       0       0       0       0       0       0       0       0       0       0       0       
      +0       0       0       0       0       0       0       0       0       0       0       0       0       0       0       
      +0       0       0       0       0       0
  2905 ;;      Locals:         2       0       0       0       0       0       0       0       0       0       0       0       
      +0       0       0       0       0       0       0       0       0       0       0       0       0       0       0       
      +0       0       0       0       0       0
  2906 ;;      Temps:          1       0       0       0       0       0       0       0       0       0       0       0       
      +0       0       0       0       0       0       0       0       0       0       0       0       0       0       0       
      +0       0       0       0       0       0
  2907 ;;      Totals:         7       0       0       0       0       0       0       0       0       0       0       0       
      +0       0       0       0       0       0       0       0       0       0       0       0       0       0       0       
      +0       0       0       0       0       0
  2908 ;;Total ram usage:        7 bytes
  2909 ;; Hardware stack levels used: 1
  2910 ;; Hardware stack levels required when called: 5
  2911 ;; This function calls:
  2912 ;;		_fputc
  2913 ;;		_fputs
  2914 ;; This function is called by:
  2915 ;;		_dtoa
  2916 ;; This function uses a non-reentrant model
  2917 ;;
  2918                           
  2919                           	psect	text7
  2920   002A94                     __ptext7:
  2921                           	callstack 0
  2922   002A94                     _pad:
  2923                           	callstack 20
  2924   002A94                     
  2925                           ;C:\Program Files\Microchip\xc8\v3.10\pic\sources\c99\common\doprnt.c: 193: static void 
      +                          pad(FILE *fp, char *buf, int p);C:\Program Files\Microchip\xc8\v3.10\pic\sources\c99\com
      +                          mon\doprnt.c: 194: {;C:\Program Files\Microchip\xc8\v3.10\pic\sources\c99\common\doprnt.
      +                          c: 195:     int i;;C:\Program Files\Microchip\xc8\v3.10\pic\sources\c99\common\doprnt.c:
      +                           199:     if (flags & (1 << 0)) {
  2926   002A94  A057               	btfss	_flags^0,0,c
  2927   002A96  EF4F  F015         	goto	u781
  2928   002A9A  EF51  F015         	goto	u780
  2929   002A9E                     u781:
  2930   002A9E  EF57  F015         	goto	l1745
  2931   002AA2                     u780:
  2932   002AA2                     
  2933                           ;C:\Program Files\Microchip\xc8\v3.10\pic\sources\c99\common\doprnt.c: 200:         fput
      +                          s((const char *)buf, fp);
  2934   002AA2  C016  F010         	movff	pad@buf,fputs@s
  2935   002AA6  C015  F011         	movff	pad@fp,fputs@fp
  2936   002AAA  EC12  F017         	call	_fputs	;wreg free
  2937   002AAE                     l1745:
  2938                           
  2939                           ;C:\Program Files\Microchip\xc8\v3.10\pic\sources\c99\common\doprnt.c: 205:  if (p < 0) 
      +                          {
  2940   002AAE  BE18               	btfsc	(pad@p+1)^0,7,c
  2941   002AB0  EF5E  F015         	goto	u790
  2942   002AB4  EF5C  F015         	goto	u791
  2943   002AB8                     u791:
  2944   002AB8  EF61  F015         	goto	l965
  2945   002ABC                     u790:
  2946   002ABC                     
  2947                           ;C:\Program Files\Microchip\xc8\v3.10\pic\sources\c99\common\doprnt.c: 206:   p = 0;
  2948   002ABC  6A18               	clrf	(pad@p+1)^0,c
  2949   002ABE  0E00               	movlw	0
  2950   002AC0  6E17               	movwf	pad@p^0,c
  2951   002AC2                     l965:
  2952                           
  2953                           ;C:\Program Files\Microchip\xc8\v3.10\pic\sources\c99\common\doprnt.c: 208:     i = 0;
  2954   002AC2  6A1B               	clrf	(pad@i+1)^0,c
  2955   002AC4  0E00               	movlw	0
  2956   002AC6  6E1A               	movwf	pad@i^0,c
  2957                           
  2958                           ;C:\Program Files\Microchip\xc8\v3.10\pic\sources\c99\common\doprnt.c: 209:     while (i
      +                           < p) {
  2959   002AC8  EF6F  F015         	goto	l1753
  2960   002ACC                     l1749:
  2961                           
  2962                           ;C:\Program Files\Microchip\xc8\v3.10\pic\sources\c99\common\doprnt.c: 210:         fput
      +                          c(' ', fp);
  2963   002ACC  6A09               	clrf	(fputc@c+1)^0,c
  2964   002ACE  0E20               	movlw	32
  2965   002AD0  6E08               	movwf	fputc@c^0,c
  2966   002AD2  C015  F00A         	movff	pad@fp,fputc@fp
  2967   002AD6  ECF4  F014         	call	_fputc	;wreg free
  2968   002ADA                     
  2969                           ;C:\Program Files\Microchip\xc8\v3.10\pic\sources\c99\common\doprnt.c: 211:         ++i;
  2970   002ADA  4A1A               	infsnz	pad@i^0,f,c
  2971   002ADC  2A1B               	incf	(pad@i+1)^0,f,c
  2972   002ADE                     l1753:
  2973                           
  2974                           ;C:\Program Files\Microchip\xc8\v3.10\pic\sources\c99\common\doprnt.c: 209:     while (i
      +                           < p) {
  2975   002ADE  5017               	movf	pad@p^0,w,c
  2976   002AE0  5C1A               	subwf	pad@i^0,w,c
  2977   002AE2  501B               	movf	(pad@i+1)^0,w,c
  2978   002AE4  0A80               	xorlw	128
  2979   002AE6  6E19               	movwf	??_pad^0,c
  2980   002AE8  5018               	movf	(pad@p+1)^0,w,c
  2981   002AEA  0A80               	xorlw	128
  2982   002AEC  5819               	subwfb	??_pad^0,w,c
  2983   002AEE  A0D8               	btfss	status,0,c
  2984   002AF0  EF7C  F015         	goto	u801
  2985   002AF4  EF7E  F015         	goto	u800
  2986   002AF8                     u801:
  2987   002AF8  EF66  F015         	goto	l1749
  2988   002AFC                     u800:
  2989   002AFC                     
  2990                           ;C:\Program Files\Microchip\xc8\v3.10\pic\sources\c99\common\doprnt.c: 216:     if (!(fl
      +                          ags & (1 << 0))) {
  2991   002AFC  B057               	btfsc	_flags^0,0,c
  2992   002AFE  EF83  F015         	goto	u811
  2993   002B02  EF85  F015         	goto	u810
  2994   002B06                     u811:
  2995   002B06  EF8B  F015         	goto	l970
  2996   002B0A                     u810:
  2997   002B0A                     
  2998                           ;C:\Program Files\Microchip\xc8\v3.10\pic\sources\c99\common\doprnt.c: 218:         fput
      +                          s((const char *)buf, fp);
  2999   002B0A  C016  F010         	movff	pad@buf,fputs@s
  3000   002B0E  C015  F011         	movff	pad@fp,fputs@fp
  3001   002B12  EC12  F017         	call	_fputs	;wreg free
  3002   002B16                     l970:
  3003   002B16  0012               	return		;funcret
  3004   002B18                     __end_of_pad:
  3005                           	callstack 0
  3006                           
  3007 ;; *************** function _fputs *****************
  3008 ;; Defined at:
  3009 ;;		line 8 in file "C:\Program Files\Microchip\xc8\v3.10\pic\sources\c99\common\nf_fputs.c"
  3010 ;; Parameters:    Size  Location     Type
  3011 ;;  s               1   15[COMRAM] PTR const unsigned char 
  3012 ;;		 -> dbuf(32), 
  3013 ;;  fp              1   16[COMRAM] PTR struct _IO_FILE
  3014 ;;		 -> sprintf@f(11), 
  3015 ;; Auto vars:     Size  Location     Type
  3016 ;;  i               2   18[COMRAM] int 
  3017 ;;  c               1   17[COMRAM] unsigned char 
  3018 ;; Return value:  Size  Location     Type
  3019 ;;                  2   15[COMRAM] int 
  3020 ;; Registers used:
  3021 ;;		wreg, fsr1l, fsr1h, fsr2l, fsr2h, status,2, status,0, cstack
  3022 ;; Tracked objects:
  3023 ;;		On entry : 0/0
  3024 ;;		On exit  : 0/0
  3025 ;;		Unchanged: 0/0
  3026 ;; Data sizes:     COMRAM   BANK0   BANK1   BANK2   BANK3   BANK4   BANK5   BANK6   BANK7   BANK8   BANK9  BANK10  BANK1
      +1  BANK12  BANK13  BANK14  BANK15  BANK16  BANK17  BANK18  BANK19  BANK20  BANK21  BANK22  BANK23  BANK24  BANK25  BANK2
      +6  BANK27  BANK28  BANK29  BANK30  BANK31
  3027 ;;      Params:         2       0       0       0       0       0       0       0       0       0       0       0       
      +0       0       0       0       0       0       0       0       0       0       0       0       0       0       0       
      +0       0       0       0       0       0
  3028 ;;      Locals:         3       0       0       0       0       0       0       0       0       0       0       0       
      +0       0       0       0       0       0       0       0       0       0       0       0       0       0       0       
      +0       0       0       0       0       0
  3029 ;;      Temps:          0       0       0       0       0       0       0       0       0       0       0       0       
      +0       0       0       0       0       0       0       0       0       0       0       0       0       0       0       
      +0       0       0       0       0       0
  3030 ;;      Totals:         5       0       0       0       0       0       0       0       0       0       0       0       
      +0       0       0       0       0       0       0       0       0       0       0       0       0       0       0       
      +0       0       0       0       0       0
  3031 ;;Total ram usage:        5 bytes
  3032 ;; Hardware stack levels used: 1
  3033 ;; Hardware stack levels required when called: 4
  3034 ;; This function calls:
  3035 ;;		_fputc
  3036 ;; This function is called by:
  3037 ;;		_pad
  3038 ;; This function uses a non-reentrant model
  3039 ;;
  3040                           
  3041                           	psect	text8
  3042   002E24                     __ptext8:
  3043                           	callstack 0
  3044   002E24                     _fputs:
  3045                           	callstack 20
  3046   002E24  6A14               	clrf	(fputs@i+1)^0,c
  3047   002E26  0E00               	movlw	0
  3048   002E28  6E13               	movwf	fputs@i^0,c
  3049   002E2A  EF20  F017         	goto	l1659
  3050   002E2E                     l1655:
  3051   002E2E  C012  F008         	movff	fputs@c,fputc@c
  3052   002E32  6A09               	clrf	(fputc@c+1)^0,c
  3053   002E34  C011  F00A         	movff	fputs@fp,fputc@fp
  3054   002E38  ECF4  F014         	call	_fputc	;wreg free
  3055   002E3C  4A13               	infsnz	fputs@i^0,f,c
  3056   002E3E  2A14               	incf	(fputs@i+1)^0,f,c
  3057   002E40                     l1659:
  3058   002E40  5010               	movf	fputs@s^0,w,c
  3059   002E42  2413               	addwf	fputs@i^0,w,c
  3060   002E44  6ED9               	movwf	fsr2l,c
  3061   002E46  6ADA               	clrf	fsr2h,c
  3062   002E48  50DF               	movf	indf2,w,c
  3063   002E4A  6E12               	movwf	fputs@c^0,c
  3064   002E4C  5012               	movf	fputs@c^0,w,c
  3065   002E4E  A4D8               	btfss	status,2,c
  3066   002E50  EF2C  F017         	goto	u651
  3067   002E54  EF2E  F017         	goto	u650
  3068   002E58                     u651:
  3069   002E58  EF17  F017         	goto	l1655
  3070   002E5C                     u650:
  3071   002E5C  0012               	return		;funcret
  3072   002E5E                     __end_of_fputs:
  3073                           	callstack 0
  3074                           
  3075 ;; *************** function _fputc *****************
  3076 ;; Defined at:
  3077 ;;		line 8 in file "C:\Program Files\Microchip\xc8\v3.10\pic\sources\c99\common\nf_fputc.c"
  3078 ;; Parameters:    Size  Location     Type
  3079 ;;  c               2    7[COMRAM] int 
  3080 ;;  fp              1    9[COMRAM] PTR struct _IO_FILE
  3081 ;;		 -> sprintf@f(11), 
  3082 ;; Auto vars:     Size  Location     Type
  3083 ;;		None
  3084 ;; Return value:  Size  Location     Type
  3085 ;;                  2    7[COMRAM] int 
  3086 ;; Registers used:
  3087 ;;		wreg, fsr1l, fsr1h, fsr2l, fsr2h, status,2, status,0, cstack
  3088 ;; Tracked objects:
  3089 ;;		On entry : 0/0
  3090 ;;		On exit  : 0/0
  3091 ;;		Unchanged: 0/0
  3092 ;; Data sizes:     COMRAM   BANK0   BANK1   BANK2   BANK3   BANK4   BANK5   BANK6   BANK7   BANK8   BANK9  BANK10  BANK1
      +1  BANK12  BANK13  BANK14  BANK15  BANK16  BANK17  BANK18  BANK19  BANK20  BANK21  BANK22  BANK23  BANK24  BANK25  BANK2
      +6  BANK27  BANK28  BANK29  BANK30  BANK31
  3093 ;;      Params:         3       0       0       0       0       0       0       0       0       0       0       0       
      +0       0       0       0       0       0       0       0       0       0       0       0       0       0       0       
      +0       0       0       0       0       0
  3094 ;;      Locals:         0       0       0       0       0       0       0       0       0       0       0       0       
      +0       0       0       0       0       0       0       0       0       0       0       0       0       0       0       
      +0       0       0       0       0       0
  3095 ;;      Temps:          5       0       0       0       0       0       0       0       0       0       0       0       
      +0       0       0       0       0       0       0       0       0       0       0       0       0       0       0       
      +0       0       0       0       0       0
  3096 ;;      Totals:         8       0       0       0       0       0       0       0       0       0       0       0       
      +0       0       0       0       0       0       0       0       0       0       0       0       0       0       0       
      +0       0       0       0       0       0
  3097 ;;Total ram usage:        8 bytes
  3098 ;; Hardware stack levels used: 1
  3099 ;; Hardware stack levels required when called: 3
  3100 ;; This function calls:
  3101 ;;		_putch
  3102 ;; This function is called by:
  3103 ;;		_pad
  3104 ;;		_vfpfcnvrt
  3105 ;;		_fputs
  3106 ;; This function uses a non-reentrant model
  3107 ;;
  3108                           
  3109                           	psect	text9
  3110   0029E8                     __ptext9:
  3111                           	callstack 0
  3112   0029E8                     _fputc:
  3113                           	callstack 20
  3114   0029E8  500A               	movf	fputc@fp^0,w,c
  3115   0029EA  B4D8               	btfsc	status,2,c
  3116   0029EC  EFFA  F014         	goto	u611
  3117   0029F0  EFFC  F014         	goto	u610
  3118   0029F4                     u611:
  3119   0029F4  EF04  F015         	goto	l1643
  3120   0029F8                     u610:
  3121   0029F8  500A               	movf	fputc@fp^0,w,c
  3122   0029FA  A4D8               	btfss	status,2,c
  3123   0029FC  EF02  F015         	goto	u621
  3124   002A00  EF04  F015         	goto	u620
  3125   002A04                     u621:
  3126   002A04  EF09  F015         	goto	l1645
  3127   002A08                     u620:
  3128   002A08                     l1643:
  3129   002A08  5008               	movf	fputc@c^0,w,c
  3130   002A0A  EC19  F018         	call	_putch
  3131   002A0E  EF49  F015         	goto	l1044
  3132   002A12                     l1645:
  3133   002A12  500A               	movf	fputc@fp^0,w,c
  3134   002A14  6ED9               	movwf	fsr2l,c
  3135   002A16  6ADA               	clrf	fsr2h,c
  3136   002A18  0E09               	movlw	9
  3137   002A1A  26D9               	addwf	fsr2l,f,c
  3138   002A1C  50DE               	movf	postinc2,w,c
  3139   002A1E  10DE               	iorwf	postinc2,w,c
  3140   002A20  B4D8               	btfsc	status,2,c
  3141   002A22  EF15  F015         	goto	u631
  3142   002A26  EF17  F015         	goto	u630
  3143   002A2A                     u631:
  3144   002A2A  EF30  F015         	goto	l1649
  3145   002A2E                     u630:
  3146   002A2E  500A               	movf	fputc@fp^0,w,c
  3147   002A30  6ED9               	movwf	fsr2l,c
  3148   002A32  6ADA               	clrf	fsr2h,c
  3149   002A34  0E09               	movlw	9
  3150   002A36  26D9               	addwf	fsr2l,f,c
  3151   002A38  500A               	movf	fputc@fp^0,w,c
  3152   002A3A  6EE1               	movwf	fsr1l,c
  3153   002A3C  6AE2               	clrf	fsr1h,c
  3154   002A3E  0E02               	movlw	2
  3155   002A40  26E1               	addwf	fsr1l,f,c
  3156   002A42  50DE               	movf	postinc2,w,c
  3157   002A44  5CE6               	subwf	postinc1,w,c
  3158   002A46  50E6               	movf	postinc1,w,c
  3159   002A48  0A80               	xorlw	128
  3160   002A4A  6E0F               	movwf	(??_fputc+4)^0,c
  3161   002A4C  50DE               	movf	postinc2,w,c
  3162   002A4E  0A80               	xorlw	128
  3163   002A50  580F               	subwfb	(??_fputc+4)^0,w,c
  3164   002A52  B0D8               	btfsc	status,0,c
  3165   002A54  EF2E  F015         	goto	u641
  3166   002A58  EF30  F015         	goto	u640
  3167   002A5C                     u641:
  3168   002A5C  EF49  F015         	goto	l1044
  3169   002A60                     u640:
  3170   002A60                     l1649:
  3171   002A60  500A               	movf	fputc@fp^0,w,c
  3172   002A62  6ED9               	movwf	fsr2l,c
  3173   002A64  6ADA               	clrf	fsr2h,c
  3174   002A66  0E02               	movlw	2
  3175   002A68  26D9               	addwf	fsr2l,f,c
  3176   002A6A  50DF               	movf	indf2,w,c
  3177   002A6C  6E0B               	movwf	??_fputc^0,c
  3178   002A6E  500A               	movf	fputc@fp^0,w,c
  3179   002A70  6ED9               	movwf	fsr2l,c
  3180   002A72  6ADA               	clrf	fsr2h,c
  3181   002A74  50DF               	movf	indf2,w,c
  3182   002A76  240B               	addwf	??_fputc^0,w,c
  3183   002A78  6ED9               	movwf	fsr2l,c
  3184   002A7A  6ADA               	clrf	fsr2h,c
  3185   002A7C  0060  F023  FFDF   	movff	fputc@c,indf2
  3186   002A82  500A               	movf	fputc@fp^0,w,c
  3187   002A84  6ED9               	movwf	fsr2l,c
  3188   002A86  6ADA               	clrf	fsr2h,c
  3189   002A88  0E02               	movlw	2
  3190   002A8A  26D9               	addwf	fsr2l,f,c
  3191   002A8C  2ADE               	incf	postinc2,f,c
  3192   002A8E  0E00               	movlw	0
  3193   002A90  22DD               	addwfc	postdec2,f,c
  3194   002A92                     l1044:
  3195   002A92  0012               	return		;funcret
  3196   002A94                     __end_of_fputc:
  3197                           	callstack 0
  3198                           
  3199 ;; *************** function _putch *****************
  3200 ;; Defined at:
  3201 ;;		line 7 in file "C:\Program Files\Microchip\xc8\v3.10\pic\sources\c99\common\putch.c"
  3202 ;; Parameters:    Size  Location     Type
  3203 ;;  c               1    wreg     unsigned char 
  3204 ;; Auto vars:     Size  Location     Type
  3205 ;;  c               1    0[COMRAM] unsigned char 
  3206 ;; Return value:  Size  Location     Type
  3207 ;;                  1    wreg      void 
  3208 ;; Registers used:
  3209 ;;		wreg
  3210 ;; Tracked objects:
  3211 ;;		On entry : 0/0
  3212 ;;		On exit  : 0/0
  3213 ;;		Unchanged: 0/0
  3214 ;; Data sizes:     COMRAM   BANK0   BANK1   BANK2   BANK3   BANK4   BANK5   BANK6   BANK7   BANK8   BANK9  BANK10  BANK1
      +1  BANK12  BANK13  BANK14  BANK15  BANK16  BANK17  BANK18  BANK19  BANK20  BANK21  BANK22  BANK23  BANK24  BANK25  BANK2
      +6  BANK27  BANK28  BANK29  BANK30  BANK31
  3215 ;;      Params:         0       0       0       0       0       0       0       0       0       0       0       0       
      +0       0       0       0       0       0       0       0       0       0       0       0       0       0       0       
      +0       0       0       0       0       0
  3216 ;;      Locals:         0       0       0       0       0       0       0       0       0       0       0       0       
      +0       0       0       0       0       0       0       0       0       0       0       0       0       0       0       
      +0       0       0       0       0       0
  3217 ;;      Temps:          0       0       0       0       0       0       0       0       0       0       0       0       
      +0       0       0       0       0       0       0       0       0       0       0       0       0       0       0       
      +0       0       0       0       0       0
  3218 ;;      Totals:         0       0       0       0       0       0       0       0       0       0       0       0       
      +0       0       0       0       0       0       0       0       0       0       0       0       0       0       0       
      +0       0       0       0       0       0
  3219 ;;Total ram usage:        0 bytes
  3220 ;; Hardware stack levels used: 1
  3221 ;; Hardware stack levels required when called: 3
  3222 ;; This function calls:
  3223 ;;		Nothing
  3224 ;; This function is called by:
  3225 ;;		_fputc
  3226 ;; This function uses a non-reentrant model
  3227 ;;
  3228                           
  3229                           	psect	text10
  3230   003032                     __ptext10:
  3231                           	callstack 0
  3232   003032                     _putch:
  3233                           	callstack 19
  3234   003032  0012               	return		;funcret
  3235   003034                     __end_of_putch:
  3236                           	callstack 0
  3237                           
  3238 ;; *************** function _abs *****************
  3239 ;; Defined at:
  3240 ;;		line 1 in file "C:\Program Files\Microchip\xc8\v3.10\pic\sources\c99\common\abs.c"
  3241 ;; Parameters:    Size  Location     Type
  3242 ;;  a               2   17[COMRAM] int 
  3243 ;; Auto vars:     Size  Location     Type
  3244 ;;		None
  3245 ;; Return value:  Size  Location     Type
  3246 ;;                  2   17[COMRAM] int 
  3247 ;; Registers used:
  3248 ;;		wreg, status,2, status,0
  3249 ;; Tracked objects:
  3250 ;;		On entry : 0/0
  3251 ;;		On exit  : 0/0
  3252 ;;		Unchanged: 0/0
  3253 ;; Data sizes:     COMRAM   BANK0   BANK1   BANK2   BANK3   BANK4   BANK5   BANK6   BANK7   BANK8   BANK9  BANK10  BANK1
      +1  BANK12  BANK13  BANK14  BANK15  BANK16  BANK17  BANK18  BANK19  BANK20  BANK21  BANK22  BANK23  BANK24  BANK25  BANK2
      +6  BANK27  BANK28  BANK29  BANK30  BANK31
  3254 ;;      Params:         2       0       0       0       0       0       0       0       0       0       0       0       
      +0       0       0       0       0       0       0       0       0       0       0       0       0       0       0       
      +0       0       0       0       0       0
  3255 ;;      Locals:         0       0       0       0       0       0       0       0       0       0       0       0       
      +0       0       0       0       0       0       0       0       0       0       0       0       0       0       0       
      +0       0       0       0       0       0
  3256 ;;      Temps:          2       0       0       0       0       0       0       0       0       0       0       0       
      +0       0       0       0       0       0       0       0       0       0       0       0       0       0       0       
      +0       0       0       0       0       0
  3257 ;;      Totals:         4       0       0       0       0       0       0       0       0       0       0       0       
      +0       0       0       0       0       0       0       0       0       0       0       0       0       0       0       
      +0       0       0       0       0       0
  3258 ;;Total ram usage:        4 bytes
  3259 ;; Hardware stack levels used: 1
  3260 ;; Hardware stack levels required when called: 3
  3261 ;; This function calls:
  3262 ;;		Nothing
  3263 ;; This function is called by:
  3264 ;;		_dtoa
  3265 ;; This function uses a non-reentrant model
  3266 ;;
  3267                           
  3268                           	psect	text11
  3269   002E5E                     __ptext11:
  3270                           	callstack 0
  3271   002E5E                     _abs:
  3272                           	callstack 22
  3273   002E5E  BE13               	btfsc	(abs@a+1)^0,7,c
  3274   002E60  EF34  F017         	goto	u821
  3275   002E64  EF36  F017         	goto	u820
  3276   002E68                     u821:
  3277   002E68  EF3C  F017         	goto	l1029
  3278   002E6C                     u820:
  3279   002E6C  C012  F012         	movff	abs@a,?_abs
  3280   002E70  C013  F013         	movff	abs@a+1,?_abs+1
  3281   002E74  EF48  F017         	goto	l1032
  3282   002E78                     l1029:
  3283   002E78  C012  F014         	movff	abs@a,??_abs
  3284   002E7C  C013  F015         	movff	abs@a+1,??_abs+1
  3285   002E80  1E14               	comf	??_abs^0,f,c
  3286   002E82  1E15               	comf	(??_abs+1)^0,f,c
  3287   002E84  4A14               	infsnz	??_abs^0,f,c
  3288   002E86  2A15               	incf	(??_abs+1)^0,f,c
  3289   002E88  C014  F012         	movff	??_abs,?_abs
  3290   002E8C  C015  F013         	movff	??_abs+1,?_abs+1
  3291   002E90                     l1032:
  3292   002E90  0012               	return		;funcret
  3293   002E92                     __end_of_abs:
  3294                           	callstack 0
  3295                           
  3296 ;; *************** function ___almod *****************
  3297 ;; Defined at:
  3298 ;;		line 7 in file "C:\Program Files\Microchip\xc8\v3.10\pic\sources\c99\common\almod.c"
  3299 ;; Parameters:    Size  Location     Type
  3300 ;;  dividend        4    7[COMRAM] long 
  3301 ;;  divisor         4   11[COMRAM] long 
  3302 ;; Auto vars:     Size  Location     Type
  3303 ;;  sign            1   16[COMRAM] unsigned char 
  3304 ;;  counter         1   15[COMRAM] unsigned char 
  3305 ;; Return value:  Size  Location     Type
  3306 ;;                  4    7[COMRAM] long 
  3307 ;; Registers used:
  3308 ;;		wreg, status,2, status,0
  3309 ;; Tracked objects:
  3310 ;;		On entry : 0/0
  3311 ;;		On exit  : 0/0
  3312 ;;		Unchanged: 0/0
  3313 ;; Data sizes:     COMRAM   BANK0   BANK1   BANK2   BANK3   BANK4   BANK5   BANK6   BANK7   BANK8   BANK9  BANK10  BANK1
      +1  BANK12  BANK13  BANK14  BANK15  BANK16  BANK17  BANK18  BANK19  BANK20  BANK21  BANK22  BANK23  BANK24  BANK25  BANK2
      +6  BANK27  BANK28  BANK29  BANK30  BANK31
  3314 ;;      Params:         8       0       0       0       0       0       0       0       0       0       0       0       
      +0       0       0       0       0       0       0       0       0       0       0       0       0       0       0       
      +0       0       0       0       0       0
  3315 ;;      Locals:         2       0       0       0       0       0       0       0       0       0       0       0       
      +0       0       0       0       0       0       0       0       0       0       0       0       0       0       0       
      +0       0       0       0       0       0
  3316 ;;      Temps:          0       0       0       0       0       0       0       0       0       0       0       0       
      +0       0       0       0       0       0       0       0       0       0       0       0       0       0       0       
      +0       0       0       0       0       0
  3317 ;;      Totals:        10       0       0       0       0       0       0       0       0       0       0       0       
      +0       0       0       0       0       0       0       0       0       0       0       0       0       0       0       
      +0       0       0       0       0       0
  3318 ;;Total ram usage:       10 bytes
  3319 ;; Hardware stack levels used: 1
  3320 ;; Hardware stack levels required when called: 3
  3321 ;; This function calls:
  3322 ;;		Nothing
  3323 ;; This function is called by:
  3324 ;;		_format_accel
  3325 ;;		_dtoa
  3326 ;; This function uses a non-reentrant model
  3327 ;;
  3328                           
  3329                           	psect	text12
  3330   002848                     __ptext12:
  3331                           	callstack 0
  3332   002848                     ___almod:
  3333                           	callstack 22
  3334   002848  6A11               	clrf	___almod@sign^0,c
  3335   00284A  BE0B               	btfsc	(___almod@dividend+3)^0,7,c
  3336   00284C  EF2C  F014         	goto	u720
  3337   002850  EF2A  F014         	goto	u721
  3338   002854                     u721:
  3339   002854  EF36  F014         	goto	l1713
  3340   002858                     u720:
  3341   002858  1E0B               	comf	(___almod@dividend+3)^0,f,c
  3342   00285A  1E0A               	comf	(___almod@dividend+2)^0,f,c
  3343   00285C  1E09               	comf	(___almod@dividend+1)^0,f,c
  3344   00285E  6C08               	negf	___almod@dividend^0,c
  3345   002860  0E00               	movlw	0
  3346   002862  2209               	addwfc	(___almod@dividend+1)^0,f,c
  3347   002864  220A               	addwfc	(___almod@dividend+2)^0,f,c
  3348   002866  220B               	addwfc	(___almod@dividend+3)^0,f,c
  3349   002868  0E01               	movlw	1
  3350   00286A  6E11               	movwf	___almod@sign^0,c
  3351   00286C                     l1713:
  3352   00286C  BE0F               	btfsc	(___almod@divisor+3)^0,7,c
  3353   00286E  EF3D  F014         	goto	u730
  3354   002872  EF3B  F014         	goto	u731
  3355   002876                     u731:
  3356   002876  EF45  F014         	goto	l1717
  3357   00287A                     u730:
  3358   00287A  1E0F               	comf	(___almod@divisor+3)^0,f,c
  3359   00287C  1E0E               	comf	(___almod@divisor+2)^0,f,c
  3360   00287E  1E0D               	comf	(___almod@divisor+1)^0,f,c
  3361   002880  6C0C               	negf	___almod@divisor^0,c
  3362   002882  0E00               	movlw	0
  3363   002884  220D               	addwfc	(___almod@divisor+1)^0,f,c
  3364   002886  220E               	addwfc	(___almod@divisor+2)^0,f,c
  3365   002888  220F               	addwfc	(___almod@divisor+3)^0,f,c
  3366   00288A                     l1717:
  3367   00288A  500C               	movf	___almod@divisor^0,w,c
  3368   00288C  100D               	iorwf	(___almod@divisor+1)^0,w,c
  3369   00288E  100E               	iorwf	(___almod@divisor+2)^0,w,c
  3370   002890  100F               	iorwf	(___almod@divisor+3)^0,w,c
  3371   002892  B4D8               	btfsc	status,2,c
  3372   002894  EF4E  F014         	goto	u741
  3373   002898  EF50  F014         	goto	u740
  3374   00289C                     u741:
  3375   00289C  EF80  F014         	goto	l1733
  3376   0028A0                     u740:
  3377   0028A0  0E01               	movlw	1
  3378   0028A2  6E10               	movwf	___almod@counter^0,c
  3379   0028A4  EF5A  F014         	goto	l1723
  3380   0028A8                     l1721:
  3381   0028A8  90D8               	bcf	status,0,c
  3382   0028AA  360C               	rlcf	___almod@divisor^0,f,c
  3383   0028AC  360D               	rlcf	(___almod@divisor+1)^0,f,c
  3384   0028AE  360E               	rlcf	(___almod@divisor+2)^0,f,c
  3385   0028B0  360F               	rlcf	(___almod@divisor+3)^0,f,c
  3386   0028B2  2A10               	incf	___almod@counter^0,f,c
  3387   0028B4                     l1723:
  3388   0028B4  AE0F               	btfss	(___almod@divisor+3)^0,7,c
  3389   0028B6  EF5F  F014         	goto	u751
  3390   0028BA  EF61  F014         	goto	u750
  3391   0028BE                     u751:
  3392   0028BE  EF54  F014         	goto	l1721
  3393   0028C2                     u750:
  3394   0028C2                     l1725:
  3395   0028C2  500C               	movf	___almod@divisor^0,w,c
  3396   0028C4  5C08               	subwf	___almod@dividend^0,w,c
  3397   0028C6  500D               	movf	(___almod@divisor+1)^0,w,c
  3398   0028C8  5809               	subwfb	(___almod@dividend+1)^0,w,c
  3399   0028CA  500E               	movf	(___almod@divisor+2)^0,w,c
  3400   0028CC  580A               	subwfb	(___almod@dividend+2)^0,w,c
  3401   0028CE  500F               	movf	(___almod@divisor+3)^0,w,c
  3402   0028D0  580B               	subwfb	(___almod@dividend+3)^0,w,c
  3403   0028D2  A0D8               	btfss	status,0,c
  3404   0028D4  EF6E  F014         	goto	u761
  3405   0028D8  EF70  F014         	goto	u760
  3406   0028DC                     u761:
  3407   0028DC  EF78  F014         	goto	l1729
  3408   0028E0                     u760:
  3409   0028E0  500C               	movf	___almod@divisor^0,w,c
  3410   0028E2  5E08               	subwf	___almod@dividend^0,f,c
  3411   0028E4  500D               	movf	(___almod@divisor+1)^0,w,c
  3412   0028E6  5A09               	subwfb	(___almod@dividend+1)^0,f,c
  3413   0028E8  500E               	movf	(___almod@divisor+2)^0,w,c
  3414   0028EA  5A0A               	subwfb	(___almod@dividend+2)^0,f,c
  3415   0028EC  500F               	movf	(___almod@divisor+3)^0,w,c
  3416   0028EE  5A0B               	subwfb	(___almod@dividend+3)^0,f,c
  3417   0028F0                     l1729:
  3418   0028F0  90D8               	bcf	status,0,c
  3419   0028F2  320F               	rrcf	(___almod@divisor+3)^0,f,c
  3420   0028F4  320E               	rrcf	(___almod@divisor+2)^0,f,c
  3421   0028F6  320D               	rrcf	(___almod@divisor+1)^0,f,c
  3422   0028F8  320C               	rrcf	___almod@divisor^0,f,c
  3423   0028FA  2E10               	decfsz	___almod@counter^0,f,c
  3424   0028FC  EF61  F014         	goto	l1725
  3425   002900                     l1733:
  3426   002900  5011               	movf	___almod@sign^0,w,c
  3427   002902  B4D8               	btfsc	status,2,c
  3428   002904  EF86  F014         	goto	u771
  3429   002908  EF88  F014         	goto	u770
  3430   00290C                     u771:
  3431   00290C  EF90  F014         	goto	l1737
  3432   002910                     u770:
  3433   002910  1E0B               	comf	(___almod@dividend+3)^0,f,c
  3434   002912  1E0A               	comf	(___almod@dividend+2)^0,f,c
  3435   002914  1E09               	comf	(___almod@dividend+1)^0,f,c
  3436   002916  6C08               	negf	___almod@dividend^0,c
  3437   002918  0E00               	movlw	0
  3438   00291A  2209               	addwfc	(___almod@dividend+1)^0,f,c
  3439   00291C  220A               	addwfc	(___almod@dividend+2)^0,f,c
  3440   00291E  220B               	addwfc	(___almod@dividend+3)^0,f,c
  3441   002920                     l1737:
  3442   002920  C008  F008         	movff	___almod@dividend,?___almod
  3443   002924  C009  F009         	movff	___almod@dividend+1,?___almod+1
  3444   002928  C00A  F00A         	movff	___almod@dividend+2,?___almod+2
  3445   00292C  C00B  F00B         	movff	___almod@dividend+3,?___almod+3
  3446   002930  0012               	return		;funcret
  3447   002932                     __end_of___almod:
  3448                           	callstack 0
  3449                           
  3450 ;; *************** function ___aldiv *****************
  3451 ;; Defined at:
  3452 ;;		line 7 in file "C:\Program Files\Microchip\xc8\v3.10\pic\sources\c99\common\aldiv.c"
  3453 ;; Parameters:    Size  Location     Type
  3454 ;;  dividend        4   19[COMRAM] long 
  3455 ;;  divisor         4   23[COMRAM] long 
  3456 ;; Auto vars:     Size  Location     Type
  3457 ;;  quotient        4   29[COMRAM] long 
  3458 ;;  sign            1   28[COMRAM] unsigned char 
  3459 ;;  counter         1   27[COMRAM] unsigned char 
  3460 ;; Return value:  Size  Location     Type
  3461 ;;                  4   19[COMRAM] long 
  3462 ;; Registers used:
  3463 ;;		wreg, status,2, status,0
  3464 ;; Tracked objects:
  3465 ;;		On entry : 0/0
  3466 ;;		On exit  : 0/0
  3467 ;;		Unchanged: 0/0
  3468 ;; Data sizes:     COMRAM   BANK0   BANK1   BANK2   BANK3   BANK4   BANK5   BANK6   BANK7   BANK8   BANK9  BANK10  BANK1
      +1  BANK12  BANK13  BANK14  BANK15  BANK16  BANK17  BANK18  BANK19  BANK20  BANK21  BANK22  BANK23  BANK24  BANK25  BANK2
      +6  BANK27  BANK28  BANK29  BANK30  BANK31
  3469 ;;      Params:         8       0       0       0       0       0       0       0       0       0       0       0       
      +0       0       0       0       0       0       0       0       0       0       0       0       0       0       0       
      +0       0       0       0       0       0
  3470 ;;      Locals:         6       0       0       0       0       0       0       0       0       0       0       0       
      +0       0       0       0       0       0       0       0       0       0       0       0       0       0       0       
      +0       0       0       0       0       0
  3471 ;;      Temps:          0       0       0       0       0       0       0       0       0       0       0       0       
      +0       0       0       0       0       0       0       0       0       0       0       0       0       0       0       
      +0       0       0       0       0       0
  3472 ;;      Totals:        14       0       0       0       0       0       0       0       0       0       0       0       
      +0       0       0       0       0       0       0       0       0       0       0       0       0       0       0       
      +0       0       0       0       0       0
  3473 ;;Total ram usage:       14 bytes
  3474 ;; Hardware stack levels used: 1
  3475 ;; Hardware stack levels required when called: 3
  3476 ;; This function calls:
  3477 ;;		Nothing
  3478 ;; This function is called by:
  3479 ;;		_main
  3480 ;;		_format_accel
  3481 ;;		_dtoa
  3482 ;; This function uses a non-reentrant model
  3483 ;;
  3484                           
  3485                           	psect	text13
  3486   00273E                     __ptext13:
  3487                           	callstack 0
  3488   00273E                     ___aldiv:
  3489                           	callstack 22
  3490   00273E  6A1D               	clrf	___aldiv@sign^0,c
  3491   002740  BE1B               	btfsc	(___aldiv@divisor+3)^0,7,c
  3492   002742  EFA7  F013         	goto	u660
  3493   002746  EFA5  F013         	goto	u661
  3494   00274A                     u661:
  3495   00274A  EFB1  F013         	goto	l1669
  3496   00274E                     u660:
  3497   00274E  1E1B               	comf	(___aldiv@divisor+3)^0,f,c
  3498   002750  1E1A               	comf	(___aldiv@divisor+2)^0,f,c
  3499   002752  1E19               	comf	(___aldiv@divisor+1)^0,f,c
  3500   002754  6C18               	negf	___aldiv@divisor^0,c
  3501   002756  0E00               	movlw	0
  3502   002758  2219               	addwfc	(___aldiv@divisor+1)^0,f,c
  3503   00275A  221A               	addwfc	(___aldiv@divisor+2)^0,f,c
  3504   00275C  221B               	addwfc	(___aldiv@divisor+3)^0,f,c
  3505   00275E  0E01               	movlw	1
  3506   002760  6E1D               	movwf	___aldiv@sign^0,c
  3507   002762                     l1669:
  3508   002762  BE17               	btfsc	(___aldiv@dividend+3)^0,7,c
  3509   002764  EFB8  F013         	goto	u670
  3510   002768  EFB6  F013         	goto	u671
  3511   00276C                     u671:
  3512   00276C  EFC2  F013         	goto	l1675
  3513   002770                     u670:
  3514   002770  1E17               	comf	(___aldiv@dividend+3)^0,f,c
  3515   002772  1E16               	comf	(___aldiv@dividend+2)^0,f,c
  3516   002774  1E15               	comf	(___aldiv@dividend+1)^0,f,c
  3517   002776  6C14               	negf	___aldiv@dividend^0,c
  3518   002778  0E00               	movlw	0
  3519   00277A  2215               	addwfc	(___aldiv@dividend+1)^0,f,c
  3520   00277C  2216               	addwfc	(___aldiv@dividend+2)^0,f,c
  3521   00277E  2217               	addwfc	(___aldiv@dividend+3)^0,f,c
  3522   002780  0E01               	movlw	1
  3523   002782  1A1D               	xorwf	___aldiv@sign^0,f,c
  3524   002784                     l1675:
  3525   002784  0E00               	movlw	0
  3526   002786  6E1E               	movwf	___aldiv@quotient^0,c
  3527   002788  0E00               	movlw	0
  3528   00278A  6E1F               	movwf	(___aldiv@quotient+1)^0,c
  3529   00278C  0E00               	movlw	0
  3530   00278E  6E20               	movwf	(___aldiv@quotient+2)^0,c
  3531   002790  0E00               	movlw	0
  3532   002792  6E21               	movwf	(___aldiv@quotient+3)^0,c
  3533   002794  5018               	movf	___aldiv@divisor^0,w,c
  3534   002796  1019               	iorwf	(___aldiv@divisor+1)^0,w,c
  3535   002798  101A               	iorwf	(___aldiv@divisor+2)^0,w,c
  3536   00279A  101B               	iorwf	(___aldiv@divisor+3)^0,w,c
  3537   00279C  B4D8               	btfsc	status,2,c
  3538   00279E  EFD3  F013         	goto	u681
  3539   0027A2  EFD5  F013         	goto	u680
  3540   0027A6                     u681:
  3541   0027A6  EF0B  F014         	goto	l1697
  3542   0027AA                     u680:
  3543   0027AA  0E01               	movlw	1
  3544   0027AC  6E1C               	movwf	___aldiv@counter^0,c
  3545   0027AE  EFDF  F013         	goto	l1683
  3546   0027B2                     l1681:
  3547   0027B2  90D8               	bcf	status,0,c
  3548   0027B4  3618               	rlcf	___aldiv@divisor^0,f,c
  3549   0027B6  3619               	rlcf	(___aldiv@divisor+1)^0,f,c
  3550   0027B8  361A               	rlcf	(___aldiv@divisor+2)^0,f,c
  3551   0027BA  361B               	rlcf	(___aldiv@divisor+3)^0,f,c
  3552   0027BC  2A1C               	incf	___aldiv@counter^0,f,c
  3553   0027BE                     l1683:
  3554   0027BE  AE1B               	btfss	(___aldiv@divisor+3)^0,7,c
  3555   0027C0  EFE4  F013         	goto	u691
  3556   0027C4  EFE6  F013         	goto	u690
  3557   0027C8                     u691:
  3558   0027C8  EFD9  F013         	goto	l1681
  3559   0027CC                     u690:
  3560   0027CC                     l1685:
  3561   0027CC  90D8               	bcf	status,0,c
  3562   0027CE  361E               	rlcf	___aldiv@quotient^0,f,c
  3563   0027D0  361F               	rlcf	(___aldiv@quotient+1)^0,f,c
  3564   0027D2  3620               	rlcf	(___aldiv@quotient+2)^0,f,c
  3565   0027D4  3621               	rlcf	(___aldiv@quotient+3)^0,f,c
  3566   0027D6  5018               	movf	___aldiv@divisor^0,w,c
  3567   0027D8  5C14               	subwf	___aldiv@dividend^0,w,c
  3568   0027DA  5019               	movf	(___aldiv@divisor+1)^0,w,c
  3569   0027DC  5815               	subwfb	(___aldiv@dividend+1)^0,w,c
  3570   0027DE  501A               	movf	(___aldiv@divisor+2)^0,w,c
  3571   0027E0  5816               	subwfb	(___aldiv@dividend+2)^0,w,c
  3572   0027E2  501B               	movf	(___aldiv@divisor+3)^0,w,c
  3573   0027E4  5817               	subwfb	(___aldiv@dividend+3)^0,w,c
  3574   0027E6  A0D8               	btfss	status,0,c
  3575   0027E8  EFF8  F013         	goto	u701
  3576   0027EC  EFFA  F013         	goto	u700
  3577   0027F0                     u701:
  3578   0027F0  EF03  F014         	goto	l1693
  3579   0027F4                     u700:
  3580   0027F4  5018               	movf	___aldiv@divisor^0,w,c
  3581   0027F6  5E14               	subwf	___aldiv@dividend^0,f,c
  3582   0027F8  5019               	movf	(___aldiv@divisor+1)^0,w,c
  3583   0027FA  5A15               	subwfb	(___aldiv@dividend+1)^0,f,c
  3584   0027FC  501A               	movf	(___aldiv@divisor+2)^0,w,c
  3585   0027FE  5A16               	subwfb	(___aldiv@dividend+2)^0,f,c
  3586   002800  501B               	movf	(___aldiv@divisor+3)^0,w,c
  3587   002802  5A17               	subwfb	(___aldiv@dividend+3)^0,f,c
  3588   002804  801E               	bsf	___aldiv@quotient^0,0,c
  3589   002806                     l1693:
  3590   002806  90D8               	bcf	status,0,c
  3591   002808  321B               	rrcf	(___aldiv@divisor+3)^0,f,c
  3592   00280A  321A               	rrcf	(___aldiv@divisor+2)^0,f,c
  3593   00280C  3219               	rrcf	(___aldiv@divisor+1)^0,f,c
  3594   00280E  3218               	rrcf	___aldiv@divisor^0,f,c
  3595   002810  2E1C               	decfsz	___aldiv@counter^0,f,c
  3596   002812  EFE6  F013         	goto	l1685
  3597   002816                     l1697:
  3598   002816  501D               	movf	___aldiv@sign^0,w,c
  3599   002818  B4D8               	btfsc	status,2,c
  3600   00281A  EF11  F014         	goto	u711
  3601   00281E  EF13  F014         	goto	u710
  3602   002822                     u711:
  3603   002822  EF1B  F014         	goto	l1701
  3604   002826                     u710:
  3605   002826  1E21               	comf	(___aldiv@quotient+3)^0,f,c
  3606   002828  1E20               	comf	(___aldiv@quotient+2)^0,f,c
  3607   00282A  1E1F               	comf	(___aldiv@quotient+1)^0,f,c
  3608   00282C  6C1E               	negf	___aldiv@quotient^0,c
  3609   00282E  0E00               	movlw	0
  3610   002830  221F               	addwfc	(___aldiv@quotient+1)^0,f,c
  3611   002832  2220               	addwfc	(___aldiv@quotient+2)^0,f,c
  3612   002834  2221               	addwfc	(___aldiv@quotient+3)^0,f,c
  3613   002836                     l1701:
  3614   002836  C01E  F014         	movff	___aldiv@quotient,?___aldiv
  3615   00283A  C01F  F015         	movff	___aldiv@quotient+1,?___aldiv+1
  3616   00283E  C020  F016         	movff	___aldiv@quotient+2,?___aldiv+2
  3617   002842  C021  F017         	movff	___aldiv@quotient+3,?___aldiv+3
  3618   002846  0012               	return		;funcret
  3619   002848                     __end_of___aldiv:
  3620                           	callstack 0
  3621                           
  3622 ;; *************** function ___lmul *****************
  3623 ;; Defined at:
  3624 ;;		line 15 in file "C:\Program Files\Microchip\xc8\v3.10\pic\sources\c99\common\Umul32.c"
  3625 ;; Parameters:    Size  Location     Type
  3626 ;;  multiplier      4    7[COMRAM] unsigned long 
  3627 ;;  multiplicand    4   11[COMRAM] unsigned long 
  3628 ;; Auto vars:     Size  Location     Type
  3629 ;;  product         4   15[COMRAM] unsigned long 
  3630 ;; Return value:  Size  Location     Type
  3631 ;;                  4    7[COMRAM] unsigned long 
  3632 ;; Registers used:
  3633 ;;		wreg, status,2, status,0
  3634 ;; Tracked objects:
  3635 ;;		On entry : 0/0
  3636 ;;		On exit  : 0/0
  3637 ;;		Unchanged: 0/0
  3638 ;; Data sizes:     COMRAM   BANK0   BANK1   BANK2   BANK3   BANK4   BANK5   BANK6   BANK7   BANK8   BANK9  BANK10  BANK1
      +1  BANK12  BANK13  BANK14  BANK15  BANK16  BANK17  BANK18  BANK19  BANK20  BANK21  BANK22  BANK23  BANK24  BANK25  BANK2
      +6  BANK27  BANK28  BANK29  BANK30  BANK31
  3639 ;;      Params:         8       0       0       0       0       0       0       0       0       0       0       0       
      +0       0       0       0       0       0       0       0       0       0       0       0       0       0       0       
      +0       0       0       0       0       0
  3640 ;;      Locals:         4       0       0       0       0       0       0       0       0       0       0       0       
      +0       0       0       0       0       0       0       0       0       0       0       0       0       0       0       
      +0       0       0       0       0       0
  3641 ;;      Temps:          0       0       0       0       0       0       0       0       0       0       0       0       
      +0       0       0       0       0       0       0       0       0       0       0       0       0       0       0       
      +0       0       0       0       0       0
  3642 ;;      Totals:        12       0       0       0       0       0       0       0       0       0       0       0       
      +0       0       0       0       0       0       0       0       0       0       0       0       0       0       0       
      +0       0       0       0       0       0
  3643 ;;Total ram usage:       12 bytes
  3644 ;; Hardware stack levels used: 1
  3645 ;; Hardware stack levels required when called: 3
  3646 ;; This function calls:
  3647 ;;		Nothing
  3648 ;; This function is called by:
  3649 ;;		_main
  3650 ;; This function uses a non-reentrant model
  3651 ;;
  3652                           
  3653                           	psect	text14
  3654   002B98                     __ptext14:
  3655                           	callstack 0
  3656   002B98                     ___lmul:
  3657                           	callstack 27
  3658   002B98  0E00               	movlw	0
  3659   002B9A  6E10               	movwf	___lmul@product^0,c
  3660   002B9C  0E00               	movlw	0
  3661   002B9E  6E11               	movwf	(___lmul@product+1)^0,c
  3662   002BA0  0E00               	movlw	0
  3663   002BA2  6E12               	movwf	(___lmul@product+2)^0,c
  3664   002BA4  0E00               	movlw	0
  3665   002BA6  6E13               	movwf	(___lmul@product+3)^0,c
  3666   002BA8                     l2151:
  3667   002BA8  A008               	btfss	___lmul@multiplier^0,0,c
  3668   002BAA  EFD9  F015         	goto	u1131
  3669   002BAE  EFDB  F015         	goto	u1130
  3670   002BB2                     u1131:
  3671   002BB2  EFE3  F015         	goto	l2155
  3672   002BB6                     u1130:
  3673   002BB6  500C               	movf	___lmul@multiplicand^0,w,c
  3674   002BB8  2610               	addwf	___lmul@product^0,f,c
  3675   002BBA  500D               	movf	(___lmul@multiplicand+1)^0,w,c
  3676   002BBC  2211               	addwfc	(___lmul@product+1)^0,f,c
  3677   002BBE  500E               	movf	(___lmul@multiplicand+2)^0,w,c
  3678   002BC0  2212               	addwfc	(___lmul@product+2)^0,f,c
  3679   002BC2  500F               	movf	(___lmul@multiplicand+3)^0,w,c
  3680   002BC4  2213               	addwfc	(___lmul@product+3)^0,f,c
  3681   002BC6                     l2155:
  3682   002BC6  90D8               	bcf	status,0,c
  3683   002BC8  360C               	rlcf	___lmul@multiplicand^0,f,c
  3684   002BCA  360D               	rlcf	(___lmul@multiplicand+1)^0,f,c
  3685   002BCC  360E               	rlcf	(___lmul@multiplicand+2)^0,f,c
  3686   002BCE  360F               	rlcf	(___lmul@multiplicand+3)^0,f,c
  3687   002BD0  90D8               	bcf	status,0,c
  3688   002BD2  320B               	rrcf	(___lmul@multiplier+3)^0,f,c
  3689   002BD4  320A               	rrcf	(___lmul@multiplier+2)^0,f,c
  3690   002BD6  3209               	rrcf	(___lmul@multiplier+1)^0,f,c
  3691   002BD8  3208               	rrcf	___lmul@multiplier^0,f,c
  3692   002BDA  5008               	movf	___lmul@multiplier^0,w,c
  3693   002BDC  1009               	iorwf	(___lmul@multiplier+1)^0,w,c
  3694   002BDE  100A               	iorwf	(___lmul@multiplier+2)^0,w,c
  3695   002BE0  100B               	iorwf	(___lmul@multiplier+3)^0,w,c
  3696   002BE2  A4D8               	btfss	status,2,c
  3697   002BE4  EFF6  F015         	goto	u1141
  3698   002BE8  EFF8  F015         	goto	u1140
  3699   002BEC                     u1141:
  3700   002BEC  EFD4  F015         	goto	l2151
  3701   002BF0                     u1140:
  3702   002BF0  C010  F008         	movff	___lmul@product,?___lmul
  3703   002BF4  C011  F009         	movff	___lmul@product+1,?___lmul+1
  3704   002BF8  C012  F00A         	movff	___lmul@product+2,?___lmul+2
  3705   002BFC  C013  F00B         	movff	___lmul@product+3,?___lmul+3
  3706   002C00  0012               	return		;funcret
  3707   002C02                     __end_of___lmul:
  3708                           	callstack 0
  3709                           
  3710 ;; *************** function _MPU6050_Read16 *****************
  3711 ;; Defined at:
  3712 ;;		line 422 in file "DIY_ADC.c"
  3713 ;; Parameters:    Size  Location     Type
  3714 ;;  reg             1    wreg     unsigned char 
  3715 ;; Auto vars:     Size  Location     Type
  3716 ;;  reg             1   14[COMRAM] unsigned char 
  3717 ;;  low             1   16[COMRAM] unsigned char 
  3718 ;;  high            1   15[COMRAM] unsigned char 
  3719 ;; Return value:  Size  Location     Type
  3720 ;;                  2   10[COMRAM] short 
  3721 ;; Registers used:
  3722 ;;		wreg, status,2, status,0, cstack
  3723 ;; Tracked objects:
  3724 ;;		On entry : 0/0
  3725 ;;		On exit  : 0/0
  3726 ;;		Unchanged: 0/0
  3727 ;; Data sizes:     COMRAM   BANK0   BANK1   BANK2   BANK3   BANK4   BANK5   BANK6   BANK7   BANK8   BANK9  BANK10  BANK1
      +1  BANK12  BANK13  BANK14  BANK15  BANK16  BANK17  BANK18  BANK19  BANK20  BANK21  BANK22  BANK23  BANK24  BANK25  BANK2
      +6  BANK27  BANK28  BANK29  BANK30  BANK31
  3728 ;;      Params:         2       0       0       0       0       0       0       0       0       0       0       0       
      +0       0       0       0       0       0       0       0       0       0       0       0       0       0       0       
      +0       0       0       0       0       0
  3729 ;;      Locals:         3       0       0       0       0       0       0       0       0       0       0       0       
      +0       0       0       0       0       0       0       0       0       0       0       0       0       0       0       
      +0       0       0       0       0       0
  3730 ;;      Temps:          2       0       0       0       0       0       0       0       0       0       0       0       
      +0       0       0       0       0       0       0       0       0       0       0       0       0       0       0       
      +0       0       0       0       0       0
  3731 ;;      Totals:         7       0       0       0       0       0       0       0       0       0       0       0       
      +0       0       0       0       0       0       0       0       0       0       0       0       0       0       0       
      +0       0       0       0       0       0
  3732 ;;Total ram usage:        7 bytes
  3733 ;; Hardware stack levels used: 1
  3734 ;; Hardware stack levels required when called: 5
  3735 ;; This function calls:
  3736 ;;		_I2C_Read
  3737 ;;		_I2C_Start
  3738 ;;		_I2C_Stop
  3739 ;;		_I2C_Write
  3740 ;; This function is called by:
  3741 ;;		_main
  3742 ;; This function uses a non-reentrant model
  3743 ;;
  3744                           
  3745                           	psect	text15
  3746   002D9A                     __ptext15:
  3747                           	callstack 0
  3748   002D9A                     _MPU6050_Read16:
  3749                           	callstack 25
  3750                           
  3751                           ;incstack = 0
  3752                           ;MPU6050_Read16@reg stored from wreg
  3753   002D9A  6E0F               	movwf	MPU6050_Read16@reg^0,c
  3754   002D9C                     
  3755                           ;DIY_ADC.c: 422: int16_t MPU6050_Read16(unsigned char reg);DIY_ADC.c: 423: {;DIY_ADC.c: 
      +                          424:     unsigned char high;;DIY_ADC.c: 425:     unsigned char low;;DIY_ADC.c: 427:     
      +                          I2C_Start();
  3756   002D9C  ECE4  F017         	call	_I2C_Start	;wreg free
  3757   002DA0                     
  3758                           ;DIY_ADC.c: 428:     I2C_Write((0x68 << 1) | 0);
  3759   002DA0  0ED0               	movlw	208
  3760   002DA2  EC33  F016         	call	_I2C_Write
  3761   002DA6                     
  3762                           ;DIY_ADC.c: 429:     I2C_Write(reg);
  3763   002DA6  500F               	movf	MPU6050_Read16@reg^0,w,c
  3764   002DA8  EC33  F016         	call	_I2C_Write
  3765                           
  3766                           ;DIY_ADC.c: 431:     I2C_Start();
  3767   002DAC  ECE4  F017         	call	_I2C_Start	;wreg free
  3768   002DB0                     
  3769                           ;DIY_ADC.c: 432:     I2C_Write((0x68 << 1) | 1);
  3770   002DB0  0ED1               	movlw	209
  3771   002DB2  EC33  F016         	call	_I2C_Write
  3772   002DB6                     
  3773                           ;DIY_ADC.c: 434:     high = I2C_Read(1);
  3774   002DB6  0E01               	movlw	1
  3775   002DB8  EC01  F016         	call	_I2C_Read
  3776   002DBC  6E10               	movwf	MPU6050_Read16@high^0,c
  3777   002DBE                     
  3778                           ;DIY_ADC.c: 435:     low = I2C_Read(0);
  3779   002DBE  0E00               	movlw	0
  3780   002DC0  EC01  F016         	call	_I2C_Read
  3781   002DC4  6E11               	movwf	MPU6050_Read16@low^0,c
  3782   002DC6                     
  3783                           ;DIY_ADC.c: 437:     I2C_Stop();
  3784   002DC6  EC05  F018         	call	_I2C_Stop	;wreg free
  3785   002DCA                     
  3786                           ;DIY_ADC.c: 439:     return ((int16_t)high << 8) | low;
  3787   002DCA  5011               	movf	MPU6050_Read16@low^0,w,c
  3788   002DCC  C010  F00D         	movff	MPU6050_Read16@high,??_MPU6050_Read16
  3789   002DD0  6A0E               	clrf	(??_MPU6050_Read16+1)^0,c
  3790   002DD2  C00D  F00E         	movff	??_MPU6050_Read16,??_MPU6050_Read16+1
  3791   002DD6  6A0D               	clrf	??_MPU6050_Read16^0,c
  3792   002DD8  100D               	iorwf	??_MPU6050_Read16^0,w,c
  3793   002DDA  6E0B               	movwf	?_MPU6050_Read16^0,c
  3794   002DDC  500E               	movf	(??_MPU6050_Read16+1)^0,w,c
  3795   002DDE  6E0C               	movwf	(?_MPU6050_Read16+1)^0,c
  3796   002DE0  0012               	return		;funcret
  3797   002DE2                     __end_of_MPU6050_Read16:
  3798                           	callstack 0
  3799                           
  3800 ;; *************** function _I2C_Read *****************
  3801 ;; Defined at:
  3802 ;;		line 366 in file "DIY_ADC.c"
  3803 ;; Parameters:    Size  Location     Type
  3804 ;;  ack             1    wreg     unsigned char 
  3805 ;; Auto vars:     Size  Location     Type
  3806 ;;  ack             1    7[COMRAM] unsigned char 
  3807 ;;  i               1    9[COMRAM] unsigned char 
  3808 ;;  data            1    8[COMRAM] unsigned char 
  3809 ;; Return value:  Size  Location     Type
  3810 ;;                  1    wreg      unsigned char 
  3811 ;; Registers used:
  3812 ;;		wreg, status,2, status,0, cstack
  3813 ;; Tracked objects:
  3814 ;;		On entry : 0/0
  3815 ;;		On exit  : 0/0
  3816 ;;		Unchanged: 0/0
  3817 ;; Data sizes:     COMRAM   BANK0   BANK1   BANK2   BANK3   BANK4   BANK5   BANK6   BANK7   BANK8   BANK9  BANK10  BANK1
      +1  BANK12  BANK13  BANK14  BANK15  BANK16  BANK17  BANK18  BANK19  BANK20  BANK21  BANK22  BANK23  BANK24  BANK25  BANK2
      +6  BANK27  BANK28  BANK29  BANK30  BANK31
  3818 ;;      Params:         0       0       0       0       0       0       0       0       0       0       0       0       
      +0       0       0       0       0       0       0       0       0       0       0       0       0       0       0       
      +0       0       0       0       0       0
  3819 ;;      Locals:         3       0       0       0       0       0       0       0       0       0       0       0       
      +0       0       0       0       0       0       0       0       0       0       0       0       0       0       0       
      +0       0       0       0       0       0
  3820 ;;      Temps:          0       0       0       0       0       0       0       0       0       0       0       0       
      +0       0       0       0       0       0       0       0       0       0       0       0       0       0       0       
      +0       0       0       0       0       0
  3821 ;;      Totals:         3       0       0       0       0       0       0       0       0       0       0       0       
      +0       0       0       0       0       0       0       0       0       0       0       0       0       0       0       
      +0       0       0       0       0       0
  3822 ;;Total ram usage:        3 bytes
  3823 ;; Hardware stack levels used: 1
  3824 ;; Hardware stack levels required when called: 4
  3825 ;; This function calls:
  3826 ;;		_I2C_Delay
  3827 ;; This function is called by:
  3828 ;;		_MPU6050_Read16
  3829 ;; This function uses a non-reentrant model
  3830 ;;
  3831                           
  3832                           	psect	text16
  3833   002C02                     __ptext16:
  3834                           	callstack 0
  3835   002C02                     _I2C_Read:
  3836                           	callstack 25
  3837                           
  3838                           ;incstack = 0
  3839                           ;I2C_Read@ack stored from wreg
  3840   002C02  6E08               	movwf	I2C_Read@ack^0,c
  3841   002C04                     
  3842                           ;DIY_ADC.c: 366: unsigned char I2C_Read(unsigned char ack);DIY_ADC.c: 367: {;DIY_ADC.c: 
      +                          368:     unsigned char i;;DIY_ADC.c: 369:     unsigned char data = 0;
  3843   002C04  6A09               	clrf	I2C_Read@data^0,c
  3844                           
  3845                           ;DIY_ADC.c: 371:     TRISCbits.TRISC4 = 1;
  3846   002C06  88C4               	bsf	196,4,c	;volatile
  3847                           
  3848                           ;DIY_ADC.c: 373:     for(i = 0; i < 8; i++)
  3849   002C08  6A0A               	clrf	I2C_Read@i^0,c
  3850   002C0A                     l2003:
  3851                           
  3852                           ;DIY_ADC.c: 374:     {;DIY_ADC.c: 375:         data <<= 1;
  3853   002C0A  90D8               	bcf	status,0,c
  3854   002C0C  3609               	rlcf	I2C_Read@data^0,f,c
  3855   002C0E                     
  3856                           ;DIY_ADC.c: 377:         TRISCbits.TRISC3 = 1;
  3857   002C0E  86C4               	bsf	196,3,c	;volatile
  3858   002C10                     
  3859                           ;DIY_ADC.c: 378:         I2C_Delay();
  3860   002C10  EC15  F018         	call	_I2C_Delay	;wreg free
  3861   002C14                     
  3862                           ;DIY_ADC.c: 380:         if(PORTCbits.RC4)
  3863   002C14  A8CC               	btfss	204,4,c	;volatile
  3864   002C16  EF0F  F016         	goto	u1061
  3865   002C1A  EF11  F016         	goto	u1060
  3866   002C1E                     u1061:
  3867   002C1E  EF12  F016         	goto	l2013
  3868   002C22                     u1060:
  3869   002C22                     
  3870                           ;DIY_ADC.c: 381:             data |= 1;
  3871   002C22  8009               	bsf	I2C_Read@data^0,0,c
  3872   002C24                     l2013:
  3873                           
  3874                           ;DIY_ADC.c: 383:         TRISCbits.TRISC3 = 0;
  3875   002C24  96C4               	bcf	196,3,c	;volatile
  3876   002C26                     
  3877                           ;DIY_ADC.c: 384:         I2C_Delay();
  3878   002C26  EC15  F018         	call	_I2C_Delay	;wreg free
  3879   002C2A                     
  3880                           ;DIY_ADC.c: 385:     }
  3881   002C2A  2A0A               	incf	I2C_Read@i^0,f,c
  3882   002C2C  0E07               	movlw	7
  3883   002C2E  640A               	cpfsgt	I2C_Read@i^0,c
  3884   002C30  EF1C  F016         	goto	u1071
  3885   002C34  EF1E  F016         	goto	u1070
  3886   002C38                     u1071:
  3887   002C38  EF05  F016         	goto	l2003
  3888   002C3C                     u1070:
  3889   002C3C                     
  3890                           ;DIY_ADC.c: 387:     if(ack)
  3891   002C3C  5008               	movf	I2C_Read@ack^0,w,c
  3892   002C3E  B4D8               	btfsc	status,2,c
  3893   002C40  EF24  F016         	goto	u1081
  3894   002C44  EF26  F016         	goto	u1080
  3895   002C48                     u1081:
  3896   002C48  EF29  F016         	goto	l143
  3897   002C4C                     u1080:
  3898   002C4C                     
  3899                           ;DIY_ADC.c: 388:         TRISCbits.TRISC4 = 0;
  3900   002C4C  98C4               	bcf	196,4,c	;volatile
  3901   002C4E  EF2A  F016         	goto	l144
  3902   002C52                     l143:
  3903                           
  3904                           ;DIY_ADC.c: 390:         TRISCbits.TRISC4 = 1;
  3905   002C52  88C4               	bsf	196,4,c	;volatile
  3906   002C54                     l144:
  3907                           
  3908                           ;DIY_ADC.c: 392:     TRISCbits.TRISC3 = 1;
  3909   002C54  86C4               	bsf	196,3,c	;volatile
  3910   002C56                     
  3911                           ;DIY_ADC.c: 393:     I2C_Delay();
  3912   002C56  EC15  F018         	call	_I2C_Delay	;wreg free
  3913   002C5A                     
  3914                           ;DIY_ADC.c: 395:     TRISCbits.TRISC3 = 0;
  3915   002C5A  96C4               	bcf	196,3,c	;volatile
  3916   002C5C                     
  3917                           ;DIY_ADC.c: 396:     TRISCbits.TRISC4 = 1;
  3918   002C5C  88C4               	bsf	196,4,c	;volatile
  3919                           
  3920                           ;DIY_ADC.c: 397:     I2C_Delay();
  3921   002C5E  EC15  F018         	call	_I2C_Delay	;wreg free
  3922   002C62                     
  3923                           ;DIY_ADC.c: 399:     return data;
  3924   002C62  5009               	movf	I2C_Read@data^0,w,c
  3925   002C64  0012               	return		;funcret
  3926   002C66                     __end_of_I2C_Read:
  3927                           	callstack 0
  3928                           
  3929 ;; *************** function _MPU6050_Init *****************
  3930 ;; Defined at:
  3931 ;;		line 404 in file "DIY_ADC.c"
  3932 ;; Parameters:    Size  Location     Type
  3933 ;;		None
  3934 ;; Auto vars:     Size  Location     Type
  3935 ;;		None
  3936 ;; Return value:  Size  Location     Type
  3937 ;;                  1    wreg      void 
  3938 ;; Registers used:
  3939 ;;		wreg, status,2, status,0, cstack
  3940 ;; Tracked objects:
  3941 ;;		On entry : 0/0
  3942 ;;		On exit  : 0/0
  3943 ;;		Unchanged: 0/0
  3944 ;; Data sizes:     COMRAM   BANK0   BANK1   BANK2   BANK3   BANK4   BANK5   BANK6   BANK7   BANK8   BANK9  BANK10  BANK1
      +1  BANK12  BANK13  BANK14  BANK15  BANK16  BANK17  BANK18  BANK19  BANK20  BANK21  BANK22  BANK23  BANK24  BANK25  BANK2
      +6  BANK27  BANK28  BANK29  BANK30  BANK31
  3945 ;;      Params:         0       0       0       0       0       0       0       0       0       0       0       0       
      +0       0       0       0       0       0       0       0       0       0       0       0       0       0       0       
      +0       0       0       0       0       0
  3946 ;;      Locals:         0       0       0       0       0       0       0       0       0       0       0       0       
      +0       0       0       0       0       0       0       0       0       0       0       0       0       0       0       
      +0       0       0       0       0       0
  3947 ;;      Temps:          1       0       0       0       0       0       0       0       0       0       0       0       
      +0       0       0       0       0       0       0       0       0       0       0       0       0       0       0       
      +0       0       0       0       0       0
  3948 ;;      Totals:         1       0       0       0       0       0       0       0       0       0       0       0       
      +0       0       0       0       0       0       0       0       0       0       0       0       0       0       0       
      +0       0       0       0       0       0
  3949 ;;Total ram usage:        1 bytes
  3950 ;; Hardware stack levels used: 1
  3951 ;; Hardware stack levels required when called: 6
  3952 ;; This function calls:
  3953 ;;		_MPU6050_Write
  3954 ;; This function is called by:
  3955 ;;		_main
  3956 ;; This function uses a non-reentrant model
  3957 ;;
  3958                           
  3959                           	psect	text17
  3960   002EF4                     __ptext17:
  3961                           	callstack 0
  3962   002EF4                     _MPU6050_Init:
  3963                           	callstack 24
  3964   002EF4                     
  3965                           ;DIY_ADC.c: 406:     _delay((unsigned long)((100)*(4000000UL/4000.0)));
  3966   002EF4  0E82               	movlw	130
  3967   002EF6  6E0C               	movwf	??_MPU6050_Init^0,c
  3968   002EF8  0EDE               	movlw	222
  3969   002EFA                     u1277:
  3970   002EFA  2EE8               	decfsz	wreg,f,c
  3971   002EFC  D7FE               	bra	u1277
  3972   002EFE  2E0C               	decfsz	??_MPU6050_Init^0,f,c
  3973   002F00  D7FC               	bra	u1277
  3974   002F02                     
  3975                           ;DIY_ADC.c: 408:     MPU6050_Write(0x6B, 0x00);
  3976   002F02  0E00               	movlw	0
  3977   002F04  6E0A               	movwf	MPU6050_Write@data^0,c
  3978   002F06  0E6B               	movlw	107
  3979   002F08  ECBA  F017         	call	_MPU6050_Write
  3980   002F0C                     
  3981                           ;DIY_ADC.c: 409:     MPU6050_Write(0x1C, 0x00);
  3982   002F0C  0E00               	movlw	0
  3983   002F0E  6E0A               	movwf	MPU6050_Write@data^0,c
  3984   002F10  0E1C               	movlw	28
  3985   002F12  ECBA  F017         	call	_MPU6050_Write
  3986   002F16                     
  3987                           ;DIY_ADC.c: 410:     MPU6050_Write(0x1B, 0x00);
  3988   002F16  0E00               	movlw	0
  3989   002F18  6E0A               	movwf	MPU6050_Write@data^0,c
  3990   002F1A  0E1B               	movlw	27
  3991   002F1C  ECBA  F017         	call	_MPU6050_Write
  3992   002F20  0012               	return		;funcret
  3993   002F22                     __end_of_MPU6050_Init:
  3994                           	callstack 0
  3995                           
  3996 ;; *************** function _MPU6050_Write *****************
  3997 ;; Defined at:
  3998 ;;		line 413 in file "DIY_ADC.c"
  3999 ;; Parameters:    Size  Location     Type
  4000 ;;  reg             1    wreg     unsigned char 
  4001 ;;  data            1    9[COMRAM] unsigned char 
  4002 ;; Auto vars:     Size  Location     Type
  4003 ;;  reg             1   10[COMRAM] unsigned char 
  4004 ;; Return value:  Size  Location     Type
  4005 ;;                  1    wreg      void 
  4006 ;; Registers used:
  4007 ;;		wreg, status,2, status,0, cstack
  4008 ;; Tracked objects:
  4009 ;;		On entry : 0/0
  4010 ;;		On exit  : 0/0
  4011 ;;		Unchanged: 0/0
  4012 ;; Data sizes:     COMRAM   BANK0   BANK1   BANK2   BANK3   BANK4   BANK5   BANK6   BANK7   BANK8   BANK9  BANK10  BANK1
      +1  BANK12  BANK13  BANK14  BANK15  BANK16  BANK17  BANK18  BANK19  BANK20  BANK21  BANK22  BANK23  BANK24  BANK25  BANK2
      +6  BANK27  BANK28  BANK29  BANK30  BANK31
  4013 ;;      Params:         1       0       0       0       0       0       0       0       0       0       0       0       
      +0       0       0       0       0       0       0       0       0       0       0       0       0       0       0       
      +0       0       0       0       0       0
  4014 ;;      Locals:         1       0       0       0       0       0       0       0       0       0       0       0       
      +0       0       0       0       0       0       0       0       0       0       0       0       0       0       0       
      +0       0       0       0       0       0
  4015 ;;      Temps:          0       0       0       0       0       0       0       0       0       0       0       0       
      +0       0       0       0       0       0       0       0       0       0       0       0       0       0       0       
      +0       0       0       0       0       0
  4016 ;;      Totals:         2       0       0       0       0       0       0       0       0       0       0       0       
      +0       0       0       0       0       0       0       0       0       0       0       0       0       0       0       
      +0       0       0       0       0       0
  4017 ;;Total ram usage:        2 bytes
  4018 ;; Hardware stack levels used: 1
  4019 ;; Hardware stack levels required when called: 5
  4020 ;; This function calls:
  4021 ;;		_I2C_Start
  4022 ;;		_I2C_Stop
  4023 ;;		_I2C_Write
  4024 ;; This function is called by:
  4025 ;;		_MPU6050_Init
  4026 ;; This function uses a non-reentrant model
  4027 ;;
  4028                           
  4029                           	psect	text18
  4030   002F74                     __ptext18:
  4031                           	callstack 0
  4032   002F74                     _MPU6050_Write:
  4033                           	callstack 24
  4034                           
  4035                           ;incstack = 0
  4036                           ;MPU6050_Write@reg stored from wreg
  4037   002F74  6E0B               	movwf	MPU6050_Write@reg^0,c
  4038   002F76                     
  4039                           ;DIY_ADC.c: 413: void MPU6050_Write(unsigned char reg, unsigned char data);DIY_ADC.c: 41
      +                          4: {;DIY_ADC.c: 415:     I2C_Start();
  4040   002F76  ECE4  F017         	call	_I2C_Start	;wreg free
  4041   002F7A                     
  4042                           ;DIY_ADC.c: 416:     I2C_Write((0x68 << 1) | 0);
  4043   002F7A  0ED0               	movlw	208
  4044   002F7C  EC33  F016         	call	_I2C_Write
  4045   002F80                     
  4046                           ;DIY_ADC.c: 417:     I2C_Write(reg);
  4047   002F80  500B               	movf	MPU6050_Write@reg^0,w,c
  4048   002F82  EC33  F016         	call	_I2C_Write
  4049   002F86                     
  4050                           ;DIY_ADC.c: 418:     I2C_Write(data);
  4051   002F86  500A               	movf	MPU6050_Write@data^0,w,c
  4052   002F88  EC33  F016         	call	_I2C_Write
  4053   002F8C                     
  4054                           ;DIY_ADC.c: 419:     I2C_Stop();
  4055   002F8C  EC05  F018         	call	_I2C_Stop	;wreg free
  4056   002F90  0012               	return		;funcret
  4057   002F92                     __end_of_MPU6050_Write:
  4058                           	callstack 0
  4059                           
  4060 ;; *************** function _I2C_Write *****************
  4061 ;; Defined at:
  4062 ;;		line 333 in file "DIY_ADC.c"
  4063 ;; Parameters:    Size  Location     Type
  4064 ;;  data            1    wreg     unsigned char 
  4065 ;; Auto vars:     Size  Location     Type
  4066 ;;  data            1    7[COMRAM] unsigned char 
  4067 ;;  i               1    8[COMRAM] unsigned char 
  4068 ;;  ack             1    0        unsigned char 
  4069 ;; Return value:  Size  Location     Type
  4070 ;;                  1    wreg      unsigned char 
  4071 ;; Registers used:
  4072 ;;		wreg, status,2, status,0, cstack
  4073 ;; Tracked objects:
  4074 ;;		On entry : 0/0
  4075 ;;		On exit  : 0/0
  4076 ;;		Unchanged: 0/0
  4077 ;; Data sizes:     COMRAM   BANK0   BANK1   BANK2   BANK3   BANK4   BANK5   BANK6   BANK7   BANK8   BANK9  BANK10  BANK1
      +1  BANK12  BANK13  BANK14  BANK15  BANK16  BANK17  BANK18  BANK19  BANK20  BANK21  BANK22  BANK23  BANK24  BANK25  BANK2
      +6  BANK27  BANK28  BANK29  BANK30  BANK31
  4078 ;;      Params:         0       0       0       0       0       0       0       0       0       0       0       0       
      +0       0       0       0       0       0       0       0       0       0       0       0       0       0       0       
      +0       0       0       0       0       0
  4079 ;;      Locals:         2       0       0       0       0       0       0       0       0       0       0       0       
      +0       0       0       0       0       0       0       0       0       0       0       0       0       0       0       
      +0       0       0       0       0       0
  4080 ;;      Temps:          0       0       0       0       0       0       0       0       0       0       0       0       
      +0       0       0       0       0       0       0       0       0       0       0       0       0       0       0       
      +0       0       0       0       0       0
  4081 ;;      Totals:         2       0       0       0       0       0       0       0       0       0       0       0       
      +0       0       0       0       0       0       0       0       0       0       0       0       0       0       0       
      +0       0       0       0       0       0
  4082 ;;Total ram usage:        2 bytes
  4083 ;; Hardware stack levels used: 1
  4084 ;; Hardware stack levels required when called: 3
  4085 ;; This function calls:
  4086 ;;		_I2C_Delay
  4087 ;; This function is called by:
  4088 ;;		_MPU6050_Write
  4089 ;;		_MPU6050_Read16
  4090 ;; This function uses a non-reentrant model
  4091 ;;
  4092                           
  4093                           	psect	text19
  4094   002C66                     __ptext19:
  4095                           	callstack 0
  4096   002C66                     _I2C_Write:
  4097                           	callstack 25
  4098                           
  4099                           ;incstack = 0
  4100                           ;I2C_Write@data stored from wreg
  4101   002C66  6E08               	movwf	I2C_Write@data^0,c
  4102   002C68                     
  4103                           ;DIY_ADC.c: 333: unsigned char I2C_Write(unsigned char data);DIY_ADC.c: 334: {;DIY_ADC.c
      +                          : 335:     unsigned char i;;DIY_ADC.c: 336:     unsigned char ack;;DIY_ADC.c: 338:     f
      +                          or(i = 0; i < 8; i++)
  4104   002C68  6A09               	clrf	I2C_Write@i^0,c
  4105   002C6A                     l133:
  4106                           
  4107                           ;DIY_ADC.c: 339:     {;DIY_ADC.c: 340:         if(data & 0x80)
  4108   002C6A  AE08               	btfss	I2C_Write@data^0,7,c
  4109   002C6C  EF3A  F016         	goto	u1001
  4110   002C70  EF3C  F016         	goto	u1000
  4111   002C74                     u1001:
  4112   002C74  EF3F  F016         	goto	l135
  4113   002C78                     u1000:
  4114   002C78                     
  4115                           ;DIY_ADC.c: 341:             TRISCbits.TRISC4 = 1;
  4116   002C78  88C4               	bsf	196,4,c	;volatile
  4117   002C7A  EF40  F016         	goto	l136
  4118   002C7E                     l135:
  4119                           
  4120                           ;DIY_ADC.c: 343:             TRISCbits.TRISC4 = 0;
  4121   002C7E  98C4               	bcf	196,4,c	;volatile
  4122   002C80                     l136:
  4123                           
  4124                           ;DIY_ADC.c: 345:         TRISCbits.TRISC3 = 1;
  4125   002C80  86C4               	bsf	196,3,c	;volatile
  4126   002C82                     
  4127                           ;DIY_ADC.c: 346:         I2C_Delay();
  4128   002C82  EC15  F018         	call	_I2C_Delay	;wreg free
  4129   002C86                     
  4130                           ;DIY_ADC.c: 348:         TRISCbits.TRISC3 = 0;
  4131   002C86  96C4               	bcf	196,3,c	;volatile
  4132                           
  4133                           ;DIY_ADC.c: 349:         I2C_Delay();
  4134   002C88  EC15  F018         	call	_I2C_Delay	;wreg free
  4135   002C8C                     
  4136                           ;DIY_ADC.c: 351:         data <<= 1;
  4137   002C8C  90D8               	bcf	status,0,c
  4138   002C8E  3608               	rlcf	I2C_Write@data^0,f,c
  4139   002C90                     
  4140                           ;DIY_ADC.c: 352:     }
  4141   002C90  2A09               	incf	I2C_Write@i^0,f,c
  4142   002C92  0E07               	movlw	7
  4143   002C94  6409               	cpfsgt	I2C_Write@i^0,c
  4144   002C96  EF4F  F016         	goto	u1011
  4145   002C9A  EF51  F016         	goto	u1010
  4146   002C9E                     u1011:
  4147   002C9E  EF35  F016         	goto	l133
  4148   002CA2                     u1010:
  4149   002CA2                     
  4150                           ;DIY_ADC.c: 354:     TRISCbits.TRISC4 = 1;
  4151   002CA2  88C4               	bsf	196,4,c	;volatile
  4152                           
  4153                           ;DIY_ADC.c: 355:     TRISCbits.TRISC3 = 1;
  4154   002CA4  86C4               	bsf	196,3,c	;volatile
  4155   002CA6                     
  4156                           ;DIY_ADC.c: 356:     I2C_Delay();
  4157   002CA6  EC15  F018         	call	_I2C_Delay	;wreg free
  4158   002CAA  50CC               	movf	204,w,c	;volatile
  4159   002CAC                     
  4160                           ;DIY_ADC.c: 360:     TRISCbits.TRISC3 = 0;
  4161   002CAC  96C4               	bcf	196,3,c	;volatile
  4162   002CAE                     
  4163                           ;DIY_ADC.c: 361:     I2C_Delay();
  4164   002CAE  EC15  F018         	call	_I2C_Delay	;wreg free
  4165   002CB2  0012               	return		;funcret
  4166   002CB4                     __end_of_I2C_Write:
  4167                           	callstack 0
  4168                           
  4169 ;; *************** function _I2C_Stop *****************
  4170 ;; Defined at:
  4171 ;;		line 323 in file "DIY_ADC.c"
  4172 ;; Parameters:    Size  Location     Type
  4173 ;;		None
  4174 ;; Auto vars:     Size  Location     Type
  4175 ;;		None
  4176 ;; Return value:  Size  Location     Type
  4177 ;;                  1    wreg      void 
  4178 ;; Registers used:
  4179 ;;		cstack
  4180 ;; Tracked objects:
  4181 ;;		On entry : 0/0
  4182 ;;		On exit  : 0/0
  4183 ;;		Unchanged: 0/0
  4184 ;; Data sizes:     COMRAM   BANK0   BANK1   BANK2   BANK3   BANK4   BANK5   BANK6   BANK7   BANK8   BANK9  BANK10  BANK1
      +1  BANK12  BANK13  BANK14  BANK15  BANK16  BANK17  BANK18  BANK19  BANK20  BANK21  BANK22  BANK23  BANK24  BANK25  BANK2
      +6  BANK27  BANK28  BANK29  BANK30  BANK31
  4185 ;;      Params:         0       0       0       0       0       0       0       0       0       0       0       0       
      +0       0       0       0       0       0       0       0       0       0       0       0       0       0       0       
      +0       0       0       0       0       0
  4186 ;;      Locals:         0       0       0       0       0       0       0       0       0       0       0       0       
      +0       0       0       0       0       0       0       0       0       0       0       0       0       0       0       
      +0       0       0       0       0       0
  4187 ;;      Temps:          0       0       0       0       0       0       0       0       0       0       0       0       
      +0       0       0       0       0       0       0       0       0       0       0       0       0       0       0       
      +0       0       0       0       0       0
  4188 ;;      Totals:         0       0       0       0       0       0       0       0       0       0       0       0       
      +0       0       0       0       0       0       0       0       0       0       0       0       0       0       0       
      +0       0       0       0       0       0
  4189 ;;Total ram usage:        0 bytes
  4190 ;; Hardware stack levels used: 1
  4191 ;; Hardware stack levels required when called: 3
  4192 ;; This function calls:
  4193 ;;		_I2C_Delay
  4194 ;; This function is called by:
  4195 ;;		_MPU6050_Write
  4196 ;;		_MPU6050_Read16
  4197 ;; This function uses a non-reentrant model
  4198 ;;
  4199                           
  4200                           	psect	text20
  4201   00300A                     __ptext20:
  4202                           	callstack 0
  4203   00300A                     _I2C_Stop:
  4204                           	callstack 25
  4205   00300A                     
  4206                           ;DIY_ADC.c: 325:     TRISCbits.TRISC4 = 0;
  4207   00300A  98C4               	bcf	196,4,c	;volatile
  4208                           
  4209                           ;DIY_ADC.c: 326:     TRISCbits.TRISC3 = 1;
  4210   00300C  86C4               	bsf	196,3,c	;volatile
  4211   00300E                     
  4212                           ;DIY_ADC.c: 327:     I2C_Delay();
  4213   00300E  EC15  F018         	call	_I2C_Delay	;wreg free
  4214   003012                     
  4215                           ;DIY_ADC.c: 329:     TRISCbits.TRISC4 = 1;
  4216   003012  88C4               	bsf	196,4,c	;volatile
  4217                           
  4218                           ;DIY_ADC.c: 330:     I2C_Delay();
  4219   003014  EC15  F018         	call	_I2C_Delay	;wreg free
  4220   003018  0012               	return		;funcret
  4221   00301A                     __end_of_I2C_Stop:
  4222                           	callstack 0
  4223                           
  4224 ;; *************** function _I2C_Start *****************
  4225 ;; Defined at:
  4226 ;;		line 310 in file "DIY_ADC.c"
  4227 ;; Parameters:    Size  Location     Type
  4228 ;;		None
  4229 ;; Auto vars:     Size  Location     Type
  4230 ;;		None
  4231 ;; Return value:  Size  Location     Type
  4232 ;;                  1    wreg      void 
  4233 ;; Registers used:
  4234 ;;		cstack
  4235 ;; Tracked objects:
  4236 ;;		On entry : 0/0
  4237 ;;		On exit  : 0/0
  4238 ;;		Unchanged: 0/0
  4239 ;; Data sizes:     COMRAM   BANK0   BANK1   BANK2   BANK3   BANK4   BANK5   BANK6   BANK7   BANK8   BANK9  BANK10  BANK1
      +1  BANK12  BANK13  BANK14  BANK15  BANK16  BANK17  BANK18  BANK19  BANK20  BANK21  BANK22  BANK23  BANK24  BANK25  BANK2
      +6  BANK27  BANK28  BANK29  BANK30  BANK31
  4240 ;;      Params:         0       0       0       0       0       0       0       0       0       0       0       0       
      +0       0       0       0       0       0       0       0       0       0       0       0       0       0       0       
      +0       0       0       0       0       0
  4241 ;;      Locals:         0       0       0       0       0       0       0       0       0       0       0       0       
      +0       0       0       0       0       0       0       0       0       0       0       0       0       0       0       
      +0       0       0       0       0       0
  4242 ;;      Temps:          0       0       0       0       0       0       0       0       0       0       0       0       
      +0       0       0       0       0       0       0       0       0       0       0       0       0       0       0       
      +0       0       0       0       0       0
  4243 ;;      Totals:         0       0       0       0       0       0       0       0       0       0       0       0       
      +0       0       0       0       0       0       0       0       0       0       0       0       0       0       0       
      +0       0       0       0       0       0
  4244 ;;Total ram usage:        0 bytes
  4245 ;; Hardware stack levels used: 1
  4246 ;; Hardware stack levels required when called: 3
  4247 ;; This function calls:
  4248 ;;		_I2C_Delay
  4249 ;; This function is called by:
  4250 ;;		_MPU6050_Write
  4251 ;;		_MPU6050_Read16
  4252 ;; This function uses a non-reentrant model
  4253 ;;
  4254                           
  4255                           	psect	text21
  4256   002FC8                     __ptext21:
  4257                           	callstack 0
  4258   002FC8                     _I2C_Start:
  4259                           	callstack 25
  4260   002FC8                     
  4261                           ;DIY_ADC.c: 312:     TRISCbits.TRISC4 = 1;
  4262   002FC8  88C4               	bsf	196,4,c	;volatile
  4263                           
  4264                           ;DIY_ADC.c: 313:     TRISCbits.TRISC3 = 1;
  4265   002FCA  86C4               	bsf	196,3,c	;volatile
  4266   002FCC                     
  4267                           ;DIY_ADC.c: 314:     I2C_Delay();
  4268   002FCC  EC15  F018         	call	_I2C_Delay	;wreg free
  4269   002FD0                     
  4270                           ;DIY_ADC.c: 316:     TRISCbits.TRISC4 = 0;
  4271   002FD0  98C4               	bcf	196,4,c	;volatile
  4272                           
  4273                           ;DIY_ADC.c: 317:     I2C_Delay();
  4274   002FD2  EC15  F018         	call	_I2C_Delay	;wreg free
  4275   002FD6                     
  4276                           ;DIY_ADC.c: 319:     TRISCbits.TRISC3 = 0;
  4277   002FD6  96C4               	bcf	196,3,c	;volatile
  4278                           
  4279                           ;DIY_ADC.c: 320:     I2C_Delay();
  4280   002FD8  EC15  F018         	call	_I2C_Delay	;wreg free
  4281   002FDC  0012               	return		;funcret
  4282   002FDE                     __end_of_I2C_Start:
  4283                           	callstack 0
  4284                           
  4285 ;; *************** function _I2C_Delay *****************
  4286 ;; Defined at:
  4287 ;;		line 305 in file "DIY_ADC.c"
  4288 ;; Parameters:    Size  Location     Type
  4289 ;;		None
  4290 ;; Auto vars:     Size  Location     Type
  4291 ;;		None
  4292 ;; Return value:  Size  Location     Type
  4293 ;;                  1    wreg      void 
  4294 ;; Registers used:
  4295 ;;		None
  4296 ;; Tracked objects:
  4297 ;;		On entry : 0/0
  4298 ;;		On exit  : 0/0
  4299 ;;		Unchanged: 0/0
  4300 ;; Data sizes:     COMRAM   BANK0   BANK1   BANK2   BANK3   BANK4   BANK5   BANK6   BANK7   BANK8   BANK9  BANK10  BANK1
      +1  BANK12  BANK13  BANK14  BANK15  BANK16  BANK17  BANK18  BANK19  BANK20  BANK21  BANK22  BANK23  BANK24  BANK25  BANK2
      +6  BANK27  BANK28  BANK29  BANK30  BANK31
  4301 ;;      Params:         0       0       0       0       0       0       0       0       0       0       0       0       
      +0       0       0       0       0       0       0       0       0       0       0       0       0       0       0       
      +0       0       0       0       0       0
  4302 ;;      Locals:         0       0       0       0       0       0       0       0       0       0       0       0       
      +0       0       0       0       0       0       0       0       0       0       0       0       0       0       0       
      +0       0       0       0       0       0
  4303 ;;      Temps:          0       0       0       0       0       0       0       0       0       0       0       0       
      +0       0       0       0       0       0       0       0       0       0       0       0       0       0       0       
      +0       0       0       0       0       0
  4304 ;;      Totals:         0       0       0       0       0       0       0       0       0       0       0       0       
      +0       0       0       0       0       0       0       0       0       0       0       0       0       0       0       
      +0       0       0       0       0       0
  4305 ;;Total ram usage:        0 bytes
  4306 ;; Hardware stack levels used: 1
  4307 ;; Hardware stack levels required when called: 3
  4308 ;; This function calls:
  4309 ;;		Nothing
  4310 ;; This function is called by:
  4311 ;;		_I2C_Start
  4312 ;;		_I2C_Stop
  4313 ;;		_I2C_Write
  4314 ;;		_I2C_Read
  4315 ;; This function uses a non-reentrant model
  4316 ;;
  4317                           
  4318                           	psect	text22
  4319   00302A                     __ptext22:
  4320                           	callstack 0
  4321   00302A                     _I2C_Delay:
  4322                           	callstack 24
  4323   00302A                     
  4324                           ;DIY_ADC.c: 307:     _delay((unsigned long)((5)*(4000000UL/4000000.0)));
  4325   00302A  D000               	nop2		;2 cycle nop
  4326   00302C  D000               	nop2		;2 cycle nop
  4327   00302E  0000               	nop	
  4328   003030  0012               	return		;funcret
  4329   003032                     __end_of_I2C_Delay:
  4330                           	callstack 0
  4331                           
  4332 ;; *************** function _LCD_String_xy *****************
  4333 ;; Defined at:
  4334 ;;		line 271 in file "DIY_ADC.c"
  4335 ;; Parameters:    Size  Location     Type
  4336 ;;  row             1    wreg     unsigned char 
  4337 ;;  pos             1    9[COMRAM] unsigned char 
  4338 ;;  msg             1   10[COMRAM] PTR const unsigned char 
  4339 ;;		 -> main@line2(21), main@line1(21), 
  4340 ;; Auto vars:     Size  Location     Type
  4341 ;;  row             1   11[COMRAM] unsigned char 
  4342 ;;  location        1   12[COMRAM] unsigned char 
  4343 ;; Return value:  Size  Location     Type
  4344 ;;                  1    wreg      void 
  4345 ;; Registers used:
  4346 ;;		wreg, fsr2l, fsr2h, status,2, status,0, cstack
  4347 ;; Tracked objects:
  4348 ;;		On entry : 0/0
  4349 ;;		On exit  : 0/0
  4350 ;;		Unchanged: 0/0
  4351 ;; Data sizes:     COMRAM   BANK0   BANK1   BANK2   BANK3   BANK4   BANK5   BANK6   BANK7   BANK8   BANK9  BANK10  BANK1
      +1  BANK12  BANK13  BANK14  BANK15  BANK16  BANK17  BANK18  BANK19  BANK20  BANK21  BANK22  BANK23  BANK24  BANK25  BANK2
      +6  BANK27  BANK28  BANK29  BANK30  BANK31
  4352 ;;      Params:         2       0       0       0       0       0       0       0       0       0       0       0       
      +0       0       0       0       0       0       0       0       0       0       0       0       0       0       0       
      +0       0       0       0       0       0
  4353 ;;      Locals:         2       0       0       0       0       0       0       0       0       0       0       0       
      +0       0       0       0       0       0       0       0       0       0       0       0       0       0       0       
      +0       0       0       0       0       0
  4354 ;;      Temps:          0       0       0       0       0       0       0       0       0       0       0       0       
      +0       0       0       0       0       0       0       0       0       0       0       0       0       0       0       
      +0       0       0       0       0       0
  4355 ;;      Totals:         4       0       0       0       0       0       0       0       0       0       0       0       
      +0       0       0       0       0       0       0       0       0       0       0       0       0       0       0       
      +0       0       0       0       0       0
  4356 ;;Total ram usage:        4 bytes
  4357 ;; Hardware stack levels used: 1
  4358 ;; Hardware stack levels required when called: 5
  4359 ;; This function calls:
  4360 ;;		_LCD_Command
  4361 ;;		_LCD_String
  4362 ;; This function is called by:
  4363 ;;		_main
  4364 ;; This function uses a non-reentrant model
  4365 ;;
  4366                           
  4367                           	psect	text23
  4368   002E92                     __ptext23:
  4369                           	callstack 0
  4370   002E92                     _LCD_String_xy:
  4371                           	callstack 25
  4372                           
  4373                           ;incstack = 0
  4374                           ;LCD_String_xy@row stored from wreg
  4375   002E92  6E0C               	movwf	LCD_String_xy@row^0,c
  4376   002E94                     
  4377                           ;DIY_ADC.c: 271: void LCD_String_xy(unsigned char row, unsigned char pos, const char *ms
      +                          g);DIY_ADC.c: 272: {;DIY_ADC.c: 273:     unsigned char location;;DIY_ADC.c: 275:     if(
      +                          row == 1)
  4378   002E94  040C               	decf	LCD_String_xy@row^0,w,c
  4379   002E96  A4D8               	btfss	status,2,c
  4380   002E98  EF50  F017         	goto	u1121
  4381   002E9C  EF52  F017         	goto	u1120
  4382   002EA0                     u1121:
  4383   002EA0  EF57  F017         	goto	l2143
  4384   002EA4                     u1120:
  4385   002EA4                     
  4386                           ;DIY_ADC.c: 276:         location = 0x80 + pos;
  4387   002EA4  500A               	movf	LCD_String_xy@pos^0,w,c
  4388   002EA6  0F80               	addlw	128
  4389   002EA8  6E0D               	movwf	LCD_String_xy@location^0,c
  4390   002EAA  EF5A  F017         	goto	l2145
  4391   002EAE                     l2143:
  4392                           
  4393                           ;DIY_ADC.c: 278:         location = 0xC0 + pos;
  4394   002EAE  500A               	movf	LCD_String_xy@pos^0,w,c
  4395   002EB0  0FC0               	addlw	192
  4396   002EB2  6E0D               	movwf	LCD_String_xy@location^0,c
  4397   002EB4                     l2145:
  4398                           
  4399                           ;DIY_ADC.c: 280:     LCD_Command(location);
  4400   002EB4  500D               	movf	LCD_String_xy@location^0,w,c
  4401   002EB6  EC5A  F016         	call	_LCD_Command
  4402   002EBA                     
  4403                           ;DIY_ADC.c: 281:     LCD_String(msg);
  4404   002EBA  C00B  F009         	movff	LCD_String_xy@msg,LCD_String@msg
  4405   002EBE  EC91  F017         	call	_LCD_String	;wreg free
  4406   002EC2  0012               	return		;funcret
  4407   002EC4                     __end_of_LCD_String_xy:
  4408                           	callstack 0
  4409                           
  4410 ;; *************** function _LCD_String *****************
  4411 ;; Defined at:
  4412 ;;		line 263 in file "DIY_ADC.c"
  4413 ;; Parameters:    Size  Location     Type
  4414 ;;  msg             1    8[COMRAM] PTR const unsigned char 
  4415 ;;		 -> main@line2(21), main@line1(21), 
  4416 ;; Auto vars:     Size  Location     Type
  4417 ;;		None
  4418 ;; Return value:  Size  Location     Type
  4419 ;;                  1    wreg      void 
  4420 ;; Registers used:
  4421 ;;		wreg, fsr2l, fsr2h, status,2, status,0, cstack
  4422 ;; Tracked objects:
  4423 ;;		On entry : 0/0
  4424 ;;		On exit  : 0/0
  4425 ;;		Unchanged: 0/0
  4426 ;; Data sizes:     COMRAM   BANK0   BANK1   BANK2   BANK3   BANK4   BANK5   BANK6   BANK7   BANK8   BANK9  BANK10  BANK1
      +1  BANK12  BANK13  BANK14  BANK15  BANK16  BANK17  BANK18  BANK19  BANK20  BANK21  BANK22  BANK23  BANK24  BANK25  BANK2
      +6  BANK27  BANK28  BANK29  BANK30  BANK31
  4427 ;;      Params:         1       0       0       0       0       0       0       0       0       0       0       0       
      +0       0       0       0       0       0       0       0       0       0       0       0       0       0       0       
      +0       0       0       0       0       0
  4428 ;;      Locals:         0       0       0       0       0       0       0       0       0       0       0       0       
      +0       0       0       0       0       0       0       0       0       0       0       0       0       0       0       
      +0       0       0       0       0       0
  4429 ;;      Temps:          0       0       0       0       0       0       0       0       0       0       0       0       
      +0       0       0       0       0       0       0       0       0       0       0       0       0       0       0       
      +0       0       0       0       0       0
  4430 ;;      Totals:         1       0       0       0       0       0       0       0       0       0       0       0       
      +0       0       0       0       0       0       0       0       0       0       0       0       0       0       0       
      +0       0       0       0       0       0
  4431 ;;Total ram usage:        1 bytes
  4432 ;; Hardware stack levels used: 1
  4433 ;; Hardware stack levels required when called: 4
  4434 ;; This function calls:
  4435 ;;		_LCD_Char
  4436 ;; This function is called by:
  4437 ;;		_LCD_String_xy
  4438 ;; This function uses a non-reentrant model
  4439 ;;
  4440                           
  4441                           	psect	text24
  4442   002F22                     __ptext24:
  4443                           	callstack 0
  4444   002F22                     _LCD_String:
  4445                           	callstack 25
  4446   002F22                     
  4447                           ;DIY_ADC.c: 263: void LCD_String(const char *msg);DIY_ADC.c: 264: {;DIY_ADC.c: 265:     
      +                          while(*msg)
  4448   002F22  EF9A  F017         	goto	l1995
  4449   002F26                     l1991:
  4450                           
  4451                           ;DIY_ADC.c: 266:     {;DIY_ADC.c: 267:         LCD_Char(*msg++);
  4452   002F26  5009               	movf	LCD_String@msg^0,w,c
  4453   002F28  6ED9               	movwf	fsr2l,c
  4454   002F2A  6ADA               	clrf	fsr2h,c
  4455   002F2C  50DF               	movf	indf2,w,c
  4456   002F2E  ECD7  F017         	call	_LCD_Char
  4457   002F32  2A09               	incf	LCD_String@msg^0,f,c
  4458   002F34                     l1995:
  4459                           
  4460                           ;DIY_ADC.c: 265:     while(*msg)
  4461   002F34  5009               	movf	LCD_String@msg^0,w,c
  4462   002F36  6ED9               	movwf	fsr2l,c
  4463   002F38  6ADA               	clrf	fsr2h,c
  4464   002F3A  50DF               	movf	indf2,w,c
  4465   002F3C  A4D8               	btfss	status,2,c
  4466   002F3E  EFA3  F017         	goto	u1051
  4467   002F42  EFA5  F017         	goto	u1050
  4468   002F46                     u1051:
  4469   002F46  EF93  F017         	goto	l1991
  4470   002F4A                     u1050:
  4471   002F4A  0012               	return		;funcret
  4472   002F4C                     __end_of_LCD_String:
  4473                           	callstack 0
  4474                           
  4475 ;; *************** function _LCD_Char *****************
  4476 ;; Defined at:
  4477 ;;		line 251 in file "DIY_ADC.c"
  4478 ;; Parameters:    Size  Location     Type
  4479 ;;  data            1    wreg     unsigned char 
  4480 ;; Auto vars:     Size  Location     Type
  4481 ;;  data            1    7[COMRAM] unsigned char 
  4482 ;; Return value:  Size  Location     Type
  4483 ;;                  1    wreg      void 
  4484 ;; Registers used:
  4485 ;;		wreg, status,2, cstack
  4486 ;; Tracked objects:
  4487 ;;		On entry : 0/0
  4488 ;;		On exit  : 0/0
  4489 ;;		Unchanged: 0/0
  4490 ;; Data sizes:     COMRAM   BANK0   BANK1   BANK2   BANK3   BANK4   BANK5   BANK6   BANK7   BANK8   BANK9  BANK10  BANK1
      +1  BANK12  BANK13  BANK14  BANK15  BANK16  BANK17  BANK18  BANK19  BANK20  BANK21  BANK22  BANK23  BANK24  BANK25  BANK2
      +6  BANK27  BANK28  BANK29  BANK30  BANK31
  4491 ;;      Params:         0       0       0       0       0       0       0       0       0       0       0       0       
      +0       0       0       0       0       0       0       0       0       0       0       0       0       0       0       
      +0       0       0       0       0       0
  4492 ;;      Locals:         1       0       0       0       0       0       0       0       0       0       0       0       
      +0       0       0       0       0       0       0       0       0       0       0       0       0       0       0       
      +0       0       0       0       0       0
  4493 ;;      Temps:          0       0       0       0       0       0       0       0       0       0       0       0       
      +0       0       0       0       0       0       0       0       0       0       0       0       0       0       0       
      +0       0       0       0       0       0
  4494 ;;      Totals:         1       0       0       0       0       0       0       0       0       0       0       0       
      +0       0       0       0       0       0       0       0       0       0       0       0       0       0       0       
      +0       0       0       0       0       0
  4495 ;;Total ram usage:        1 bytes
  4496 ;; Hardware stack levels used: 1
  4497 ;; Hardware stack levels required when called: 3
  4498 ;; This function calls:
  4499 ;;		Nothing
  4500 ;; This function is called by:
  4501 ;;		_LCD_String
  4502 ;; This function uses a non-reentrant model
  4503 ;;
  4504                           
  4505                           	psect	text25
  4506   002FAE                     __ptext25:
  4507                           	callstack 0
  4508   002FAE                     _LCD_Char:
  4509                           	callstack 25
  4510                           
  4511                           ;incstack = 0
  4512                           ;LCD_Char@data stored from wreg
  4513   002FAE  6E08               	movwf	LCD_Char@data^0,c
  4514   002FB0                     
  4515                           ;DIY_ADC.c: 251: void LCD_Char(unsigned char data);DIY_ADC.c: 252: {;DIY_ADC.c: 253:    
      +                           LATB = data;
  4516   002FB0  0060  F023  FFBB   	movff	LCD_Char@data,16315	;volatile
  4517   002FB6                     
  4518                           ;DIY_ADC.c: 255:     LATDbits.LATD0 = 1;
  4519   002FB6  80BD               	bsf	189,0,c	;volatile
  4520   002FB8                     
  4521                           ;DIY_ADC.c: 256:     LATDbits.LATD1 = 1;
  4522   002FB8  82BD               	bsf	189,1,c	;volatile
  4523   002FBA                     
  4524                           ;DIY_ADC.c: 257:     _delay((unsigned long)((1)*(4000000UL/4000000.0)));
  4525   002FBA  0000               	nop	
  4526   002FBC                     
  4527                           ;DIY_ADC.c: 258:     LATDbits.LATD1 = 0;
  4528   002FBC  92BD               	bcf	189,1,c	;volatile
  4529   002FBE                     
  4530                           ;DIY_ADC.c: 260:     _delay((unsigned long)((50)*(4000000UL/4000000.0)));
  4531   002FBE  0E10               	movlw	16
  4532   002FC0                     u1287:
  4533   002FC0  2EE8               	decfsz	wreg,f,c
  4534   002FC2  D7FE               	bra	u1287
  4535   002FC4  D000               	nop2	
  4536   002FC6  0012               	return		;funcret
  4537   002FC8                     __end_of_LCD_Char:
  4538                           	callstack 0
  4539                           
  4540 ;; *************** function _LCD_Init *****************
  4541 ;; Defined at:
  4542 ;;		line 216 in file "DIY_ADC.c"
  4543 ;; Parameters:    Size  Location     Type
  4544 ;;		None
  4545 ;; Auto vars:     Size  Location     Type
  4546 ;;		None
  4547 ;; Return value:  Size  Location     Type
  4548 ;;                  1    wreg      void 
  4549 ;; Registers used:
  4550 ;;		wreg, status,2, status,0, cstack
  4551 ;; Tracked objects:
  4552 ;;		On entry : 0/0
  4553 ;;		On exit  : 0/0
  4554 ;;		Unchanged: 0/0
  4555 ;; Data sizes:     COMRAM   BANK0   BANK1   BANK2   BANK3   BANK4   BANK5   BANK6   BANK7   BANK8   BANK9  BANK10  BANK1
      +1  BANK12  BANK13  BANK14  BANK15  BANK16  BANK17  BANK18  BANK19  BANK20  BANK21  BANK22  BANK23  BANK24  BANK25  BANK2
      +6  BANK27  BANK28  BANK29  BANK30  BANK31
  4556 ;;      Params:         0       0       0       0       0       0       0       0       0       0       0       0       
      +0       0       0       0       0       0       0       0       0       0       0       0       0       0       0       
      +0       0       0       0       0       0
  4557 ;;      Locals:         0       0       0       0       0       0       0       0       0       0       0       0       
      +0       0       0       0       0       0       0       0       0       0       0       0       0       0       0       
      +0       0       0       0       0       0
  4558 ;;      Temps:          1       0       0       0       0       0       0       0       0       0       0       0       
      +0       0       0       0       0       0       0       0       0       0       0       0       0       0       0       
      +0       0       0       0       0       0
  4559 ;;      Totals:         1       0       0       0       0       0       0       0       0       0       0       0       
      +0       0       0       0       0       0       0       0       0       0       0       0       0       0       0       
      +0       0       0       0       0       0
  4560 ;;Total ram usage:        1 bytes
  4561 ;; Hardware stack levels used: 1
  4562 ;; Hardware stack levels required when called: 4
  4563 ;; This function calls:
  4564 ;;		_LCD_Command
  4565 ;; This function is called by:
  4566 ;;		_main
  4567 ;; This function uses a non-reentrant model
  4568 ;;
  4569                           
  4570                           	psect	text26
  4571   002D50                     __ptext26:
  4572                           	callstack 0
  4573   002D50                     _LCD_Init:
  4574                           	callstack 26
  4575   002D50                     
  4576                           ;DIY_ADC.c: 218:     ANSELB = 0x00;
  4577   002D50  013A               	movlb	58	; () banked
  4578   002D52  6B50               	clrf	80,b	;volatile
  4579                           
  4580                           ;DIY_ADC.c: 219:     ANSELD = 0x00;
  4581   002D54  6B70               	clrf	112,b	;volatile
  4582                           
  4583                           ;DIY_ADC.c: 221:     TRISB = 0x00;
  4584   002D56  6AC3               	clrf	195,c	;volatile
  4585   002D58                     
  4586                           ; BSR set to: 58
  4587                           ;DIY_ADC.c: 222:     TRISD &= 0xFC;
  4588   002D58  0EFC               	movlw	252
  4589   002D5A  16C5               	andwf	197,f,c	;volatile
  4590   002D5C                     
  4591                           ; BSR set to: 58
  4592                           ;DIY_ADC.c: 224:     LATB = 0x00;
  4593   002D5C  6ABB               	clrf	187,c	;volatile
  4594                           
  4595                           ;DIY_ADC.c: 225:     LATD &= 0xFC;
  4596   002D5E  0EFC               	movlw	252
  4597   002D60  16BD               	andwf	189,f,c	;volatile
  4598   002D62                     
  4599                           ; BSR set to: 58
  4600                           ;DIY_ADC.c: 227:     _delay((unsigned long)((20)*(4000000UL/4000.0)));
  4601   002D62  0E1A               	movlw	26
  4602   002D64  6E0A               	movwf	??_LCD_Init^0,c
  4603   002D66  0EF8               	movlw	248
  4604   002D68                     u1297:
  4605   002D68  2EE8               	decfsz	wreg,f,c
  4606   002D6A  D7FE               	bra	u1297
  4607   002D6C  2E0A               	decfsz	??_LCD_Init^0,f,c
  4608   002D6E  D7FC               	bra	u1297
  4609   002D70  D000               	nop2	
  4610   002D72                     
  4611                           ;DIY_ADC.c: 229:     LCD_Command(0x38);
  4612   002D72  0E38               	movlw	56
  4613   002D74  EC5A  F016         	call	_LCD_Command
  4614   002D78                     
  4615                           ;DIY_ADC.c: 230:     LCD_Command(0x0C);
  4616   002D78  0E0C               	movlw	12
  4617   002D7A  EC5A  F016         	call	_LCD_Command
  4618   002D7E                     
  4619                           ;DIY_ADC.c: 231:     LCD_Command(0x06);
  4620   002D7E  0E06               	movlw	6
  4621   002D80  EC5A  F016         	call	_LCD_Command
  4622   002D84                     
  4623                           ;DIY_ADC.c: 232:     LCD_Command(0x01);
  4624   002D84  0E01               	movlw	1
  4625   002D86  EC5A  F016         	call	_LCD_Command
  4626   002D8A                     
  4627                           ;DIY_ADC.c: 233:     _delay((unsigned long)((2)*(4000000UL/4000.0)));
  4628   002D8A  0E03               	movlw	3
  4629   002D8C  6E0A               	movwf	??_LCD_Init^0,c
  4630   002D8E  0E98               	movlw	152
  4631   002D90                     u1307:
  4632   002D90  2EE8               	decfsz	wreg,f,c
  4633   002D92  D7FE               	bra	u1307
  4634   002D94  2E0A               	decfsz	??_LCD_Init^0,f,c
  4635   002D96  D7FC               	bra	u1307
  4636   002D98  0012               	return		;funcret
  4637   002D9A                     __end_of_LCD_Init:
  4638                           	callstack 0
  4639                           
  4640 ;; *************** function _LCD_Clear *****************
  4641 ;; Defined at:
  4642 ;;		line 284 in file "DIY_ADC.c"
  4643 ;; Parameters:    Size  Location     Type
  4644 ;;		None
  4645 ;; Auto vars:     Size  Location     Type
  4646 ;;		None
  4647 ;; Return value:  Size  Location     Type
  4648 ;;                  1    wreg      void 
  4649 ;; Registers used:
  4650 ;;		wreg, status,2, status,0, cstack
  4651 ;; Tracked objects:
  4652 ;;		On entry : 0/0
  4653 ;;		On exit  : 0/0
  4654 ;;		Unchanged: 0/0
  4655 ;; Data sizes:     COMRAM   BANK0   BANK1   BANK2   BANK3   BANK4   BANK5   BANK6   BANK7   BANK8   BANK9  BANK10  BANK1
      +1  BANK12  BANK13  BANK14  BANK15  BANK16  BANK17  BANK18  BANK19  BANK20  BANK21  BANK22  BANK23  BANK24  BANK25  BANK2
      +6  BANK27  BANK28  BANK29  BANK30  BANK31
  4656 ;;      Params:         0       0       0       0       0       0       0       0       0       0       0       0       
      +0       0       0       0       0       0       0       0       0       0       0       0       0       0       0       
      +0       0       0       0       0       0
  4657 ;;      Locals:         0       0       0       0       0       0       0       0       0       0       0       0       
      +0       0       0       0       0       0       0       0       0       0       0       0       0       0       0       
      +0       0       0       0       0       0
  4658 ;;      Temps:          1       0       0       0       0       0       0       0       0       0       0       0       
      +0       0       0       0       0       0       0       0       0       0       0       0       0       0       0       
      +0       0       0       0       0       0
  4659 ;;      Totals:         1       0       0       0       0       0       0       0       0       0       0       0       
      +0       0       0       0       0       0       0       0       0       0       0       0       0       0       0       
      +0       0       0       0       0       0
  4660 ;;Total ram usage:        1 bytes
  4661 ;; Hardware stack levels used: 1
  4662 ;; Hardware stack levels required when called: 4
  4663 ;; This function calls:
  4664 ;;		_LCD_Command
  4665 ;; This function is called by:
  4666 ;;		_main
  4667 ;; This function uses a non-reentrant model
  4668 ;;
  4669                           
  4670                           	psect	text27
  4671   002FDE                     __ptext27:
  4672                           	callstack 0
  4673   002FDE                     _LCD_Clear:
  4674                           	callstack 26
  4675   002FDE                     
  4676                           ;DIY_ADC.c: 286:     LCD_Command(0x01);
  4677   002FDE  0E01               	movlw	1
  4678   002FE0  EC5A  F016         	call	_LCD_Command
  4679   002FE4                     
  4680                           ;DIY_ADC.c: 287:     _delay((unsigned long)((2)*(4000000UL/4000.0)));
  4681   002FE4  0E03               	movlw	3
  4682   002FE6  6E0A               	movwf	??_LCD_Clear^0,c
  4683   002FE8  0E98               	movlw	152
  4684   002FEA                     u1317:
  4685   002FEA  2EE8               	decfsz	wreg,f,c
  4686   002FEC  D7FE               	bra	u1317
  4687   002FEE  2E0A               	decfsz	??_LCD_Clear^0,f,c
  4688   002FF0  D7FC               	bra	u1317
  4689   002FF2  0012               	return		;funcret
  4690   002FF4                     __end_of_LCD_Clear:
  4691                           	callstack 0
  4692                           
  4693 ;; *************** function _LCD_Command *****************
  4694 ;; Defined at:
  4695 ;;		line 236 in file "DIY_ADC.c"
  4696 ;; Parameters:    Size  Location     Type
  4697 ;;  cmd             1    wreg     unsigned char 
  4698 ;; Auto vars:     Size  Location     Type
  4699 ;;  cmd             1    8[COMRAM] unsigned char 
  4700 ;; Return value:  Size  Location     Type
  4701 ;;                  1    wreg      void 
  4702 ;; Registers used:
  4703 ;;		wreg, status,2, status,0
  4704 ;; Tracked objects:
  4705 ;;		On entry : 0/0
  4706 ;;		On exit  : 0/0
  4707 ;;		Unchanged: 0/0
  4708 ;; Data sizes:     COMRAM   BANK0   BANK1   BANK2   BANK3   BANK4   BANK5   BANK6   BANK7   BANK8   BANK9  BANK10  BANK1
      +1  BANK12  BANK13  BANK14  BANK15  BANK16  BANK17  BANK18  BANK19  BANK20  BANK21  BANK22  BANK23  BANK24  BANK25  BANK2
      +6  BANK27  BANK28  BANK29  BANK30  BANK31
  4709 ;;      Params:         0       0       0       0       0       0       0       0       0       0       0       0       
      +0       0       0       0       0       0       0       0       0       0       0       0       0       0       0       
      +0       0       0       0       0       0
  4710 ;;      Locals:         1       0       0       0       0       0       0       0       0       0       0       0       
      +0       0       0       0       0       0       0       0       0       0       0       0       0       0       0       
      +0       0       0       0       0       0
  4711 ;;      Temps:          1       0       0       0       0       0       0       0       0       0       0       0       
      +0       0       0       0       0       0       0       0       0       0       0       0       0       0       0       
      +0       0       0       0       0       0
  4712 ;;      Totals:         2       0       0       0       0       0       0       0       0       0       0       0       
      +0       0       0       0       0       0       0       0       0       0       0       0       0       0       0       
      +0       0       0       0       0       0
  4713 ;;Total ram usage:        2 bytes
  4714 ;; Hardware stack levels used: 1
  4715 ;; Hardware stack levels required when called: 3
  4716 ;; This function calls:
  4717 ;;		Nothing
  4718 ;; This function is called by:
  4719 ;;		_LCD_Init
  4720 ;;		_LCD_String_xy
  4721 ;;		_LCD_Clear
  4722 ;; This function uses a non-reentrant model
  4723 ;;
  4724                           
  4725                           	psect	text28
  4726   002CB4                     __ptext28:
  4727                           	callstack 0
  4728   002CB4                     _LCD_Command:
  4729                           	callstack 26
  4730                           
  4731                           ;incstack = 0
  4732                           ;LCD_Command@cmd stored from wreg
  4733   002CB4  6E09               	movwf	LCD_Command@cmd^0,c
  4734   002CB6                     
  4735                           ;DIY_ADC.c: 236: void LCD_Command(unsigned char cmd);DIY_ADC.c: 237: {;DIY_ADC.c: 238:  
      +                             LATB = cmd;
  4736   002CB6  0060  F027  FFBB   	movff	LCD_Command@cmd,16315	;volatile
  4737   002CBC                     
  4738                           ;DIY_ADC.c: 240:     LATDbits.LATD0 = 0;
  4739   002CBC  90BD               	bcf	189,0,c	;volatile
  4740   002CBE                     
  4741                           ;DIY_ADC.c: 241:     LATDbits.LATD1 = 1;
  4742   002CBE  82BD               	bsf	189,1,c	;volatile
  4743   002CC0                     
  4744                           ;DIY_ADC.c: 242:     _delay((unsigned long)((1)*(4000000UL/4000000.0)));
  4745   002CC0  0000               	nop	
  4746   002CC2                     
  4747                           ;DIY_ADC.c: 243:     LATDbits.LATD1 = 0;
  4748   002CC2  92BD               	bcf	189,1,c	;volatile
  4749   002CC4                     
  4750                           ;DIY_ADC.c: 245:     if(cmd == 0x01 || cmd == 0x02)
  4751   002CC4  0409               	decf	LCD_Command@cmd^0,w,c
  4752   002CC6  B4D8               	btfsc	status,2,c
  4753   002CC8  EF68  F016         	goto	u1031
  4754   002CCC  EF6A  F016         	goto	u1030
  4755   002CD0                     u1031:
  4756   002CD0  EF73  F016         	goto	l1985
  4757   002CD4                     u1030:
  4758   002CD4  0E02               	movlw	2
  4759   002CD6  1809               	xorwf	LCD_Command@cmd^0,w,c
  4760   002CD8  A4D8               	btfss	status,2,c
  4761   002CDA  EF71  F016         	goto	u1041
  4762   002CDE  EF73  F016         	goto	u1040
  4763   002CE2                     u1041:
  4764   002CE2  EF7C  F016         	goto	l1987
  4765   002CE6                     u1040:
  4766   002CE6                     l1985:
  4767                           
  4768                           ;DIY_ADC.c: 246:         _delay((unsigned long)((2)*(4000000UL/4000.0)));
  4769   002CE6  0E03               	movlw	3
  4770   002CE8  6E08               	movwf	??_LCD_Command^0,c
  4771   002CEA  0E98               	movlw	152
  4772   002CEC                     u1327:
  4773   002CEC  2EE8               	decfsz	wreg,f,c
  4774   002CEE  D7FE               	bra	u1327
  4775   002CF0  2E08               	decfsz	??_LCD_Command^0,f,c
  4776   002CF2  D7FC               	bra	u1327
  4777   002CF4  EF80  F016         	goto	l101
  4778   002CF8                     l1987:
  4779                           
  4780                           ;DIY_ADC.c: 248:         _delay((unsigned long)((50)*(4000000UL/4000000.0)));
  4781   002CF8  0E10               	movlw	16
  4782   002CFA                     u1337:
  4783   002CFA  2EE8               	decfsz	wreg,f,c
  4784   002CFC  D7FE               	bra	u1337
  4785   002CFE  D000               	nop2	
  4786   002D00                     l101:
  4787   002D00  0012               	return		;funcret
  4788   002D02                     __end_of_LCD_Command:
  4789                           	callstack 0
  4790                           
  4791 ;; *************** function _I2C_Init *****************
  4792 ;; Defined at:
  4793 ;;		line 292 in file "DIY_ADC.c"
  4794 ;; Parameters:    Size  Location     Type
  4795 ;;		None
  4796 ;; Auto vars:     Size  Location     Type
  4797 ;;		None
  4798 ;; Return value:  Size  Location     Type
  4799 ;;                  1    wreg      void 
  4800 ;; Registers used:
  4801 ;;		None
  4802 ;; Tracked objects:
  4803 ;;		On entry : 0/0
  4804 ;;		On exit  : 0/0
  4805 ;;		Unchanged: 0/0
  4806 ;; Data sizes:     COMRAM   BANK0   BANK1   BANK2   BANK3   BANK4   BANK5   BANK6   BANK7   BANK8   BANK9  BANK10  BANK1
      +1  BANK12  BANK13  BANK14  BANK15  BANK16  BANK17  BANK18  BANK19  BANK20  BANK21  BANK22  BANK23  BANK24  BANK25  BANK2
      +6  BANK27  BANK28  BANK29  BANK30  BANK31
  4807 ;;      Params:         0       0       0       0       0       0       0       0       0       0       0       0       
      +0       0       0       0       0       0       0       0       0       0       0       0       0       0       0       
      +0       0       0       0       0       0
  4808 ;;      Locals:         0       0       0       0       0       0       0       0       0       0       0       0       
      +0       0       0       0       0       0       0       0       0       0       0       0       0       0       0       
      +0       0       0       0       0       0
  4809 ;;      Temps:          0       0       0       0       0       0       0       0       0       0       0       0       
      +0       0       0       0       0       0       0       0       0       0       0       0       0       0       0       
      +0       0       0       0       0       0
  4810 ;;      Totals:         0       0       0       0       0       0       0       0       0       0       0       0       
      +0       0       0       0       0       0       0       0       0       0       0       0       0       0       0       
      +0       0       0       0       0       0
  4811 ;;Total ram usage:        0 bytes
  4812 ;; Hardware stack levels used: 1
  4813 ;; Hardware stack levels required when called: 3
  4814 ;; This function calls:
  4815 ;;		Nothing
  4816 ;; This function is called by:
  4817 ;;		_main
  4818 ;; This function uses a non-reentrant model
  4819 ;;
  4820                           
  4821                           	psect	text29
  4822   00301A                     __ptext29:
  4823                           	callstack 0
  4824   00301A                     _I2C_Init:
  4825                           	callstack 27
  4826   00301A                     
  4827                           ;DIY_ADC.c: 294:     ANSELCbits.ANSELC3 = 0;
  4828   00301A  013A               	movlb	58	; () banked
  4829   00301C  9760               	bcf	96,3,b	;volatile
  4830                           
  4831                           ;DIY_ADC.c: 295:     ANSELCbits.ANSELC4 = 0;
  4832   00301E  9960               	bcf	96,4,b	;volatile
  4833                           
  4834                           ;DIY_ADC.c: 297:     LATCbits.LATC3 = 0;
  4835   003020  96BC               	bcf	188,3,c	;volatile
  4836                           
  4837                           ;DIY_ADC.c: 298:     LATCbits.LATC4 = 0;
  4838   003022  98BC               	bcf	188,4,c	;volatile
  4839                           
  4840                           ;DIY_ADC.c: 301:     TRISCbits.TRISC3 = 1;
  4841   003024  86C4               	bsf	196,3,c	;volatile
  4842                           
  4843                           ;DIY_ADC.c: 302:     TRISCbits.TRISC4 = 1;
  4844   003026  88C4               	bsf	196,4,c	;volatile
  4845   003028                     
  4846                           ; BSR set to: 58
  4847   003028  0012               	return		;funcret
  4848   00302A                     __end_of_I2C_Init:
  4849                           	callstack 0
  4850                           
  4851 ;; *************** function _Button_Interrupt_Init *****************
  4852 ;; Defined at:
  4853 ;;		line 171 in file "DIY_ADC.c"
  4854 ;; Parameters:    Size  Location     Type
  4855 ;;		None
  4856 ;; Auto vars:     Size  Location     Type
  4857 ;;		None
  4858 ;; Return value:  Size  Location     Type
  4859 ;;                  1    wreg      void 
  4860 ;; Registers used:
  4861 ;;		wreg, status,2
  4862 ;; Tracked objects:
  4863 ;;		On entry : 0/0
  4864 ;;		On exit  : 0/0
  4865 ;;		Unchanged: 0/0
  4866 ;; Data sizes:     COMRAM   BANK0   BANK1   BANK2   BANK3   BANK4   BANK5   BANK6   BANK7   BANK8   BANK9  BANK10  BANK1
      +1  BANK12  BANK13  BANK14  BANK15  BANK16  BANK17  BANK18  BANK19  BANK20  BANK21  BANK22  BANK23  BANK24  BANK25  BANK2
      +6  BANK27  BANK28  BANK29  BANK30  BANK31
  4867 ;;      Params:         0       0       0       0       0       0       0       0       0       0       0       0       
      +0       0       0       0       0       0       0       0       0       0       0       0       0       0       0       
      +0       0       0       0       0       0
  4868 ;;      Locals:         0       0       0       0       0       0       0       0       0       0       0       0       
      +0       0       0       0       0       0       0       0       0       0       0       0       0       0       0       
      +0       0       0       0       0       0
  4869 ;;      Temps:          0       0       0       0       0       0       0       0       0       0       0       0       
      +0       0       0       0       0       0       0       0       0       0       0       0       0       0       0       
      +0       0       0       0       0       0
  4870 ;;      Totals:         0       0       0       0       0       0       0       0       0       0       0       0       
      +0       0       0       0       0       0       0       0       0       0       0       0       0       0       0       
      +0       0       0       0       0       0
  4871 ;;Total ram usage:        0 bytes
  4872 ;; Hardware stack levels used: 1
  4873 ;; Hardware stack levels required when called: 3
  4874 ;; This function calls:
  4875 ;;		Nothing
  4876 ;; This function is called by:
  4877 ;;		_main
  4878 ;; This function uses a non-reentrant model
  4879 ;;
  4880                           
  4881                           	psect	text30
  4882   002F92                     __ptext30:
  4883                           	callstack 0
  4884   002F92                     _Button_Interrupt_Init:
  4885                           	callstack 27
  4886   002F92                     
  4887                           ;DIY_ADC.c: 173:     ANSELDbits.ANSELD3 = 0;
  4888   002F92  013A               	movlb	58	; () banked
  4889   002F94  9770               	bcf	112,3,b	;volatile
  4890                           
  4891                           ;DIY_ADC.c: 174:     TRISDbits.TRISD3 = 1;
  4892   002F96  86C5               	bsf	197,3,c	;volatile
  4893                           
  4894                           ;DIY_ADC.c: 176:     ANSELDbits.ANSELD2 = 0;
  4895   002F98  9570               	bcf	112,2,b	;volatile
  4896                           
  4897                           ;DIY_ADC.c: 177:     TRISDbits.TRISD2 = 0;
  4898   002F9A  94C5               	bcf	197,2,c	;volatile
  4899                           
  4900                           ;DIY_ADC.c: 178:     LATDbits.LATD2 = 0;
  4901   002F9C  94BD               	bcf	189,2,c	;volatile
  4902   002F9E                     
  4903                           ; BSR set to: 58
  4904                           ;DIY_ADC.c: 179:     INT0PPS = 0x1B;
  4905   002F9E  0E1B               	movlw	27
  4906   002FA0  6FC0               	movwf	192,b	;volatile
  4907   002FA2                     
  4908                           ; BSR set to: 58
  4909                           ;DIY_ADC.c: 181:     INTCON0bits.INT0EDG = 0;
  4910   002FA2  90D2               	bcf	210,0,c	;volatile
  4911   002FA4                     
  4912                           ; BSR set to: 58
  4913                           ;DIY_ADC.c: 183:     PIR1bits.INT0IF = 0;
  4914   002FA4  0139               	movlb	57	; () banked
  4915   002FA6  91A1               	bcf	161,0,b	;volatile
  4916   002FA8                     
  4917                           ; BSR set to: 57
  4918                           ;DIY_ADC.c: 184:     PIE1bits.INT0IE = 1;
  4919   002FA8  8191               	bsf	145,0,b	;volatile
  4920   002FAA                     
  4921                           ; BSR set to: 57
  4922                           ;DIY_ADC.c: 186:     INTCON0bits.GIE = 1;
  4923   002FAA  8ED2               	bsf	210,7,c	;volatile
  4924   002FAC                     
  4925                           ; BSR set to: 57
  4926   002FAC  0012               	return		;funcret
  4927   002FAE                     __end_of_Button_Interrupt_Init:
  4928                           	callstack 0
  4929                           
  4930 ;; *************** function _INT0_ISR *****************
  4931 ;; Defined at:
  4932 ;;		line 146 in file "DIY_ADC.c"
  4933 ;; Parameters:    Size  Location     Type
  4934 ;;		None
  4935 ;; Auto vars:     Size  Location     Type
  4936 ;;  i               2    5[COMRAM] int 
  4937 ;; Return value:  Size  Location     Type
  4938 ;;                  1    wreg      void 
  4939 ;; Registers used:
  4940 ;;		wreg, status,2, status,0, cstack
  4941 ;; Tracked objects:
  4942 ;;		On entry : 0/0
  4943 ;;		On exit  : 0/0
  4944 ;;		Unchanged: 0/0
  4945 ;; Data sizes:     COMRAM   BANK0   BANK1   BANK2   BANK3   BANK4   BANK5   BANK6   BANK7   BANK8   BANK9  BANK10  BANK1
      +1  BANK12  BANK13  BANK14  BANK15  BANK16  BANK17  BANK18  BANK19  BANK20  BANK21  BANK22  BANK23  BANK24  BANK25  BANK2
      +6  BANK27  BANK28  BANK29  BANK30  BANK31
  4946 ;;      Params:         0       0       0       0       0       0       0       0       0       0       0       0       
      +0       0       0       0       0       0       0       0       0       0       0       0       0       0       0       
      +0       0       0       0       0       0
  4947 ;;      Locals:         2       0       0       0       0       0       0       0       0       0       0       0       
      +0       0       0       0       0       0       0       0       0       0       0       0       0       0       0       
      +0       0       0       0       0       0
  4948 ;;      Temps:          2       0       0       0       0       0       0       0       0       0       0       0       
      +0       0       0       0       0       0       0       0       0       0       0       0       0       0       0       
      +0       0       0       0       0       0
  4949 ;;      Totals:         4       0       0       0       0       0       0       0       0       0       0       0       
      +0       0       0       0       0       0       0       0       0       0       0       0       0       0       0       
      +0       0       0       0       0       0
  4950 ;;Total ram usage:        4 bytes
  4951 ;; Hardware stack levels used: 1
  4952 ;; Hardware stack levels required when called: 2
  4953 ;; This function calls:
  4954 ;;		i2_LCD_Clear
  4955 ;; This function is called by:
  4956 ;;		Interrupt level 2
  4957 ;; This function uses a non-reentrant model
  4958 ;;
  4959                           
  4960                           	psect	text31
  4961   002B18                     __ptext31:
  4962                           	callstack 0
  4963   002B18                     _INT0_ISR:
  4964                           	callstack 19
  4965   002B18                     
  4966                           ;DIY_ADC.c: 148:     PIR1bits.INT0IF = 0;
  4967   002B18  0139               	movlb	57	; () banked
  4968   002B1A  91A1               	bcf	161,0,b	;volatile
  4969   002B1C                     
  4970                           ; BSR set to: 57
  4971                           ;DIY_ADC.c: 150:     _delay((unsigned long)((20)*(4000000UL/4000.0)));
  4972   002B1C  0E1A               	movlw	26
  4973   002B1E  6E04               	movwf	??_INT0_ISR^0,c
  4974   002B20  0EF8               	movlw	248
  4975   002B22                     i2u134_47:
  4976   002B22  2EE8               	decfsz	wreg,f,c
  4977   002B24  D7FE               	bra	i2u134_47
  4978   002B26  2E04               	decfsz	??_INT0_ISR^0,f,c
  4979   002B28  D7FC               	bra	i2u134_47
  4980   002B2A  D000               	nop2	
  4981   002B2C                     
  4982                           ;DIY_ADC.c: 153:     if(PORTDbits.RD3 == 0)
  4983   002B2C  B6CD               	btfsc	205,3,c	;volatile
  4984   002B2E  EF9B  F015         	goto	i2u119_41
  4985   002B32  EF9D  F015         	goto	i2u119_40
  4986   002B36                     i2u119_41:
  4987   002B36  EFCB  F015         	goto	i2l83
  4988   002B3A                     i2u119_40:
  4989   002B3A                     
  4990                           ;DIY_ADC.c: 154:     {;DIY_ADC.c: 155:         LCD_Clear();
  4991   002B3A  ECFA  F017         	call	i2_LCD_Clear	;wreg free
  4992   002B3E                     
  4993                           ;DIY_ADC.c: 158:         for(int i = 0; i < 10; i++)
  4994   002B3E  6A07               	clrf	(INT0_ISR@i+1)^0,c
  4995   002B40  0E00               	movlw	0
  4996   002B42  6E06               	movwf	INT0_ISR@i^0,c
  4997   002B44                     i2l81:
  4998                           
  4999                           ;DIY_ADC.c: 159:         {;DIY_ADC.c: 160:             LATDbits.LATD2 = 1;
  5000   002B44  84BD               	bsf	189,2,c	;volatile
  5001   002B46                     
  5002                           ;DIY_ADC.c: 161:             _delay((unsigned long)((500)*(4000000UL/4000.0)));
  5003   002B46  0E03               	movlw	3
  5004   002B48  6E05               	movwf	(??_INT0_ISR+1)^0,c
  5005   002B4A  0E8A               	movlw	138
  5006   002B4C  6E04               	movwf	??_INT0_ISR^0,c
  5007   002B4E  0E56               	movlw	86
  5008   002B50                     i2u135_47:
  5009   002B50  2EE8               	decfsz	wreg,f,c
  5010   002B52  D7FE               	bra	i2u135_47
  5011   002B54  2E04               	decfsz	??_INT0_ISR^0,f,c
  5012   002B56  D7FC               	bra	i2u135_47
  5013   002B58  2E05               	decfsz	(??_INT0_ISR+1)^0,f,c
  5014   002B5A  D7FA               	bra	i2u135_47
  5015   002B5C                     
  5016                           ;DIY_ADC.c: 163:             LATDbits.LATD2 = 0;
  5017   002B5C  94BD               	bcf	189,2,c	;volatile
  5018                           
  5019                           ;DIY_ADC.c: 164:             _delay((unsigned long)((500)*(4000000UL/4000.0)));
  5020   002B5E  0E03               	movlw	3
  5021   002B60  6E05               	movwf	(??_INT0_ISR+1)^0,c
  5022   002B62  0E8A               	movlw	138
  5023   002B64  6E04               	movwf	??_INT0_ISR^0,c
  5024   002B66  0E56               	movlw	86
  5025   002B68                     i2u136_47:
  5026   002B68  2EE8               	decfsz	wreg,f,c
  5027   002B6A  D7FE               	bra	i2u136_47
  5028   002B6C  2E04               	decfsz	??_INT0_ISR^0,f,c
  5029   002B6E  D7FC               	bra	i2u136_47
  5030   002B70  2E05               	decfsz	(??_INT0_ISR+1)^0,f,c
  5031   002B72  D7FA               	bra	i2u136_47
  5032   002B74                     
  5033                           ;DIY_ADC.c: 165:         }
  5034   002B74  4A06               	infsnz	INT0_ISR@i^0,f,c
  5035   002B76  2A07               	incf	(INT0_ISR@i+1)^0,f,c
  5036   002B78  BE07               	btfsc	(INT0_ISR@i+1)^0,7,c
  5037   002B7A  EFC8  F015         	goto	i2u120_41
  5038   002B7E  5007               	movf	(INT0_ISR@i+1)^0,w,c
  5039   002B80  E109               	bnz	i2u120_40
  5040   002B82  0E0A               	movlw	10
  5041   002B84  5C06               	subwf	INT0_ISR@i^0,w,c
  5042   002B86  A0D8               	btfss	status,0,c
  5043   002B88  EFC8  F015         	goto	i2u120_41
  5044   002B8C  EFCA  F015         	goto	i2u120_40
  5045   002B90                     i2u120_41:
  5046   002B90  EFA2  F015         	goto	i2l81
  5047   002B94                     i2u120_40:
  5048   002B94  00FF               	reset		;# 
  5049   002B96                     i2l83:
  5050   002B96  0011               	retfie		f
  5051   002B98                     __end_of_INT0_ISR:
  5052                           	callstack 0
  5053                           
  5054 ;; *************** function i2_LCD_Clear *****************
  5055 ;; Defined at:
  5056 ;;		line 284 in file "DIY_ADC.c"
  5057 ;; Parameters:    Size  Location     Type
  5058 ;;		None
  5059 ;; Auto vars:     Size  Location     Type
  5060 ;;		None
  5061 ;; Return value:  Size  Location     Type
  5062 ;;                  1    wreg      void 
  5063 ;; Registers used:
  5064 ;;		wreg, status,2, status,0, cstack
  5065 ;; Tracked objects:
  5066 ;;		On entry : 0/0
  5067 ;;		On exit  : 0/0
  5068 ;;		Unchanged: 0/0
  5069 ;; Data sizes:     COMRAM   BANK0   BANK1   BANK2   BANK3   BANK4   BANK5   BANK6   BANK7   BANK8   BANK9  BANK10  BANK1
      +1  BANK12  BANK13  BANK14  BANK15  BANK16  BANK17  BANK18  BANK19  BANK20  BANK21  BANK22  BANK23  BANK24  BANK25  BANK2
      +6  BANK27  BANK28  BANK29  BANK30  BANK31
  5070 ;;      Params:         0       0       0       0       0       0       0       0       0       0       0       0       
      +0       0       0       0       0       0       0       0       0       0       0       0       0       0       0       
      +0       0       0       0       0       0
  5071 ;;      Locals:         0       0       0       0       0       0       0       0       0       0       0       0       
      +0       0       0       0       0       0       0       0       0       0       0       0       0       0       0       
      +0       0       0       0       0       0
  5072 ;;      Temps:          1       0       0       0       0       0       0       0       0       0       0       0       
      +0       0       0       0       0       0       0       0       0       0       0       0       0       0       0       
      +0       0       0       0       0       0
  5073 ;;      Totals:         1       0       0       0       0       0       0       0       0       0       0       0       
      +0       0       0       0       0       0       0       0       0       0       0       0       0       0       0       
      +0       0       0       0       0       0
  5074 ;;Total ram usage:        1 bytes
  5075 ;; Hardware stack levels used: 1
  5076 ;; Hardware stack levels required when called: 1
  5077 ;; This function calls:
  5078 ;;		i2_LCD_Command
  5079 ;; This function is called by:
  5080 ;;		_INT0_ISR
  5081 ;; This function uses a non-reentrant model
  5082 ;;
  5083                           
  5084                           	psect	text32
  5085   002FF4                     __ptext32:
  5086                           	callstack 0
  5087   002FF4                     i2_LCD_Clear:
  5088                           	callstack 19
  5089   002FF4                     
  5090                           ;DIY_ADC.c: 286:     LCD_Command(0x01);
  5091   002FF4  0E01               	movlw	1
  5092   002FF6  EC81  F016         	call	i2_LCD_Command
  5093   002FFA                     
  5094                           ;DIY_ADC.c: 287:     _delay((unsigned long)((2)*(4000000UL/4000.0)));
  5095   002FFA  0E03               	movlw	3
  5096   002FFC  6E03               	movwf	??i2_LCD_Clear^0,c
  5097   002FFE  0E98               	movlw	152
  5098   003000                     i2u137_47:
  5099   003000  2EE8               	decfsz	wreg,f,c
  5100   003002  D7FE               	bra	i2u137_47
  5101   003004  2E03               	decfsz	??i2_LCD_Clear^0,f,c
  5102   003006  D7FC               	bra	i2u137_47
  5103   003008  0012               	return		;funcret
  5104   00300A                     __end_ofi2_LCD_Clear:
  5105                           	callstack 0
  5106                           
  5107 ;; *************** function i2_LCD_Command *****************
  5108 ;; Defined at:
  5109 ;;		line 236 in file "DIY_ADC.c"
  5110 ;; Parameters:    Size  Location     Type
  5111 ;;  cmd             1    wreg     unsigned char 
  5112 ;; Auto vars:     Size  Location     Type
  5113 ;;  cmd             1    1[COMRAM] unsigned char 
  5114 ;; Return value:  Size  Location     Type
  5115 ;;                  1    wreg      void 
  5116 ;; Registers used:
  5117 ;;		wreg, status,2, status,0
  5118 ;; Tracked objects:
  5119 ;;		On entry : 0/0
  5120 ;;		On exit  : 0/0
  5121 ;;		Unchanged: 0/0
  5122 ;; Data sizes:     COMRAM   BANK0   BANK1   BANK2   BANK3   BANK4   BANK5   BANK6   BANK7   BANK8   BANK9  BANK10  BANK1
      +1  BANK12  BANK13  BANK14  BANK15  BANK16  BANK17  BANK18  BANK19  BANK20  BANK21  BANK22  BANK23  BANK24  BANK25  BANK2
      +6  BANK27  BANK28  BANK29  BANK30  BANK31
  5123 ;;      Params:         0       0       0       0       0       0       0       0       0       0       0       0       
      +0       0       0       0       0       0       0       0       0       0       0       0       0       0       0       
      +0       0       0       0       0       0
  5124 ;;      Locals:         1       0       0       0       0       0       0       0       0       0       0       0       
      +0       0       0       0       0       0       0       0       0       0       0       0       0       0       0       
      +0       0       0       0       0       0
  5125 ;;      Temps:          1       0       0       0       0       0       0       0       0       0       0       0       
      +0       0       0       0       0       0       0       0       0       0       0       0       0       0       0       
      +0       0       0       0       0       0
  5126 ;;      Totals:         2       0       0       0       0       0       0       0       0       0       0       0       
      +0       0       0       0       0       0       0       0       0       0       0       0       0       0       0       
      +0       0       0       0       0       0
  5127 ;;Total ram usage:        2 bytes
  5128 ;; Hardware stack levels used: 1
  5129 ;; This function calls:
  5130 ;;		Nothing
  5131 ;; This function is called by:
  5132 ;;		i2_LCD_Clear
  5133 ;; This function uses a non-reentrant model
  5134 ;;
  5135                           
  5136                           	psect	text33
  5137   002D02                     __ptext33:
  5138                           	callstack 0
  5139   002D02                     i2_LCD_Command:
  5140                           	callstack 19
  5141                           
  5142                           ;incstack = 0
  5143                           ;i2LCD_Command@cmd stored from wreg
  5144   002D02  6E02               	movwf	i2LCD_Command@cmd^0,c
  5145   002D04                     
  5146                           ;DIY_ADC.c: 236: void LCD_Command(unsigned char cmd);DIY_ADC.c: 237: {;DIY_ADC.c: 238:  
      +                             LATB = cmd;
  5147   002D04  0060  F00B  FFBB   	movff	i2LCD_Command@cmd,16315	;volatile
  5148   002D0A                     
  5149                           ;DIY_ADC.c: 240:     LATDbits.LATD0 = 0;
  5150   002D0A  90BD               	bcf	189,0,c	;volatile
  5151   002D0C                     
  5152                           ;DIY_ADC.c: 241:     LATDbits.LATD1 = 1;
  5153   002D0C  82BD               	bsf	189,1,c	;volatile
  5154   002D0E                     
  5155                           ;DIY_ADC.c: 242:     _delay((unsigned long)((1)*(4000000UL/4000000.0)));
  5156   002D0E  0000               	nop	
  5157   002D10                     
  5158                           ;DIY_ADC.c: 243:     LATDbits.LATD1 = 0;
  5159   002D10  92BD               	bcf	189,1,c	;volatile
  5160   002D12                     
  5161                           ;DIY_ADC.c: 245:     if(cmd == 0x01 || cmd == 0x02)
  5162   002D12  0402               	decf	i2LCD_Command@cmd^0,w,c
  5163   002D14  B4D8               	btfsc	status,2,c
  5164   002D16  EF8F  F016         	goto	i2u109_41
  5165   002D1A  EF91  F016         	goto	i2u109_40
  5166   002D1E                     i2u109_41:
  5167   002D1E  EF9A  F016         	goto	i2l2059
  5168   002D22                     i2u109_40:
  5169   002D22  0E02               	movlw	2
  5170   002D24  1802               	xorwf	i2LCD_Command@cmd^0,w,c
  5171   002D26  A4D8               	btfss	status,2,c
  5172   002D28  EF98  F016         	goto	i2u110_41
  5173   002D2C  EF9A  F016         	goto	i2u110_40
  5174   002D30                     i2u110_41:
  5175   002D30  EFA3  F016         	goto	i2l2061
  5176   002D34                     i2u110_40:
  5177   002D34                     i2l2059:
  5178                           
  5179                           ;DIY_ADC.c: 246:         _delay((unsigned long)((2)*(4000000UL/4000.0)));
  5180   002D34  0E03               	movlw	3
  5181   002D36  6E01               	movwf	??i2_LCD_Command^0,c
  5182   002D38  0E98               	movlw	152
  5183   002D3A                     i2u138_47:
  5184   002D3A  2EE8               	decfsz	wreg,f,c
  5185   002D3C  D7FE               	bra	i2u138_47
  5186   002D3E  2E01               	decfsz	??i2_LCD_Command^0,f,c
  5187   002D40  D7FC               	bra	i2u138_47
  5188   002D42  EFA7  F016         	goto	i2l101
  5189   002D46                     i2l2061:
  5190                           
  5191                           ;DIY_ADC.c: 248:         _delay((unsigned long)((50)*(4000000UL/4000000.0)));
  5192   002D46  0E10               	movlw	16
  5193   002D48                     i2u139_47:
  5194   002D48  2EE8               	decfsz	wreg,f,c
  5195   002D4A  D7FE               	bra	i2u139_47
  5196   002D4C  D000               	nop2	
  5197   002D4E                     i2l101:
  5198   002D4E  0012               	return		;funcret
  5199   002D50                     __end_ofi2_LCD_Command:
  5200                           	callstack 0
  5201                           
  5202                           ;
  5203                           ; H/W Interrupt Vector Table @ 0x8
  5204                           ;
  5205                           
  5206                           	psect	ivt0x8
  5207   000008                     __pivt0x8:
  5208                           	callstack 0
  5209   000008                     ivt0x8_base:
  5210                           	callstack 0
  5211                           
  5212                           ; Vector 0 : SWINT
  5213   000008  002B               	dw	ivt0x8_undefint shr (0+2)
  5214                           
  5215                           ; Vector 1 : HLVD
  5216   00000A  002B               	dw	ivt0x8_undefint shr (0+2)
  5217                           
  5218                           ; Vector 2 : OSF
  5219   00000C  002B               	dw	ivt0x8_undefint shr (0+2)
  5220                           
  5221                           ; Vector 3 : CSW
  5222   00000E  002B               	dw	ivt0x8_undefint shr (0+2)
  5223                           
  5224                           ; Vector 4 : NVM
  5225   000010  002B               	dw	ivt0x8_undefint shr (0+2)
  5226                           
  5227                           ; Vector 5 : SCAN
  5228   000012  002B               	dw	ivt0x8_undefint shr (0+2)
  5229                           
  5230                           ; Vector 6 : CRC
  5231   000014  002B               	dw	ivt0x8_undefint shr (0+2)
  5232                           
  5233                           ; Vector 7 : IOC
  5234   000016  002B               	dw	ivt0x8_undefint shr (0+2)
  5235                           
  5236                           ; Vector 8 : INT0
  5237   000018  0AC6               	dw	_INT0_ISR shr (0+2)
  5238                           
  5239                           ; Vector 9 : ZCD
  5240   00001A  002B               	dw	ivt0x8_undefint shr (0+2)
  5241                           
  5242                           ; Vector 10 : AD
  5243   00001C  002B               	dw	ivt0x8_undefint shr (0+2)
  5244                           
  5245                           ; Vector 11 : ADT
  5246   00001E  002B               	dw	ivt0x8_undefint shr (0+2)
  5247                           
  5248                           ; Vector 12 : CMP1
  5249   000020  002B               	dw	ivt0x8_undefint shr (0+2)
  5250                           
  5251                           ; Vector 13 : SMT1
  5252   000022  002B               	dw	ivt0x8_undefint shr (0+2)
  5253                           
  5254                           ; Vector 14 : SMT1PRA
  5255   000024  002B               	dw	ivt0x8_undefint shr (0+2)
  5256                           
  5257                           ; Vector 15 : SMT1PRW
  5258   000026  002B               	dw	ivt0x8_undefint shr (0+2)
  5259                           
  5260                           ; Vector 16 : DMA1SCNT
  5261   000028  002B               	dw	ivt0x8_undefint shr (0+2)
  5262                           
  5263                           ; Vector 17 : DMA1DCNT
  5264   00002A  002B               	dw	ivt0x8_undefint shr (0+2)
  5265                           
  5266                           ; Vector 18 : DMA1OR
  5267   00002C  002B               	dw	ivt0x8_undefint shr (0+2)
  5268                           
  5269                           ; Vector 19 : DMA1A
  5270   00002E  002B               	dw	ivt0x8_undefint shr (0+2)
  5271                           
  5272                           ; Vector 20 : SPI1RX
  5273   000030  002B               	dw	ivt0x8_undefint shr (0+2)
  5274                           
  5275                           ; Vector 21 : SPI1TX
  5276   000032  002B               	dw	ivt0x8_undefint shr (0+2)
  5277                           
  5278                           ; Vector 22 : SPI1
  5279   000034  002B               	dw	ivt0x8_undefint shr (0+2)
  5280                           
  5281                           ; Vector 23 : I2C1RX
  5282   000036  002B               	dw	ivt0x8_undefint shr (0+2)
  5283                           
  5284                           ; Vector 24 : I2C1TX
  5285   000038  002B               	dw	ivt0x8_undefint shr (0+2)
  5286                           
  5287                           ; Vector 25 : I2C1
  5288   00003A  002B               	dw	ivt0x8_undefint shr (0+2)
  5289                           
  5290                           ; Vector 26 : I2C1E
  5291   00003C  002B               	dw	ivt0x8_undefint shr (0+2)
  5292                           
  5293                           ; Vector 27 : U1RX
  5294   00003E  002B               	dw	ivt0x8_undefint shr (0+2)
  5295                           
  5296                           ; Vector 28 : U1TX
  5297   000040  002B               	dw	ivt0x8_undefint shr (0+2)
  5298                           
  5299                           ; Vector 29 : U1E
  5300   000042  002B               	dw	ivt0x8_undefint shr (0+2)
  5301                           
  5302                           ; Vector 30 : U1
  5303   000044  002B               	dw	ivt0x8_undefint shr (0+2)
  5304                           
  5305                           ; Vector 31 : TMR0
  5306   000046  002B               	dw	ivt0x8_undefint shr (0+2)
  5307                           
  5308                           ; Vector 32 : TMR1
  5309   000048  002B               	dw	ivt0x8_undefint shr (0+2)
  5310                           
  5311                           ; Vector 33 : TMR1G
  5312   00004A  002B               	dw	ivt0x8_undefint shr (0+2)
  5313                           
  5314                           ; Vector 34 : TMR2
  5315   00004C  002B               	dw	ivt0x8_undefint shr (0+2)
  5316                           
  5317                           ; Vector 35 : CCP1
  5318   00004E  002B               	dw	ivt0x8_undefint shr (0+2)
  5319                           
  5320                           ; Vector 36 : Undefined
  5321   000050  002B               	dw	ivt0x8_undefint shr (0+2)
  5322                           
  5323                           ; Vector 37 : NCO1
  5324   000052  002B               	dw	ivt0x8_undefint shr (0+2)
  5325                           
  5326                           ; Vector 38 : CWG1
  5327   000054  002B               	dw	ivt0x8_undefint shr (0+2)
  5328                           
  5329                           ; Vector 39 : CLC1
  5330   000056  002B               	dw	ivt0x8_undefint shr (0+2)
  5331                           
  5332                           ; Vector 40 : INT1
  5333   000058  002B               	dw	ivt0x8_undefint shr (0+2)
  5334                           
  5335                           ; Vector 41 : CMP2
  5336   00005A  002B               	dw	ivt0x8_undefint shr (0+2)
  5337                           
  5338                           ; Vector 42 : DMA2SCNT
  5339   00005C  002B               	dw	ivt0x8_undefint shr (0+2)
  5340                           
  5341                           ; Vector 43 : DMA2DCNT
  5342   00005E  002B               	dw	ivt0x8_undefint shr (0+2)
  5343                           
  5344                           ; Vector 44 : DMA2OR
  5345   000060  002B               	dw	ivt0x8_undefint shr (0+2)
  5346                           
  5347                           ; Vector 45 : DMA2A
  5348   000062  002B               	dw	ivt0x8_undefint shr (0+2)
  5349                           
  5350                           ; Vector 46 : I2C2RX
  5351   000064  002B               	dw	ivt0x8_undefint shr (0+2)
  5352                           
  5353                           ; Vector 47 : I2C2TX
  5354   000066  002B               	dw	ivt0x8_undefint shr (0+2)
  5355                           
  5356                           ; Vector 48 : I2C2
  5357   000068  002B               	dw	ivt0x8_undefint shr (0+2)
  5358                           
  5359                           ; Vector 49 : I2C2E
  5360   00006A  002B               	dw	ivt0x8_undefint shr (0+2)
  5361                           
  5362                           ; Vector 50 : U2RX
  5363   00006C  002B               	dw	ivt0x8_undefint shr (0+2)
  5364                           
  5365                           ; Vector 51 : U2TX
  5366   00006E  002B               	dw	ivt0x8_undefint shr (0+2)
  5367                           
  5368                           ; Vector 52 : U2E
  5369   000070  002B               	dw	ivt0x8_undefint shr (0+2)
  5370                           
  5371                           ; Vector 53 : U2
  5372   000072  002B               	dw	ivt0x8_undefint shr (0+2)
  5373                           
  5374                           ; Vector 54 : TMR3
  5375   000074  002B               	dw	ivt0x8_undefint shr (0+2)
  5376                           
  5377                           ; Vector 55 : TMR3G
  5378   000076  002B               	dw	ivt0x8_undefint shr (0+2)
  5379                           
  5380                           ; Vector 56 : TMR4
  5381   000078  002B               	dw	ivt0x8_undefint shr (0+2)
  5382                           
  5383                           ; Vector 57 : CCP2
  5384   00007A  002B               	dw	ivt0x8_undefint shr (0+2)
  5385                           
  5386                           ; Vector 58 : Undefined
  5387   00007C  002B               	dw	ivt0x8_undefint shr (0+2)
  5388                           
  5389                           ; Vector 59 : CWG2
  5390   00007E  002B               	dw	ivt0x8_undefint shr (0+2)
  5391                           
  5392                           ; Vector 60 : CLC2
  5393   000080  002B               	dw	ivt0x8_undefint shr (0+2)
  5394                           
  5395                           ; Vector 61 : INT2
  5396   000082  002B               	dw	ivt0x8_undefint shr (0+2)
  5397                           
  5398                           ; Vector 62 : Undefined
  5399   000084  002B               	dw	ivt0x8_undefint shr (0+2)
  5400                           
  5401                           ; Vector 63 : Undefined
  5402   000086  002B               	dw	ivt0x8_undefint shr (0+2)
  5403                           
  5404                           ; Vector 64 : Undefined
  5405   000088  002B               	dw	ivt0x8_undefint shr (0+2)
  5406                           
  5407                           ; Vector 65 : Undefined
  5408   00008A  002B               	dw	ivt0x8_undefint shr (0+2)
  5409                           
  5410                           ; Vector 66 : Undefined
  5411   00008C  002B               	dw	ivt0x8_undefint shr (0+2)
  5412                           
  5413                           ; Vector 67 : Undefined
  5414   00008E  002B               	dw	ivt0x8_undefint shr (0+2)
  5415                           
  5416                           ; Vector 68 : Undefined
  5417   000090  002B               	dw	ivt0x8_undefint shr (0+2)
  5418                           
  5419                           ; Vector 69 : Undefined
  5420   000092  002B               	dw	ivt0x8_undefint shr (0+2)
  5421                           
  5422                           ; Vector 70 : TMR5
  5423   000094  002B               	dw	ivt0x8_undefint shr (0+2)
  5424                           
  5425                           ; Vector 71 : TMR5G
  5426   000096  002B               	dw	ivt0x8_undefint shr (0+2)
  5427                           
  5428                           ; Vector 72 : TMR6
  5429   000098  002B               	dw	ivt0x8_undefint shr (0+2)
  5430                           
  5431                           ; Vector 73 : CCP3
  5432   00009A  002B               	dw	ivt0x8_undefint shr (0+2)
  5433                           
  5434                           ; Vector 74 : CWG3
  5435   00009C  002B               	dw	ivt0x8_undefint shr (0+2)
  5436                           
  5437                           ; Vector 75 : CLC3
  5438   00009E  002B               	dw	ivt0x8_undefint shr (0+2)
  5439                           
  5440                           ; Vector 76 : Undefined
  5441   0000A0  002B               	dw	ivt0x8_undefint shr (0+2)
  5442                           
  5443                           ; Vector 77 : Undefined
  5444   0000A2  002B               	dw	ivt0x8_undefint shr (0+2)
  5445                           
  5446                           ; Vector 78 : Undefined
  5447   0000A4  002B               	dw	ivt0x8_undefint shr (0+2)
  5448                           
  5449                           ; Vector 79 : Undefined
  5450   0000A6  002B               	dw	ivt0x8_undefint shr (0+2)
  5451                           
  5452                           ; Vector 80 : CCP4
  5453   0000A8  002B               	dw	ivt0x8_undefint shr (0+2)
  5454                           
  5455                           ; Vector 81 : CLC4
  5456   0000AA  002B               	dw	ivt0x8_undefint shr (0+2)
  5457   0000AC                     ivt0x8_undefint:
  5458                           	callstack 0
  5459   0000AC  00FF               	reset	
  5460                           
  5461                           	psect	rparam
  5462   000001                     ___rparam_used  equ	1
  5463   000000                     ___param_bank   equ	0
  5464   000000                     __Lparam        equ	__Lrparam
  5465   000000                     __Hparam        equ	__Hrparam
  5466                           
  5467                           	psect	config
  5468                           
  5469                           ;Config register CONFIG1L @ 0x300000
  5470                           ;	External Oscillator Selection
  5471                           ;	FEXTOSC = XT, XT (crystal oscillator) above 100 kHz, below 8 MHz; PFM set to medium po
      +                          wer
  5472                           ;	Reset Oscillator Selection
  5473                           ;	RSTOSC = EXTOSC, EXTOSC operating per FEXTOSC bits (device manufacturing default)
  5474   300000                     	org	3145728
  5475   300000  F9                 	db	249
  5476                           
  5477                           ;Config register CONFIG1H @ 0x300001
  5478                           ;	Clock out Enable bit
  5479                           ;	CLKOUTEN = OFF, CLKOUT function is disabled
  5480                           ;	PRLOCKED One-Way Set Enable bit
  5481                           ;	PR1WAY = ON, PRLOCK bit can be cleared and set only once
  5482                           ;	Clock Switch Enable bit
  5483                           ;	CSWEN = ON, Writing to NOSC and NDIV is allowed
  5484                           ;	Fail-Safe Clock Monitor Enable bit
  5485                           ;	FCMEN = ON, Fail-Safe Clock Monitor enabled
  5486   300001                     	org	3145729
  5487   300001  FF                 	db	255
  5488                           
  5489                           ;Config register CONFIG2L @ 0x300002
  5490                           ;	MCLR Enable bit
  5491                           ;	MCLRE = EXTMCLR, If LVP = 0, MCLR pin is MCLR; If LVP = 1, RE3 pin function is MCLR
  5492                           ;	Power-up timer selection bits
  5493                           ;	PWRTS = PWRT_OFF, PWRT is disabled
  5494                           ;	Multi-vector enable bit
  5495                           ;	MVECEN = ON, Multi-vector enabled, Vector table used for interrupts
  5496                           ;	IVTLOCK bit One-way set enable bit
  5497                           ;	IVT1WAY = ON, IVTLOCK bit can be cleared and set only once
  5498                           ;	Low Power BOR Enable bit
  5499                           ;	LPBOREN = OFF, ULPBOR disabled
  5500                           ;	Brown-out Reset Enable bits
  5501                           ;	BOREN = SBORDIS, Brown-out Reset enabled , SBOREN bit is ignored
  5502   300002                     	org	3145730
  5503   300002  FF                 	db	255
  5504                           
  5505                           ;Config register CONFIG2H @ 0x300003
  5506                           ;	Brown-out Reset Voltage Selection bits
  5507                           ;	BORV = VBOR_2P45, Brown-out Reset Voltage (VBOR) set to 2.45V
  5508                           ;	ZCD Disable bit
  5509                           ;	ZCD = OFF, ZCD disabled. ZCD can be enabled by setting the ZCDSEN bit of ZCDCON
  5510                           ;	PPSLOCK bit One-Way Set Enable bit
  5511                           ;	PPS1WAY = ON, PPSLOCK bit can be cleared and set only once; PPS registers remain locke
      +                          d after one clear/set cycle
  5512                           ;	Stack Full/Underflow Reset Enable bit
  5513                           ;	STVREN = ON, Stack full/underflow will cause Reset
  5514                           ;	Debugger Enable bit
  5515                           ;	DEBUG = OFF, Background debugger disabled
  5516                           ;	Extended Instruction Set Enable bit
  5517                           ;	XINST = OFF, Extended Instruction Set and Indexed Addressing Mode disabled
  5518   300003                     	org	3145731
  5519   300003  FF                 	db	255
  5520                           
  5521                           ;Config register CONFIG3L @ 0x300004
  5522                           ;	WDT Period selection bits
  5523                           ;	WDTCPS = WDTCPS_31, Divider ratio 1:65536; software control of WDTPS
  5524                           ;	WDT operating mode
  5525                           ;	WDTE = OFF, WDT Disabled; SWDTEN is ignored
  5526   300004                     	org	3145732
  5527   300004  9F                 	db	159
  5528                           
  5529                           ;Config register CONFIG3H @ 0x300005
  5530                           ;	WDT Window Select bits
  5531                           ;	WDTCWS = WDTCWS_7, window always open (100%); software control; keyed access not requi
      +                          red
  5532                           ;	WDT input clock selector
  5533                           ;	WDTCCS = SC, Software Control
  5534   300005                     	org	3145733
  5535   300005  FF                 	db	255
  5536                           
  5537                           ;Config register CONFIG4L @ 0x300006
  5538                           ;	Boot Block Size selection bits
  5539                           ;	BBSIZE = BBSIZE_512, Boot Block size is 512 words
  5540                           ;	Boot Block enable bit
  5541                           ;	BBEN = OFF, Boot block disabled
  5542                           ;	Storage Area Flash enable bit
  5543                           ;	SAFEN = OFF, SAF disabled
  5544                           ;	Application Block write protection bit
  5545                           ;	WRTAPP = OFF, Application Block not write protected
  5546   300006                     	org	3145734
  5547   300006  FF                 	db	255
  5548                           
  5549                           ;Config register CONFIG4H @ 0x300007
  5550                           ;	Boot Block Write Protection bit
  5551                           ;	WRTB = OFF, Boot Block not write-protected
  5552                           ;	Configuration Register Write Protection bit
  5553                           ;	WRTC = OFF, Configuration registers not write-protected
  5554                           ;	Data EEPROM Write Protection bit
  5555                           ;	WRTD = OFF, Data EEPROM not write-protected
  5556                           ;	SAF Write protection bit
  5557                           ;	WRTSAF = OFF, SAF not Write Protected
  5558                           ;	Low Voltage Programming Enable bit
  5559                           ;	LVP = OFF, HV on MCLR/VPP must be used for programming
  5560   300007                     	org	3145735
  5561   300007  DF                 	db	223
  5562                           
  5563                           ;Config register CONFIG5L @ 0x300008
  5564                           ;	PFM and Data EEPROM Code Protection bit
  5565                           ;	CP = OFF, PFM and Data EEPROM code protection disabled
  5566   300008                     	org	3145736
  5567   300008  FF                 	db	255
  5568                           
  5569                           ;Config register CONFIG5H @ 0x300009
  5570                           ;	unspecified, using default values
  5571   300009                     	org	3145737
  5572   300009  FF                 	db	255
  5573                           tosu	equ	0x3FFF
  5574                           tosh	equ	0x3FFE
  5575                           tosl	equ	0x3FFD
  5576                           stkptr	equ	0x3FFC
  5577                           pclatu	equ	0x3FFB
  5578                           pclath	equ	0x3FFA
  5579                           pcl	equ	0x3FF9
  5580                           tblptru	equ	0x3FF8
  5581                           tblptrh	equ	0x3FF7
  5582                           tblptrl	equ	0x3FF6
  5583                           tablat	equ	0x3FF5
  5584                           prodh	equ	0x3FF4
  5585                           prodl	equ	0x3FF3
  5586                           indf0	equ	0x3FEF
  5587                           postinc0	equ	0x3FEE
  5588                           postdec0	equ	0x3FED
  5589                           preinc0	equ	0x3FEC
  5590                           plusw0	equ	0x3FEB
  5591                           fsr0h	equ	0x3FEA
  5592                           fsr0l	equ	0x3FE9
  5593                           wreg	equ	0x3FE8
  5594                           indf1	equ	0x3FE7
  5595                           postinc1	equ	0x3FE6
  5596                           postdec1	equ	0x3FE5
  5597                           preinc1	equ	0x3FE4
  5598                           plusw1	equ	0x3FE3
  5599                           fsr1h	equ	0x3FE2
  5600                           fsr1l	equ	0x3FE1
  5601                           bsr	equ	0x3FE0
  5602                           indf2	equ	0x3FDF
  5603                           postinc2	equ	0x3FDE
  5604                           postdec2	equ	0x3FDD
  5605                           preinc2	equ	0x3FDC
  5606                           plusw2	equ	0x3FDB
  5607                           fsr2h	equ	0x3FDA
  5608                           fsr2l	equ	0x3FD9
  5609                           status	equ	0x3FD8

Data Sizes:
    Strings     112
    Constant    0
    Data        0
    BSS         37
    Persistent  0
    Stack       0

Auto Spaces:
    Space          Size  Autos    Used
    COMRAM           95     82      87
    BANK0           160     71     103
    BANK1           256      0       0
    BANK2           256      0       0
    BANK3           256      0       0
    BANK4           256      0       0
    BANK5           256      0       0
    BANK6           256      0       0
    BANK7           256      0       0
    BANK8           256      0       0
    BANK9           256      0       0
    BANK10          256      0       0
    BANK11          256      0       0
    BANK12          256      0       0
    BANK13          256      0       0
    BANK14          256      0       0
    BANK15          256      0       0
    BANK16          256      0       0
    BANK17          256      0       0
    BANK18          256      0       0
    BANK19          256      0       0
    BANK20          256      0       0
    BANK21          256      0       0
    BANK22          256      0       0
    BANK23          256      0       0
    BANK24          256      0       0
    BANK25          256      0       0
    BANK26          256      0       0
    BANK27          256      0       0
    BANK28          256      0       0
    BANK29          256      0       0
    BANK30          256      0       0
    BANK31          256      0       0

Pointer List with Targets:

    dtoa@fp	PTR struct _IO_FILE size(1) Largest target is 12
		 -> sprintf@f(COMRAM[11]), 

    f$.$buffer	PTR unsigned char  size(1) Largest target is 21
		 -> main@line1(BANK0[21]), main@line2(BANK0[21]), 

    f$.$source	PTR const unsigned char  size(2) Largest target is 0

    format_accel@buffer	PTR unsigned char  size(1) Largest target is 21
		 -> main@line2(BANK0[21]), 

    fputc@fp	PTR struct _IO_FILE size(1) Largest target is 12
		 -> sprintf@f(COMRAM[11]), 

    fputc@fp$.$buffer	PTR unsigned char  size(1) Largest target is 21
		 -> main@line1(BANK0[21]), main@line2(BANK0[21]), 

    fputc@fp$.$source	PTR const unsigned char  size(2) Largest target is 0

    fputs@fp	PTR struct _IO_FILE size(1) Largest target is 12
		 -> sprintf@f(COMRAM[11]), 

    fputs@s	PTR const unsigned char  size(1) Largest target is 32
		 -> dbuf(BANK0[32]), 

    LCD_String@msg	PTR const unsigned char  size(1) Largest target is 21
		 -> main@line1(BANK0[21]), main@line2(BANK0[21]), 

    LCD_String_xy@msg	PTR const unsigned char  size(1) Largest target is 21
		 -> main@line1(BANK0[21]), main@line2(BANK0[21]), 

    pad@buf	PTR unsigned char  size(1) Largest target is 32
		 -> dbuf(BANK0[32]), 

    pad@fp	PTR struct _IO_FILE size(1) Largest target is 12
		 -> sprintf@f(COMRAM[11]), 

    read_prec_or_width@ap	PTR PTR void [1] size(1) Largest target is 1
		 -> sprintf@ap(COMRAM[1]), 

    read_prec_or_width@fmt	PTR PTR const unsigned char  size(1) Largest target is 1
		 -> vfprintf@cfmt(COMRAM[1]), 

    S1109$buffer	PTR unsigned char  size(1) Largest target is 21
		 -> main@line1(BANK0[21]), main@line2(BANK0[21]), 

    S1109$source	PTR const unsigned char  size(2) Largest target is 0

    sprintf@ap	PTR void [1] size(1) Largest target is 2
		 -> ?_sprintf(COMRAM[2]), 

    sprintf@fmt	PTR const unsigned char  size(1) Largest target is 19
		 -> STR_1(CODE[19]), STR_2(CODE[19]), STR_3(CODE[19]), STR_4(CODE[19]), 
		 -> STR_5(CODE[18]), STR_6(CODE[18]), 

    sprintf@s	PTR unsigned char  size(1) Largest target is 21
		 -> main@line1(BANK0[21]), main@line2(BANK0[21]), 

    vfpfcnvrt@ap	PTR PTR void  size(1) Largest target is 1
		 -> sprintf@ap(COMRAM[1]), 

    vfpfcnvrt@cp	PTR unsigned char  size(1) Largest target is 19
		 -> STR_1(CODE[19]), STR_2(CODE[19]), STR_3(CODE[19]), STR_4(CODE[19]), 
		 -> STR_5(CODE[18]), STR_6(CODE[18]), 

    vfpfcnvrt@fmt	PTR PTR unsigned char  size(1) Largest target is 1
		 -> vfprintf@cfmt(COMRAM[1]), 

    vfpfcnvrt@fp	PTR struct _IO_FILE size(1) Largest target is 12
		 -> sprintf@f(COMRAM[11]), 

    vfprintf@ap	PTR PTR void  size(1) Largest target is 1
		 -> sprintf@ap(COMRAM[1]), 

    vfprintf@cfmt	PTR unsigned char  size(1) Largest target is 19
		 -> STR_1(CODE[19]), STR_2(CODE[19]), STR_3(CODE[19]), STR_4(CODE[19]), 
		 -> STR_5(CODE[18]), STR_6(CODE[18]), 

    vfprintf@fmt	PTR const unsigned char  size(1) Largest target is 19
		 -> STR_1(CODE[19]), STR_2(CODE[19]), STR_3(CODE[19]), STR_4(CODE[19]), 
		 -> STR_5(CODE[18]), STR_6(CODE[18]), 

    vfprintf@fp	PTR struct _IO_FILE size(1) Largest target is 12
		 -> sprintf@f(COMRAM[11]), 


Critical Paths under _main in COMRAM

    _main->_sprintf
    _format_accel->_sprintf
    _sprintf->_vfprintf
    _vfprintf->_vfpfcnvrt
    _vfpfcnvrt->_dtoa
    _dtoa->___aldiv
    _pad->_fputs
    _fputs->_fputc
    _abs->___almod
    ___aldiv->___lmul
    _MPU6050_Read16->_I2C_Read
    _MPU6050_Init->_MPU6050_Write
    _MPU6050_Write->_I2C_Write
    _LCD_String_xy->_LCD_Command
    _LCD_String_xy->_LCD_String
    _LCD_String->_LCD_Char
    _LCD_Init->_LCD_Command
    _LCD_Clear->_LCD_Command

Critical Paths under _INT0_ISR in COMRAM

    _INT0_ISR->i2_LCD_Clear
    i2_LCD_Clear->i2_LCD_Command

Critical Paths under _main in BANK0

    _main->_format_accel

Critical Paths under _INT0_ISR in BANK0

    None.

Critical Paths under _main in BANK1

    None.

Critical Paths under _INT0_ISR in BANK1

    None.

Critical Paths under _main in BANK2

    None.

Critical Paths under _INT0_ISR in BANK2

    None.

Critical Paths under _main in BANK3

    None.

Critical Paths under _INT0_ISR in BANK3

    None.

Critical Paths under _main in BANK4

    None.

Critical Paths under _INT0_ISR in BANK4

    None.

Critical Paths under _main in BANK5

    None.

Critical Paths under _INT0_ISR in BANK5

    None.

Critical Paths under _main in BANK6

    None.

Critical Paths under _INT0_ISR in BANK6

    None.

Critical Paths under _main in BANK7

    None.

Critical Paths under _INT0_ISR in BANK7

    None.

Critical Paths under _main in BANK8

    None.

Critical Paths under _INT0_ISR in BANK8

    None.

Critical Paths under _main in BANK9

    None.

Critical Paths under _INT0_ISR in BANK9

    None.

Critical Paths under _main in BANK10

    None.

Critical Paths under _INT0_ISR in BANK10

    None.

Critical Paths under _main in BANK11

    None.

Critical Paths under _INT0_ISR in BANK11

    None.

Critical Paths under _main in BANK12

    None.

Critical Paths under _INT0_ISR in BANK12

    None.

Critical Paths under _main in BANK13

    None.

Critical Paths under _INT0_ISR in BANK13

    None.

Critical Paths under _main in BANK14

    None.

Critical Paths under _INT0_ISR in BANK14

    None.

Critical Paths under _main in BANK15

    None.

Critical Paths under _INT0_ISR in BANK15

    None.

Critical Paths under _main in BANK16

    None.

Critical Paths under _INT0_ISR in BANK16

    None.

Critical Paths under _main in BANK17

    None.

Critical Paths under _INT0_ISR in BANK17

    None.

Critical Paths under _main in BANK18

    None.

Critical Paths under _INT0_ISR in BANK18

    None.

Critical Paths under _main in BANK19

    None.

Critical Paths under _INT0_ISR in BANK19

    None.

Critical Paths under _main in BANK20

    None.

Critical Paths under _INT0_ISR in BANK20

    None.

Critical Paths under _main in BANK21

    None.

Critical Paths under _INT0_ISR in BANK21

    None.

Critical Paths under _main in BANK22

    None.

Critical Paths under _INT0_ISR in BANK22

    None.

Critical Paths under _main in BANK23

    None.

Critical Paths under _INT0_ISR in BANK23

    None.

Critical Paths under _main in BANK24

    None.

Critical Paths under _INT0_ISR in BANK24

    None.

Critical Paths under _main in BANK25

    None.

Critical Paths under _INT0_ISR in BANK25

    None.

Critical Paths under _main in BANK26

    None.

Critical Paths under _INT0_ISR in BANK26

    None.

Critical Paths under _main in BANK27

    None.

Critical Paths under _INT0_ISR in BANK27

    None.

Critical Paths under _main in BANK28

    None.

Critical Paths under _INT0_ISR in BANK28

    None.

Critical Paths under _main in BANK29

    None.

Critical Paths under _INT0_ISR in BANK29

    None.

Critical Paths under _main in BANK30

    None.

Critical Paths under _INT0_ISR in BANK30

    None.

Critical Paths under _main in BANK31

    None.

Critical Paths under _INT0_ISR in BANK31

    None.

Call Graph Tables:

 ---------------------------------------------------------------------------------
 (Depth) Function   	        Calls       Base Space   Used Autos Params    Refs
 ---------------------------------------------------------------------------------
 (0) _main                                                58    58      0    9074
                                             13 BANK0     58    58      0
              _Button_Interrupt_Init
                           _I2C_Init
                          _LCD_Clear
                           _LCD_Init
                      _LCD_String_xy
                       _MPU6050_Init
                     _MPU6050_Read16
                            ___aldiv
                             ___lmul
                       _format_accel
                            _sprintf
 ---------------------------------------------------------------------------------
 (1) _format_accel                                        13     8      5    4119
                                              0 BANK0     13     8      5
                            ___aldiv
                            ___almod
                            _sprintf
 ---------------------------------------------------------------------------------
 (2) _sprintf                                             24    14     10    3116
                                             60 COMRAM    22    12     10
                           _vfprintf
 ---------------------------------------------------------------------------------
 (3) _vfprintf                                             4     1      3    2901
                                             56 COMRAM     4     1      3
                          _vfpfcnvrt
 ---------------------------------------------------------------------------------
 (4) _vfpfcnvrt                                           10     7      3    2767
                                             46 COMRAM    10     7      3
                               _dtoa
                              _fputc
                 _read_prec_or_width
 ---------------------------------------------------------------------------------
 (5) _read_prec_or_width                                   7     5      2     182
                                              7 COMRAM     7     5      2
 ---------------------------------------------------------------------------------
 (5) _dtoa                                                13     8      5    1835
                                             33 COMRAM    13     8      5
                            ___aldiv
                            ___almod
                                _abs
                                _pad
 ---------------------------------------------------------------------------------
 (6) _pad                                                  7     3      4     747
                                             20 COMRAM     7     3      4
                              _fputc
                              _fputs
 ---------------------------------------------------------------------------------
 (7) _fputs                                                5     3      2     333
                                             15 COMRAM     5     3      2
                              _fputc
 ---------------------------------------------------------------------------------
 (8) _fputc                                                8     5      3     232
                                              7 COMRAM     8     5      3
                              _putch
 ---------------------------------------------------------------------------------
 (9) _putch                                                1     1      0       0
 ---------------------------------------------------------------------------------
 (6) _abs                                                  4     2      2      67
                                             17 COMRAM     4     2      2
                            ___almod (ARG)
 ---------------------------------------------------------------------------------
 (6) ___almod                                             10     2      8     302
                                              7 COMRAM    10     2      8
 ---------------------------------------------------------------------------------
 (6) ___aldiv                                             14     6      8     308
                                             19 COMRAM    14     6      8
                             ___lmul (ARG)
 ---------------------------------------------------------------------------------
 (1) ___lmul                                              12     4      8      94
                                              7 COMRAM    12     4      8
 ---------------------------------------------------------------------------------
 (1) _MPU6050_Read16                                       7     5      2     259
                                             10 COMRAM     7     5      2
                           _I2C_Read
                          _I2C_Start
                           _I2C_Stop
                          _I2C_Write
 ---------------------------------------------------------------------------------
 (2) _I2C_Read                                             3     3      0     100
                                              7 COMRAM     3     3      0
                          _I2C_Delay
 ---------------------------------------------------------------------------------
 (1) _MPU6050_Init                                         1     1      0     138
                                             11 COMRAM     1     1      0
                      _MPU6050_Write
 ---------------------------------------------------------------------------------
 (2) _MPU6050_Write                                        2     1      1     138
                                              9 COMRAM     2     1      1
                          _I2C_Start
                           _I2C_Stop
                          _I2C_Write
 ---------------------------------------------------------------------------------
 (3) _I2C_Write                                            3     3      0      84
                                              7 COMRAM     2     2      0
                          _I2C_Delay
 ---------------------------------------------------------------------------------
 (3) _I2C_Stop                                             0     0      0       0
                          _I2C_Delay
 ---------------------------------------------------------------------------------
 (3) _I2C_Start                                            0     0      0       0
                          _I2C_Delay
 ---------------------------------------------------------------------------------
 (4) _I2C_Delay                                            0     0      0       0
 ---------------------------------------------------------------------------------
 (1) _LCD_String_xy                                        4     2      2     285
                                              9 COMRAM     4     2      2
                        _LCD_Command
                         _LCD_String
 ---------------------------------------------------------------------------------
 (2) _LCD_String                                           1     0      1      75
                                              8 COMRAM     1     0      1
                           _LCD_Char
 ---------------------------------------------------------------------------------
 (3) _LCD_Char                                             1     1      0      29
                                              7 COMRAM     1     1      0
 ---------------------------------------------------------------------------------
 (1) _LCD_Init                                             1     1      0      87
                                              9 COMRAM     1     1      0
                        _LCD_Command
 ---------------------------------------------------------------------------------
 (1) _LCD_Clear                                            1     1      0      87
                                              9 COMRAM     1     1      0
                        _LCD_Command
 ---------------------------------------------------------------------------------
 (2) _LCD_Command                                          2     2      0      87
                                              7 COMRAM     2     2      0
 ---------------------------------------------------------------------------------
 (1) _I2C_Init                                             0     0      0       0
 ---------------------------------------------------------------------------------
 (1) _Button_Interrupt_Init                                0     0      0       0
 ---------------------------------------------------------------------------------
 Estimated maximum stack depth 9
 ---------------------------------------------------------------------------------
 (Depth) Function   	        Calls       Base Space   Used Autos Params    Refs
 ---------------------------------------------------------------------------------
 (10) _INT0_ISR                                            4     4      0     133
                                              3 COMRAM     4     4      0
                        i2_LCD_Clear
 ---------------------------------------------------------------------------------
 (11) i2_LCD_Clear                                         1     1      0      87
                                              2 COMRAM     1     1      0
                      i2_LCD_Command
 ---------------------------------------------------------------------------------
 (12) i2_LCD_Command                                       2     2      0      87
                                              0 COMRAM     2     2      0
 ---------------------------------------------------------------------------------
 Estimated maximum stack depth 12
 ---------------------------------------------------------------------------------

 Call Graph Graphs:

 _main (ROOT)
   _Button_Interrupt_Init
   _I2C_Init
   _LCD_Clear
     _LCD_Command
   _LCD_Init
     _LCD_Command
   _LCD_String_xy
     _LCD_Command
     _LCD_String
       _LCD_Char
   _MPU6050_Init
     _MPU6050_Write
       _I2C_Start
         _I2C_Delay
       _I2C_Stop
         _I2C_Delay
       _I2C_Write
         _I2C_Delay
   _MPU6050_Read16
     _I2C_Read
       _I2C_Delay
     _I2C_Start
     _I2C_Stop
     _I2C_Write
   ___aldiv
     ___lmul (ARG)
   ___lmul
   _format_accel
     ___aldiv
     ___almod
     _sprintf
       _vfprintf
         _vfpfcnvrt
           _dtoa
             ___aldiv
             ___almod
             _abs
               ___almod (ARG)
             _pad
               _fputc
                 _putch
               _fputs
                 _fputc
           _fputc
           _read_prec_or_width
   _sprintf

 _INT0_ISR (ROOT)
   i2_LCD_Clear
     i2_LCD_Command

Address spaces:
Name               Size   Autos  Total    Usage
BIGRAM            8191      0       0      0.0%
BITBIGSFRlh       1356      0       0      0.0%
BITBIGSFRllll      401      0       0      0.0%
BITBANK31          256      0       0      0.0%
BANK31             256      0       0      0.0%
BITBANK30          256      0       0      0.0%
BANK30             256      0       0      0.0%
BITBANK29          256      0       0      0.0%
BANK29             256      0       0      0.0%
BITBANK28          256      0       0      0.0%
BANK28             256      0       0      0.0%
BITBANK27          256      0       0      0.0%
BANK27             256      0       0      0.0%
BITBANK26          256      0       0      0.0%
BANK26             256      0       0      0.0%
BITBANK25          256      0       0      0.0%
BANK25             256      0       0      0.0%
BITBANK24          256      0       0      0.0%
BANK24             256      0       0      0.0%
BITBANK23          256      0       0      0.0%
BANK23             256      0       0      0.0%
BITBANK22          256      0       0      0.0%
BANK22             256      0       0      0.0%
BITBANK21          256      0       0      0.0%
BANK21             256      0       0      0.0%
BITBANK20          256      0       0      0.0%
BANK20             256      0       0      0.0%
BITBANK19          256      0       0      0.0%
BANK19             256      0       0      0.0%
BITBANK18          256      0       0      0.0%
BANK18             256      0       0      0.0%
BITBANK17          256      0       0      0.0%
BANK17             256      0       0      0.0%
BITBANK16          256      0       0      0.0%
BANK16             256      0       0      0.0%
BITBANK15          256      0       0      0.0%
BANK15             256      0       0      0.0%
BITBANK14          256      0       0      0.0%
BANK14             256      0       0      0.0%
BITBANK13          256      0       0      0.0%
BANK13             256      0       0      0.0%
BITBANK12          256      0       0      0.0%
BANK12             256      0       0      0.0%
BITBANK11          256      0       0      0.0%
BANK11             256      0       0      0.0%
BITBANK10          256      0       0      0.0%
BANK10             256      0       0      0.0%
BITBANK9           256      0       0      0.0%
BANK9              256      0       0      0.0%
BITBANK8           256      0       0      0.0%
BANK8              256      0       0      0.0%
BITBANK7           256      0       0      0.0%
BANK7              256      0       0      0.0%
BITBANK6           256      0       0      0.0%
BANK6              256      0       0      0.0%
BITBANK5           256      0       0      0.0%
BANK5              256      0       0      0.0%
BITBANK4           256      0       0      0.0%
BANK4              256      0       0      0.0%
BITBANK3           256      0       0      0.0%
BANK3              256      0       0      0.0%
BITBANK2           256      0       0      0.0%
BANK2              256      0       0      0.0%
BITBANK1           256      0       0      0.0%
BANK1              256      0       0      0.0%
BITBIGSFRllh       206      0       0      0.0%
BITBANK0           160      0       0      0.0%
BANK0              160     71     103     64.4%
BITCOMRAM           95      0       0      0.0%
COMRAM              95     82      87     91.6%
BITBIGSFRh          66      0       0      0.0%
BITBIGSFRlllh       15      0       0      0.0%
STACK                0      0       0      0.0%
DATA                 0      0     190      0.0%


Microchip Technology PIC18 Macro Assembler V3.10 build 20250813170317 
Symbol Table                                                                                   Mon May  4 00:17:17 2026

                 ?_LCD_Command 0001                             l65 22B4                             l91 273C  
                           l68 23F8                             l86 2FAC                             l94 2D98  
                  ?_LCD_String 0009                            l101 2D00                            l110 2F4A  
                          l104 2FC6                            l121 3028                            l130 3018  
                          l115 2EC2                            l124 3030                            l133 2C6A  
                          l118 2FF2                            l134 2CA2                            l127 2FDC  
                          l135 2C7E                            l151 2F90                            l143 2C52  
                          l136 2C80                            l144 2C54                            l137 2CB2  
                          l145 2C64                            l154 2DE0                            l148 2F20  
                          l236 2846                            l168 2BF0                            l169 2C00  
                          l249 2930                            l945 2EF2                            l970 2B16  
                          l965 2AC2                            l973 24BE                            l990 29DE  
                          l968 2AFC                            l986 25EE                            l994 29E6  
                          u610 29F8                            u611 29F4                            u700 27F4  
                          u620 2A08                            u701 27F0                            u621 2A04  
                          u710 2826                            u630 2A2E                            u711 2822  
                          u631 2A2A                            u720 2858                            u640 2A60  
                          u800 2AFC                            u721 2854                            u641 2A5C  
                          u801 2AF8                            u730 287A                            u650 2E5C  
                          u810 2B0A                            u731 2876                            u651 2E58  
                          u811 2B06                            u660 274E                            u740 28A0  
                          u820 2E6C                            u900 25A6                            u661 274A  
                          u741 289C                            u821 2E68                            u901 25A2  
                          u670 2770                            u750 28C2                            u910 25B4  
                          u830 2478                            u671 276C                            u751 28BE  
                          u911 25B0                            u831 2472                            u680 27AA  
                          u760 28E0                            u920 25C4                            u840 247A  
                          u681 27A6                            u761 28DC                            u921 25C0  
                          u690 27CC                            u770 2910                            u850 2494  
                          u930 2960                            u691 27C8                            u771 290C  
                          u851 2490                            u931 295C                            u780 2AA2  
                          u860 24AA                            u940 29DE                            u781 2A9E  
                          u861 24A6                            u941 29DA                            u790 2ABC  
                          u870 2566                            u950 209A                            u791 2AB8  
                          u871 2562                            u951 2096                            u880 257C  
                          u960 2100                            u881 2578                            u961 20FC  
                          u890 258C                            u970 2122                            u891 2588  
                          u971 211E                            u980 21A4                            u981 21A0  
                          u990 21C6                            u991 21C2                            _abs 2E5E  
                          _pad 2A94                            wreg 3FE8                           l1011 215E  
                         l1032 2E90                           l1025 2E22                           l2011 2C22  
                         l2003 2C0A                           l1019 2290                           ?_abs 0012  
                         l1044 2A92                           l1052 2E5C                           l2101 2F16  
                         l2021 2C3C                           l2013 2C24                           l2005 2C0E  
                         l1029 2E78                           l2031 2C62                           l2023 2C4C  
                         l2015 2C26                           l2007 2C10                           l2111 2DB6  
                         l2103 2D9C                           l1055 3032                           l2041 2F86  
                         l2025 2C56                           l2017 2C2A                           l2009 2C14  
                         l2113 2DBE                           l2105 2DA0                           l2043 2F8C  
                         l2035 2F76                           l2027 2C5A                           l2019 2C2C  
                         l2115 2DC6                           l2107 2DA6                           l2141 2EA4  
                         l2037 2F7A                           l2029 2C5C                           l2117 2DCA  
                         l2109 2DB0                           l2221 25F0                           l2135 2FDE  
                         l2071 2D72                           l2063 2D50                           l2143 2EAE  
                         l2039 2F80                           l2151 2BA8                           l2223 2600  
                         l2231 26A8                           l2081 2F92                           l2137 2FE4  
                         l2073 2D78                           l2065 2D58                           l2145 2EB4  
                         l2153 2BB6                           l2233 2710                           l2225 2610  
                         l2241 22AC                           l2091 2FAA                           l2083 2F9E  
                         l2075 2D7E                           l2067 2D5C                           l2147 2EBA  
                         l2139 2E94                           l2155 2BC6                           l2227 2644  
                         l2251 2376                           l2243 231C                           l2235 2292  
                         l2085 2FA2                           l2093 301A                           l2077 2D84  
                         l2069 2D62                           l2157 2BD0                           l2149 2B98  
                         l1701 2836                           l2229 2678                           l2261 23EC  
                         l2253 2386                           l2245 2336                           l2237 22A4  
                         l2087 2FA4                           l2079 2D8A                           l2095 2EF4  
                         l1711 2868                           l2271 2442                           l2263 2412  
                         l2255 23A8                           l2247 2344                           l2239 22A8  
                         l2089 2FA8                           l2097 2F02                           l1721 28A8  
                         l1713 286C                           l1705 2848                           l1641 29F8  
                         l1801 25B4                           l2265 2416                           l2257 23B8  
                         l2249 2354                           l2099 2F0C                           l1731 28FA  
                         l1723 28B4                           l1715 287A                           l1707 284A  
                         l1643 2A08                           l1803 25C4                           l1811 2932  
                         l2267 2424                           l2259 23DC                           l1901 2FBA  
                         l1661 273E                           l1725 28C2                           l1733 2900  
                         l1717 288A                           l1709 2858                           l1645 2A12  
                         l1653 2E24                           l1741 2A94                           l1805 25CA  
                         l1821 29AA                           l1813 2938                           l2269 2432  
                         l1903 2FBC                           l1911 2FD0                           l1671 2770  
                         l1663 2740                           l1735 2910                           l1727 28E0  
                         l1719 28A0                           l1647 2A2E                           l1639 29E8  
                         l1655 2E2E                           l1751 2ADA                           l1743 2AA2  
                         l1807 25D8                           l1815 2960                           l1823 29B2  
                         l1831 20A2                           l1905 2FBE                           l1825 302A  
                         l1913 2FD6                           l1921 2C68                           l1681 27B2  
                         l1673 2780                           l1665 274E                           l1737 2920  
                         l1729 28F0                           l1649 2A60                           l1657 2E3C  
                         l1753 2ADE                           l1745 2AAE                           l1761 2464  
                         l1817 2968                           l1841 20C4                           l1833 20AC  
                         l1907 2FC8                           l1915 300A                           l1931 2C86  
                         l1691 2804                           l1683 27BE                           l1675 2784  
                         l1667 275E                           l1659 2E40                           l1755 2B0A  
                         l1747 2ABC                           l1771 249A                           l1763 2468  
                         l1819 2988                           l1851 2114                           l1835 20B0  
                         l1827 2072                           l1909 2FCC                           l1917 300E  
                         l1941 2CAA                           l1933 2C8C                           l1693 2806  
                         l1685 27CC                           l1677 2794                           l1669 2762  
                         l1757 2E5E                           l1749 2ACC                           l1781 24CC  
                         l1773 24AA                           l1765 247C                           l1861 2156  
                         l1853 2122                           l1845 20CC                           l1837 20B6  
                         l1829 209A                           l1919 3012                           l1943 2CAC  
                         l1935 2C90                           l1927 2C78                           l1695 2810  
                         l1687 27D6                           l1679 27AA                           l1759 2E6C  
                         l1783 24D2                           l1791 254C                           l1775 24B4  
                         l1767 2484                           l1871 21CA                           l1855 212C  
                         l1839 20B8                           l1847 20F0                           l1951 2DEA  
                         l1945 2CAE                           l1937 2C92                           l1929 2C82  
                         l1689 27F4                           l1697 2816                           l1793 2566  
                         l1785 2510                           l1777 24BA                           l1769 2494  
                         l1881 2240                           l1873 21F4                           l1865 2164  
                         l1857 2136                           l1849 2100                           l1953 2DFA  
                         l1961 2ECC                           l1971 2CB6                           l1939 2CA6  
                         l1699 2826                           l1795 257C                           l1787 2512  
                         l1779 24C4                           l1867 2182                           l1859 2150  
                         l1955 2E1C                           l1963 2ED2                           l1981 2CC4  
                         l1973 2CBC                           l1797 258C                           l1789 2518  
                         l1885 225C                           l1869 21A4                           l1877 2220  
                         l1949 2DE2                           l1965 2ED8                           ?_pad 0015  
                         l1983 2CD4                           l1975 2CBE                           l1895 2FB0  
                         l1991 2F26                           l1799 25A6                           l1879 2236  
                         l1967 2EE8                           l1959 2EC4                           l1985 2CE6  
                         l1977 2CC0                           l1897 2FB6                           l1993 2F32  
                         l1889 2268                           l1987 2CF8                           l1979 2CC2  
                         l1899 2FB8                           l1995 2F34                           l1989 2F22  
                         l1997 2C04                           STR_1 2014                           STR_2 203A  
                         STR_3 2027                           STR_4 2001                           STR_5 205F  
                         STR_6 204D                           u1000 2C78                           u1001 2C74  
                         u1010 2CA2                           u1011 2C9E                           u1020 2E1C  
                         u1021 2E18                           u1030 2CD4                           u1031 2CD0  
                         u1040 2CE6                           u1120 2EA4                           u1041 2CE2  
                         u1121 2EA0                           u1050 2F4A                           u1130 2BB6  
                         u1210 2600                           u1051 2F46                           u1131 2BB2  
                         u1211 25FC                           u1060 2C22                           u1140 2BF0  
                         u1220 2344                           u1061 2C1E                           u1141 2BEC  
                         u1221 2340                           u1070 2C3C                           u1230 2376  
                         u1071 2C38                           u1231 2372                           u1080 2C4C  
                         u1240 23A8                           u1081 2C48                           u1241 23A4  
                         u1250 23DC                           u1307 2D90                           u1251 23D8  
                         u1317 2FEA                           _LATB 3FBB                           u1327 2CEC  
                         _LATD 3FBD                           u1337 2CFA                           u1267 244E  
                         u1277 2EFA                           u1287 2FC0                           u1297 2D68  
                         i2l81 2B44                           i2l82 2B94                           i2l83 2B96  
                         abs@a 0012                           _dbuf 00A7                           _main 2292  
                         _dtoa 2464                           _prec 0055               __end_of_I2C_Init 302A  
             __end_of_I2C_Read 2C66                           pad@i 001A                           pad@p 0017  
                         fsr1h 3FE2                           fsr2h 3FDA                           indf2 3FDF  
                         fsr1l 3FE1                           fsr2l 3FD9               __end_of_I2C_Stop 301A  
                         prodh 3FF4                           prodl 3FF3              format_accel@value 0061  
                         start 00AE              format_accel@whole 0065                  _LCD_String_xy 2E92  
                 ___param_bank 0000                          ??_abs 0014                          ??_pad 0019  
             __end_of_LCD_Char 2FC8               __end_of_LCD_Init 2D9A               __end_of_INT0_ISR 2B98  
                 LCD_Char@data 0008                __end_of___aldiv 2848                __end_of___almod 2932  
                        ?_main 0001                          ?_dtoa 0022                          i2l101 2D4E  
                        i2l118 3008                   vfpfcnvrt@fmt 0030                          _TRISB 3FC3  
                        _TRISD 3FC5            ___lmul@multiplicand 000C                   ?i2_LCD_Clear 0001  
                        _flags 0057                  ?_MPU6050_Init 0001         ?_Button_Interrupt_Init 0001  
            __end_of_I2C_Delay 3032            read_prec_or_width@c 000C            read_prec_or_width@n 000D  
                        _fputc 29E8                          _fputs 2E24                          pad@fp 0015  
                        _width 0053                          _putch 3032                          dtoa@d 0023  
                        dtoa@i 002D                          dtoa@p 0029                          dtoa@s 002C  
                        dtoa@w 002A             format_accel@buffer 0060              __end_of_I2C_Start 2FDE  
            __end_of_I2C_Write 2CB4                          tablat 3FF5                          status 3FD8  
              __end_of_sprintf 2EF4                 ?_LCD_String_xy 000A                __initialization 2F4C  
                 __end_of_main 2464                   __end_of_dtoa 25F0                  _MPU6050_Write 2F74  
                ?_format_accel 0060                         ??_main 006D                         ??_dtoa 0027  
            __end_of_LCD_Clear 2FF4                  __activetblptr 0003              MPU6050_Write@data 000A  
   __end_of_read_prec_or_width 29E8                      I2C_Read@i 000A                 ??_MPU6050_Init 000C  
                       ?_fputc 0008                         ?_fputs 0010                         ?_putch 0001  
                       _ANSELB 3A50                         _ANSELD 3A70               LCD_String_xy@msg 000B  
             LCD_String_xy@pos 000A               LCD_String_xy@row 000C                         i2l2201 2B18  
                       i2l2051 2D0E                         i2l2203 2B1C                         i2l2061 2D46  
                       i2l2053 2D10                         i2l2045 2D04                         i2l2205 2B2C  
                       i2l2055 2D12                         i2l2047 2D0A                         i2l2215 2B46  
                       i2l2207 2B3A                         i2l2057 2D22                         i2l2049 2D0C  
                       i2l2161 2FFA                         i2l2217 2B5C                         i2l2209 2B3E  
                       i2l2059 2D34                         i2l2219 2B74                         i2l2159 2FF4  
                vfpfcnvrt@done 0036                   vfprintf@cfmt 003C                         ___lmul 2B98  
                    ??___aldiv 001C                      ??___almod 0010           read_prec_or_width@ap 0009  
               ?_MPU6050_Write 000A                         clear_0 2F52            format_accel@decimal 0069  
               ??_format_accel 0053                         isa$std 0001                         pad@buf 0016  
                       dtoa@fp 0022                         fputc@c 0008                         fputs@c 0012  
                       fputs@i 0013                         fputs@s 0010                      ?_I2C_Init 0001  
                    ?_I2C_Read 0001                      ?_I2C_Stop 0001                   __mediumconst 2000  
                       tblptrh 3FF7                         tblptrl 3FF6                         tblptru 3FF8  
                       putch@c 0001               __end_of_vfprintf 2E24                      ??_sprintf 0047  
                    ?_LCD_Char 0001                     __accesstop 0060        __end_of__initialization 2F6E  
                    ?_LCD_Init 0001                      ?_INT0_ISR 0001                ??_LCD_String_xy 000C  
                ___rparam_used 0001                      INT0_ISR@i 0006                 __pcstackCOMRAM 0001  
               ivt0x8_undefint 00AC                  __end_of_fputc 2A94                  __end_of_fputs 2E5E  
                __end_of_putch 3034                   ??_LCD_String 000A               i2LCD_Command@cmd 0002  
               _MPU6050_Read16 2D9A                     ??_I2C_Init 0008                     ??_I2C_Read 0008  
                   ??_I2C_Stop 0008                        ??_fputc 000B                        ??_fputs 0012  
                      ??_putch 0008                     __pbssBANK0 00A7                     ??_LCD_Char 0008  
                   ??_LCD_Init 000A                     ??_INT0_ISR 0004             __end_of_LCD_String 2F4C  
                      IVTBASEH 3FD6                        IVTBASEL 3FD5                        IVTBASEU 3FD7  
                 I2C_Read@data 0009                        ?___lmul 0008           __end_of_MPU6050_Init 2F22  
              ??_MPU6050_Write 000B                 ___lmul@product 0010                  i2_LCD_Command 2D02  
       __end_of_MPU6050_Read16 2DE2                     I2C_Write@i 0009                 main@lastAccelX 009B  
                      _INT0PPS 3AC0        ??_Button_Interrupt_Init 0008                      _I2C_Delay 302A  
         __end_of_format_accel 273E                      _I2C_Start 2FC8                      _I2C_Write 2C66  
                LCD_String@msg 0009                        __Hparam 0000                        __Lparam 0000  
                      ___aldiv 273E                        ___almod 2848                      ?_vfprintf 0039  
                 __psmallconst 2000                 ?i2_LCD_Command 0001                        __pcinit 2F4C  
                      __ramtop 2000                ?_MPU6050_Read16 000B                        __ptext0 2292  
                      __ptext1 25F0                        __ptext2 2EC4                        __ptext3 2DE2  
                      __ptext4 2072                        __ptext5 2932                        __ptext6 2464  
                      __ptext7 2A94                        __ptext8 2E24                        __ptext9 29E8  
        read_prec_or_width@fmt 0008               ___aldiv@dividend 0014                      _LCD_Clear 2FDE  
                      _sprintf 2EC4           end_of_initialization 2F6E                        fputc@fp 000A  
                   ?_I2C_Delay 0001                 LCD_Command@cmd 0009                        fputs@fp 0011  
           _read_prec_or_width 2932                     ?_I2C_Start 0001                     ?_I2C_Write 0001  
            __end_of_vfpfcnvrt 2292               ___aldiv@quotient 001E                        postdec2 3FDD  
          ?_read_prec_or_width 0008                        postinc0 3FEE                        postinc1 3FE6  
                      postinc2 3FDE               vfpfcnvrt@convarg 0032                     ??_vfprintf 003C  
                    _PORTCbits 3FCC                      _PORTDbits 3FCD                      _TRISCbits 3FC4  
                    _TRISDbits 3FC5                     ?_LCD_Clear 0001           ??_read_prec_or_width 000A  
                   main@accelX 00A3                ??i2_LCD_Command 0001                  ??_LCD_Command 0008  
               __end_of___lmul 2C02                    vfpfcnvrt@ap 0031                    vfpfcnvrt@cp 0038  
                  vfpfcnvrt@fp 002F            start_initialization 2F4C                    __end_of_abs 2E92  
                  __end_of_pad 2B18                   _MPU6050_Init 2EF4                     ivt0x8_base 0008  
             MPU6050_Write@reg 000B                    ??_I2C_Delay 0008                    ??_I2C_Start 0008  
                  ??_I2C_Write 0008          __end_of_LCD_String_xy 2EC4                    vfprintf@fmt 003A  
                     ??___lmul 0010                   _format_accel 25F0            __end_of_LCD_Command 2D02  
                  __pbssCOMRAM 0053                  __pcstackBANK0 0060                  ??i2_LCD_Clear 0003  
                  ??_LCD_Clear 000A  __end_of_Button_Interrupt_Init 2FAE                      _dtoa$1188 0027  
                  I2C_Read@ack 0008               ??_MPU6050_Read16 000D                       ?___aldiv 0014  
                     ?___almod 0008          __end_of_MPU6050_Write 2F92               ___almod@dividend 0008  
                  __smallconst 2000                       _I2C_Init 301A                       _I2C_Read 2C02  
                     _I2C_Stop 300A          LCD_String_xy@location 000D                       ?_sprintf 003D  
              ___aldiv@divisor 0018                       _LCD_Char 2FAE            __end_ofi2_LCD_Clear 300A  
              ___aldiv@counter 001C                       _LCD_Init 2D50                       _INT0_ISR 2B18  
                     _LATCbits 3FBC                       _LATDbits 3FBD                       _PIE1bits 3991  
                     i2u110_40 2D34                       i2u110_41 2D30                       i2u120_40 2B94  
                     i2u120_41 2B90                       i2u109_40 2D22                       i2u109_41 2D1E  
                     i2u134_47 2B22                       i2u119_40 2B3A                       i2u119_41 2B36  
                     i2u135_47 2B50                       i2u136_47 2B68                       i2u137_47 3000  
                     i2u138_47 2D3A                       i2u139_47 2D48                       _PIR1bits 39A1  
                  _LCD_Command 2CB4                      _vfpfcnvrt 2072                      main@delta 009F  
                    main@line1 0084                      main@line2 006F                     vfpfcnvrt@c 0037  
                  _INTCON0bits 3FD2              ___lmul@multiplier 0008                       __Hrparam 0000  
                   vfprintf@ap 003B                       __Lrparam 0000                     vfprintf@fp 0039  
                I2C_Write@data 0008                     ?_vfpfcnvrt 002F                     _ANSELCbits 3A60  
                   _ANSELDbits 3A70                     sprintf@fmt 003E                       __pivt0x8 0008  
                  i2_LCD_Clear 2FF4                       __ptext10 3032                       __ptext11 2E5E  
                     __ptext20 300A                       __ptext12 2848                       __ptext21 2FC8  
                     __ptext13 273E                       __ptext30 2F92                       __ptext22 302A  
                     __ptext14 2B98                       __ptext31 2B18                       __ptext23 2E92  
                     __ptext15 2D9A                       __ptext32 2FF4                       __ptext24 2F22  
                     __ptext16 2C02                       __ptext33 2D02                       __ptext25 2FAE  
                     __ptext17 2EF4                       __ptext26 2D50                       __ptext18 2F74  
                     __ptext27 2FDE                       __ptext19 2C66                       __ptext28 2CB4  
                     __ptext29 301A                ___almod@divisor 000C                ___almod@counter 0010  
                     isa$xinst 0000                       _vfprintf 2DE2          __end_ofi2_LCD_Command 2D50  
                     main@rawX 0099                     _LCD_String 2F22                       intlevel2 0000  
                    sprintf@ap 0047                    ??_vfpfcnvrt 0032                       sprintf@f 0048  
                     sprintf@s 003D                   ___aldiv@sign 001D          _Button_Interrupt_Init 2F92  
                 ___almod@sign 0011             MPU6050_Read16@high 0010              MPU6050_Read16@reg 000F  
            MPU6050_Read16@low 0011  
