

Microchip MPLAB XC8 Assembler V3.10 build 20250813170317 
                                                                                               Thu Apr 16 15:29:53 2026

Microchip MPLAB XC8 C Compiler v3.10 (Free license) build 20250813170317 Og1 
     1                           	processor	18F47K42
     2                           	fnconf	rparam,??,?,0
     3                           	pagewidth 120
     4                           	opt	flic
     5                           	psect	smallconst,global,reloc=2,class=SMALLCONST,space=0,delta=1,noexec
     6                           	psect	cinit,global,reloc=2,class=CODE,space=0,delta=1
     7                           	psect	bssCOMRAM,global,class=COMRAM,space=1,delta=1,lowdata,noexec
     8                           	psect	cstackCOMRAM,global,class=COMRAM,space=1,delta=1,lowdata,noexec
     9                           	psect	text0,global,reloc=2,class=CODE,space=0,delta=1
    10                           	psect	text1,global,reloc=2,class=CODE,space=0,delta=1
    11                           	psect	text2,global,reloc=2,class=CODE,space=0,delta=1
    12                           	psect	text3,global,reloc=2,class=CODE,space=0,delta=1
    13                           	psect	text4,global,reloc=2,class=CODE,space=0,delta=1
    14                           	psect	text5,global,reloc=2,class=CODE,space=0,delta=1
    15                           	psect	text6,global,reloc=2,class=CODE,space=0,delta=1
    16                           	psect	text7,global,reloc=2,class=CODE,space=0,delta=1
    17                           	psect	text8,global,reloc=2,class=CODE,space=0,delta=1
    18                           	psect	text9,global,reloc=2,class=CODE,space=0,delta=1
    19                           	psect	text10,global,reloc=2,class=CODE,space=0,delta=1
    20                           	psect	text11,global,reloc=2,class=CODE,space=0,delta=1
    21                           	psect	text12,global,reloc=2,class=CODE,space=0,delta=1
    22                           	psect	text13,global,reloc=2,class=CODE,space=0,delta=1
    23                           	psect	text14,global,reloc=2,class=CODE,space=0,delta=1
    24                           	psect	text15,global,reloc=2,class=CODE,space=0,delta=1
    25                           	psect	text16,global,reloc=2,class=CODE,space=0,delta=1
    26                           	psect	text17,global,reloc=2,class=CODE,space=0,delta=1
    27                           	psect	text18,global,reloc=2,class=CODE,space=0,delta=1
    28                           	psect	text19,global,reloc=2,class=CODE,space=0,delta=1
    29                           	psect	text20,global,reloc=2,class=CODE,space=0,delta=1
    30                           	psect	text21,global,reloc=4,class=CODE,space=0,delta=1
    31                           	psect	ivt0x8,global,reloc=2,class=CODE,space=0,delta=1,noexec,keep,optim=
    32                           	psect	intsave_regs,global,class=BIGRAM,space=1,delta=1,noexec
    33                           	psect	rparam,global,class=COMRAM,space=1,delta=1,noexec
    34                           	psect	config,global,abs,ovrld,class=CONFIG,space=4,delta=1,noexec
    35   000000                     
    36                           ; Generated 24/03/2025 GMT
    37                           ; 
    38                           ; Copyright © 2025, Microchip Technology Inc. and its subsidiaries ("Microchip")
    39                           ; All rights reserved.
    40                           ; 
    41                           ; This software is developed by Microchip Technology Inc. and its subsidiaries ("Microch
      +                          ip").
    42                           ; 
    43                           ; Redistribution and use in source and binary forms, with or without modification, are
    44                           ; permitted provided that the following conditions are met:
    45                           ; 
    46                           ;     1. Redistributions of source code must retain the above copyright notice, this lis
      +                          t of
    47                           ;        conditions and the following disclaimer.
    48                           ; 
    49                           ;     2. Redistributions in binary form must reproduce the above copyright notice, this 
      +                          list
    50                           ;        of conditions and the following disclaimer in the documentation and/or other
    51                           ;        materials provided with the distribution. Publication is not required when
    52                           ;        this file is used in an embedded application.
    53                           ; 
    54                           ;     3. Microchip's name may not be used to endorse or promote products derived from th
      +                          is
    55                           ;        software without specific prior written permission.
    56                           ; 
    57                           ; THIS SOFTWARE IS PROVIDED BY MICROCHIP "AS IS" AND ANY EXPRESS OR IMPLIED WARRANTIES,
    58                           ; INCLUDING, BUT NOT LIMITED TO, THE IMPLIED WARRANTIES OF MERCHANTABILITY AND FITNESS F
      +                          OR
    59                           ; PURPOSE ARE DISCLAIMED.  IN NO EVENT SHALL MICROCHIP BE LIABLE FOR ANY DIRECT, INDIREC
      +                          T,
    60                           ; INCIDENTAL, SPECIAL, EXEMPLARY, OR CONSEQUENTIAL DAMAGES (INCLUDING BUT NOT LIMITED TO
    61                           ; PROCUREMENT OF SUBSTITUTE GOODS OR SERVICES; LOSS OF USE, DATA OR PROFITS; OR BUSINESS
    62                           ; INTERRUPTION) HOWSOEVER CAUSED AND ON ANY THEORY OF LIABILITY, WHETHER IN CONTRACT, ST
      +                          RICT
    63                           ; LIABILITY, OR TORT (INCLUDING NEGLIGENCE OR OTHERWISE) ARISING IN ANY WAY OUT OF THE U
      +                          SE OF
    64                           ; THIS SOFTWARE, EVEN IF ADVISED OF THE POSSIBILITY OF SUCH DAMAGE.
    65                           ; 
    66                           ; 
    67                           ; Code-generator required, PIC18F47K42 Definitions
    68                           ; 
    69                           ; SFR Addresses
    70   003FE0                     bsr             equ	16352
    71   003FE9                     fsr0            equ	16361
    72   003FEA                     fsr0h           equ	16362
    73   003FE9                     fsr0l           equ	16361
    74   003FE1                     fsr1            equ	16353
    75   003FE2                     fsr1h           equ	16354
    76   003FE1                     fsr1l           equ	16353
    77   003FD9                     fsr2            equ	16345
    78   003FDA                     fsr2h           equ	16346
    79   003FD9                     fsr2l           equ	16345
    80   003FEF                     indf0           equ	16367
    81   003FE7                     indf1           equ	16359
    82   003FDF                     indf2           equ	16351
    83   003FD2                     intcon          equ	16338
    84   0039E5                     nvmcon          equ	14821
    85   003FF9                     pcl             equ	16377
    86   003FFA                     pclath          equ	16378
    87   003FFB                     pclatu          equ	16379
    88   003FEB                     plusw0          equ	16363
    89   003FE3                     plusw1          equ	16355
    90   003FDB                     plusw2          equ	16347
    91   003FED                     postdec0        equ	16365
    92   003FE5                     postdec1        equ	16357
    93   003FDD                     postdec2        equ	16349
    94   003FEE                     postinc0        equ	16366
    95   003FE6                     postinc1        equ	16358
    96   003FDE                     postinc2        equ	16350
    97   003FEC                     preinc0         equ	16364
    98   003FE4                     preinc1         equ	16356
    99   003FDC                     preinc2         equ	16348
   100   003FF3                     prod            equ	16371
   101   003FF4                     prodh           equ	16372
   102   003FF3                     prodl           equ	16371
   103   003FD8                     status          equ	16344
   104   003FF5                     tablat          equ	16373
   105   003FF6                     tblptr          equ	16374
   106   003FF7                     tblptrh         equ	16375
   107   003FF6                     tblptrl         equ	16374
   108   003FF8                     tblptru         equ	16376
   109   003FFD                     tosl            equ	16381
   110   003FE8                     wreg            equ	16360
   111   003880                     STATUS_CSHAD    equ	14464	;# 
   112   003881                     WREG_CSHAD      equ	14465	;# 
   113   003882                     BSR_CSHAD       equ	14466	;# 
   114   003883                     SHADCON         equ	14467	;# 
   115   003884                     STATUS_SHAD     equ	14468	;# 
   116   003885                     WREG_SHAD       equ	14469	;# 
   117   003886                     BSR_SHAD        equ	14470	;# 
   118   003887                     PCLATH_SHAD     equ	14471	;# 
   119   003888                     PCLATU_SHAD     equ	14472	;# 
   120   003889                     FSR0SH          equ	14473	;# 
   121   003889                     FSR0L_SHAD      equ	14473	;# 
   122   00388A                     FSR0H_SHAD      equ	14474	;# 
   123   00388B                     FSR1SH          equ	14475	;# 
   124   00388B                     FSR1L_SHAD      equ	14475	;# 
   125   00388C                     FSR1H_SHAD      equ	14476	;# 
   126   00388D                     FSR2SH          equ	14477	;# 
   127   00388D                     FSR2L_SHAD      equ	14477	;# 
   128   00388E                     FSR2H_SHAD      equ	14478	;# 
   129   00388F                     PRODSH          equ	14479	;# 
   130   00388F                     PRODL_SHAD      equ	14479	;# 
   131   003890                     PRODH_SHAD      equ	14480	;# 
   132   00389D                     IVTADL          equ	14493	;# 
   133   00389E                     IVTADH          equ	14494	;# 
   134   00389F                     IVTADU          equ	14495	;# 
   135   00395B                     WDTCON0         equ	14683	;# 
   136   00395C                     WDTCON1         equ	14684	;# 
   137   00395D                     WDTPSL          equ	14685	;# 
   138   00395E                     WDTPSH          equ	14686	;# 
   139   00395F                     WDTTMR          equ	14687	;# 
   140   003960                     CRCDATA         equ	14688	;# 
   141   003960                     CRCDATL         equ	14688	;# 
   142   003961                     CRCDATH         equ	14689	;# 
   143   003962                     CRCACC          equ	14690	;# 
   144   003962                     CRCACCL         equ	14690	;# 
   145   003963                     CRCACCH         equ	14691	;# 
   146   003964                     CRCSHFT         equ	14692	;# 
   147   003964                     CRCSHIFTL       equ	14692	;# 
   148   003965                     CRCSHIFTH       equ	14693	;# 
   149   003966                     CRCXOR          equ	14694	;# 
   150   003966                     CRCXORL         equ	14694	;# 
   151   003967                     CRCXORH         equ	14695	;# 
   152   003968                     CRCCON0         equ	14696	;# 
   153   003969                     CRCCON1         equ	14697	;# 
   154   003976                     SCANLADR        equ	14710	;# 
   155   003976                     SCANLADRL       equ	14710	;# 
   156   003977                     SCANLADRH       equ	14711	;# 
   157   003978                     SCANLADRU       equ	14712	;# 
   158   003979                     SCANHADR        equ	14713	;# 
   159   003979                     SCANHADRL       equ	14713	;# 
   160   00397A                     SCANHADRH       equ	14714	;# 
   161   00397B                     SCANHADRU       equ	14715	;# 
   162   00397C                     SCANCON0        equ	14716	;# 
   163   00397D                     SCANTRIG        equ	14717	;# 
   164   003980                     IPR0            equ	14720	;# 
   165   003981                     IPR1            equ	14721	;# 
   166   003982                     IPR2            equ	14722	;# 
   167   003983                     IPR3            equ	14723	;# 
   168   003984                     IPR4            equ	14724	;# 
   169   003985                     IPR5            equ	14725	;# 
   170   003986                     IPR6            equ	14726	;# 
   171   003987                     IPR7            equ	14727	;# 
   172   003988                     IPR8            equ	14728	;# 
   173   003989                     IPR9            equ	14729	;# 
   174   00398A                     IPR10           equ	14730	;# 
   175   003990                     PIE0            equ	14736	;# 
   176   003991                     PIE1            equ	14737	;# 
   177   003992                     PIE2            equ	14738	;# 
   178   003993                     PIE3            equ	14739	;# 
   179   003994                     PIE4            equ	14740	;# 
   180   003995                     PIE5            equ	14741	;# 
   181   003996                     PIE6            equ	14742	;# 
   182   003997                     PIE7            equ	14743	;# 
   183   003998                     PIE8            equ	14744	;# 
   184   003999                     PIE9            equ	14745	;# 
   185   00399A                     PIE10           equ	14746	;# 
   186   0039A0                     PIR0            equ	14752	;# 
   187   0039A1                     PIR1            equ	14753	;# 
   188   0039A2                     PIR2            equ	14754	;# 
   189   0039A3                     PIR3            equ	14755	;# 
   190   0039A4                     PIR4            equ	14756	;# 
   191   0039A5                     PIR5            equ	14757	;# 
   192   0039A6                     PIR6            equ	14758	;# 
   193   0039A7                     PIR7            equ	14759	;# 
   194   0039A8                     PIR8            equ	14760	;# 
   195   0039A9                     PIR9            equ	14761	;# 
   196   0039AA                     PIR10           equ	14762	;# 
   197   0039C0                     PMD0            equ	14784	;# 
   198   0039C1                     PMD1            equ	14785	;# 
   199   0039C2                     PMD2            equ	14786	;# 
   200   0039C3                     PMD3            equ	14787	;# 
   201   0039C4                     PMD4            equ	14788	;# 
   202   0039C5                     PMD5            equ	14789	;# 
   203   0039C6                     PMD6            equ	14790	;# 
   204   0039C7                     PMD7            equ	14791	;# 
   205   0039D0                     BORCON          equ	14800	;# 
   206   0039D1                     VREGCON         equ	14801	;# 
   207   0039D8                     CPUDOZE         equ	14808	;# 
   208   0039D9                     OSCCON1         equ	14809	;# 
   209   0039DA                     OSCCON2         equ	14810	;# 
   210   0039DB                     OSCCON3         equ	14811	;# 
   211   0039DC                     OSCSTAT         equ	14812	;# 
   212   0039DC                     OSCSTAT1        equ	14812	;# 
   213   0039DD                     OSCEN           equ	14813	;# 
   214   0039DE                     OSCTUNE         equ	14814	;# 
   215   0039DF                     OSCFRQ          equ	14815	;# 
   216   0039E0                     NVMADRL         equ	14816	;# 
   217   0039E1                     NVMADRH         equ	14817	;# 
   218   0039E3                     NVMDAT          equ	14819	;# 
   219   0039E5                     NVMCON1         equ	14821	;# 
   220   0039E6                     NVMCON2         equ	14822	;# 
   221   0039EF                     PRLOCK          equ	14831	;# 
   222   0039F1                     ISRPR           equ	14833	;# 
   223   0039F2                     MAINPR          equ	14834	;# 
   224   0039F3                     DMA1PR          equ	14835	;# 
   225   0039F4                     DMA2PR          equ	14836	;# 
   226   0039F7                     SCANPR          equ	14839	;# 
   227   003A00                     RA0PPS          equ	14848	;# 
   228   003A01                     RA1PPS          equ	14849	;# 
   229   003A02                     RA2PPS          equ	14850	;# 
   230   003A03                     RA3PPS          equ	14851	;# 
   231   003A04                     RA4PPS          equ	14852	;# 
   232   003A05                     RA5PPS          equ	14853	;# 
   233   003A06                     RA6PPS          equ	14854	;# 
   234   003A07                     RA7PPS          equ	14855	;# 
   235   003A08                     RB0PPS          equ	14856	;# 
   236   003A09                     RB1PPS          equ	14857	;# 
   237   003A0A                     RB2PPS          equ	14858	;# 
   238   003A0B                     RB3PPS          equ	14859	;# 
   239   003A0C                     RB4PPS          equ	14860	;# 
   240   003A0D                     RB5PPS          equ	14861	;# 
   241   003A0E                     RB6PPS          equ	14862	;# 
   242   003A0F                     RB7PPS          equ	14863	;# 
   243   003A10                     RC0PPS          equ	14864	;# 
   244   003A11                     RC1PPS          equ	14865	;# 
   245   003A12                     RC2PPS          equ	14866	;# 
   246   003A13                     RC3PPS          equ	14867	;# 
   247   003A14                     RC4PPS          equ	14868	;# 
   248   003A15                     RC5PPS          equ	14869	;# 
   249   003A16                     RC6PPS          equ	14870	;# 
   250   003A17                     RC7PPS          equ	14871	;# 
   251   003A18                     RD0PPS          equ	14872	;# 
   252   003A19                     RD1PPS          equ	14873	;# 
   253   003A1A                     RD2PPS          equ	14874	;# 
   254   003A1B                     RD3PPS          equ	14875	;# 
   255   003A1C                     RD4PPS          equ	14876	;# 
   256   003A1D                     RD5PPS          equ	14877	;# 
   257   003A1E                     RD6PPS          equ	14878	;# 
   258   003A1F                     RD7PPS          equ	14879	;# 
   259   003A20                     RE0PPS          equ	14880	;# 
   260   003A21                     RE1PPS          equ	14881	;# 
   261   003A22                     RE2PPS          equ	14882	;# 
   262   003A40                     ANSELA          equ	14912	;# 
   263   003A41                     WPUA            equ	14913	;# 
   264   003A42                     ODCONA          equ	14914	;# 
   265   003A43                     SLRCONA         equ	14915	;# 
   266   003A44                     INLVLA          equ	14916	;# 
   267   003A45                     IOCAP           equ	14917	;# 
   268   003A46                     IOCAN           equ	14918	;# 
   269   003A47                     IOCAF           equ	14919	;# 
   270   003A50                     ANSELB          equ	14928	;# 
   271   003A51                     WPUB            equ	14929	;# 
   272   003A52                     ODCONB          equ	14930	;# 
   273   003A53                     SLRCONB         equ	14931	;# 
   274   003A54                     INLVLB          equ	14932	;# 
   275   003A55                     IOCBP           equ	14933	;# 
   276   003A56                     IOCBN           equ	14934	;# 
   277   003A57                     IOCBF           equ	14935	;# 
   278   003A5A                     RB1I2C          equ	14938	;# 
   279   003A5B                     RB2I2C          equ	14939	;# 
   280   003A60                     ANSELC          equ	14944	;# 
   281   003A61                     WPUC            equ	14945	;# 
   282   003A62                     ODCONC          equ	14946	;# 
   283   003A63                     SLRCONC         equ	14947	;# 
   284   003A64                     INLVLC          equ	14948	;# 
   285   003A65                     IOCCP           equ	14949	;# 
   286   003A66                     IOCCN           equ	14950	;# 
   287   003A67                     IOCCF           equ	14951	;# 
   288   003A6A                     RC3I2C          equ	14954	;# 
   289   003A6B                     RC4I2C          equ	14955	;# 
   290   003A70                     ANSELD          equ	14960	;# 
   291   003A71                     WPUD            equ	14961	;# 
   292   003A72                     ODCOND          equ	14962	;# 
   293   003A73                     SLRCOND         equ	14963	;# 
   294   003A74                     INLVLD          equ	14964	;# 
   295   003A7A                     RD0I2C          equ	14970	;# 
   296   003A7B                     RD1I2C          equ	14971	;# 
   297   003A80                     ANSELE          equ	14976	;# 
   298   003A81                     WPUE            equ	14977	;# 
   299   003A82                     ODCONE          equ	14978	;# 
   300   003A83                     SLRCONE         equ	14979	;# 
   301   003A84                     INLVLE          equ	14980	;# 
   302   003A85                     IOCEP           equ	14981	;# 
   303   003A86                     IOCEN           equ	14982	;# 
   304   003A87                     IOCEF           equ	14983	;# 
   305   003ABF                     PPSLOCK         equ	15039	;# 
   306   003AC0                     INT0PPS         equ	15040	;# 
   307   003AC1                     INT1PPS         equ	15041	;# 
   308   003AC2                     INT2PPS         equ	15042	;# 
   309   003AC3                     T0CKIPPS        equ	15043	;# 
   310   003AC4                     T1CKIPPS        equ	15044	;# 
   311   003AC5                     T1GPPS          equ	15045	;# 
   312   003AC6                     T3CKIPPS        equ	15046	;# 
   313   003AC7                     T3GPPS          equ	15047	;# 
   314   003AC8                     T5CKIPPS        equ	15048	;# 
   315   003AC9                     T5GPPS          equ	15049	;# 
   316   003ACA                     T2INPPS         equ	15050	;# 
   317   003ACB                     T4INPPS         equ	15051	;# 
   318   003ACC                     T6INPPS         equ	15052	;# 
   319   003ACD                     CCP1PPS         equ	15053	;# 
   320   003ACE                     CCP2PPS         equ	15054	;# 
   321   003ACF                     CCP3PPS         equ	15055	;# 
   322   003AD0                     CCP4PPS         equ	15056	;# 
   323   003AD1                     SMT1WINPPS      equ	15057	;# 
   324   003AD2                     SMT1SIGPPS      equ	15058	;# 
   325   003AD3                     CWG1INPPS       equ	15059	;# 
   326   003AD4                     CWG2INPPS       equ	15060	;# 
   327   003AD5                     CWG3INPPS       equ	15061	;# 
   328   003AD6                     MD1CARLPPS      equ	15062	;# 
   329   003AD7                     MD1CARHPPS      equ	15063	;# 
   330   003AD8                     MD1SRCPPS       equ	15064	;# 
   331   003AD9                     CLCIN0PPS       equ	15065	;# 
   332   003ADA                     CLCIN1PPS       equ	15066	;# 
   333   003ADB                     CLCIN2PPS       equ	15067	;# 
   334   003ADC                     CLCIN3PPS       equ	15068	;# 
   335   003ADD                     ADACTPPS        equ	15069	;# 
   336   003ADE                     SPI1SCKPPS      equ	15070	;# 
   337   003ADF                     SPI1SDIPPS      equ	15071	;# 
   338   003AE0                     SPI1SSPPS       equ	15072	;# 
   339   003AE1                     I2C1SCLPPS      equ	15073	;# 
   340   003AE2                     I2C1SDAPPS      equ	15074	;# 
   341   003AE3                     I2C2SCLPPS      equ	15075	;# 
   342   003AE4                     I2C2SDAPPS      equ	15076	;# 
   343   003AE5                     U1RXPPS         equ	15077	;# 
   344   003AE6                     U1CTSPPS        equ	15078	;# 
   345   003AE8                     U2RXPPS         equ	15080	;# 
   346   003AE9                     U2CTSPPS        equ	15081	;# 
   347   003BC9                     DMA2BUF         equ	15305	;# 
   348   003BCA                     DMA2DCNT        equ	15306	;# 
   349   003BCA                     DMA2DCNTL       equ	15306	;# 
   350   003BCB                     DMA2DCNTH       equ	15307	;# 
   351   003BCC                     DMA2DPTR        equ	15308	;# 
   352   003BCC                     DMA2DPTRL       equ	15308	;# 
   353   003BCD                     DMA2DPTRH       equ	15309	;# 
   354   003BCE                     DMA2DSZ         equ	15310	;# 
   355   003BCE                     DMA2DSZL        equ	15310	;# 
   356   003BCF                     DMA2DSZH        equ	15311	;# 
   357   003BD0                     DMA2DSA         equ	15312	;# 
   358   003BD0                     DMA2DSAL        equ	15312	;# 
   359   003BD1                     DMA2DSAH        equ	15313	;# 
   360   003BD2                     DMA2SCNT        equ	15314	;# 
   361   003BD2                     DMA2SCNTL       equ	15314	;# 
   362   003BD3                     DMA2SCNTH       equ	15315	;# 
   363   003BD4                     DMA2SPTR        equ	15316	;# 
   364   003BD4                     DMA2SPTRL       equ	15316	;# 
   365   003BD5                     DMA2SPTRH       equ	15317	;# 
   366   003BD6                     DMA2SPTRU       equ	15318	;# 
   367   003BD7                     DMA2SSZ         equ	15319	;# 
   368   003BD7                     DMA2SSZL        equ	15319	;# 
   369   003BD8                     DMA2SSZH        equ	15320	;# 
   370   003BD9                     DMA2SSA         equ	15321	;# 
   371   003BD9                     DMA2SSAL        equ	15321	;# 
   372   003BDA                     DMA2SSAH        equ	15322	;# 
   373   003BDB                     DMA2SSAU        equ	15323	;# 
   374   003BDC                     DMA2CON0        equ	15324	;# 
   375   003BDD                     DMA2CON1        equ	15325	;# 
   376   003BDE                     DMA2AIRQ        equ	15326	;# 
   377   003BDF                     DMA2SIRQ        equ	15327	;# 
   378   003BE9                     DMA1BUF         equ	15337	;# 
   379   003BEA                     DMA1DCNT        equ	15338	;# 
   380   003BEA                     DMA1DCNTL       equ	15338	;# 
   381   003BEB                     DMA1DCNTH       equ	15339	;# 
   382   003BEC                     DMA1DPTR        equ	15340	;# 
   383   003BEC                     DMA1DPTRL       equ	15340	;# 
   384   003BED                     DMA1DPTRH       equ	15341	;# 
   385   003BEE                     DMA1DSZ         equ	15342	;# 
   386   003BEE                     DMA1DSZL        equ	15342	;# 
   387   003BEF                     DMA1DSZH        equ	15343	;# 
   388   003BF0                     DMA1DSA         equ	15344	;# 
   389   003BF0                     DMA1DSAL        equ	15344	;# 
   390   003BF1                     DMA1DSAH        equ	15345	;# 
   391   003BF2                     DMA1SCNT        equ	15346	;# 
   392   003BF2                     DMA1SCNTL       equ	15346	;# 
   393   003BF3                     DMA1SCNTH       equ	15347	;# 
   394   003BF4                     DMA1SPTR        equ	15348	;# 
   395   003BF4                     DMA1SPTRL       equ	15348	;# 
   396   003BF5                     DMA1SPTRH       equ	15349	;# 
   397   003BF6                     DMA1SPTRU       equ	15350	;# 
   398   003BF7                     DMA1SSZ         equ	15351	;# 
   399   003BF7                     DMA1SSZL        equ	15351	;# 
   400   003BF8                     DMA1SSZH        equ	15352	;# 
   401   003BF9                     DMA1SSA         equ	15353	;# 
   402   003BF9                     DMA1SSAL        equ	15353	;# 
   403   003BFA                     DMA1SSAH        equ	15354	;# 
   404   003BFB                     DMA1SSAU        equ	15355	;# 
   405   003BFC                     DMA1CON0        equ	15356	;# 
   406   003BFD                     DMA1CON1        equ	15357	;# 
   407   003BFE                     DMA1AIRQ        equ	15358	;# 
   408   003BFF                     DMA1SIRQ        equ	15359	;# 
   409   003C56                     CLC4CON         equ	15446	;# 
   410   003C57                     CLC4POL         equ	15447	;# 
   411   003C58                     CLC4SEL0        equ	15448	;# 
   412   003C59                     CLC4SEL1        equ	15449	;# 
   413   003C5A                     CLC4SEL2        equ	15450	;# 
   414   003C5B                     CLC4SEL3        equ	15451	;# 
   415   003C5C                     CLC4GLS0        equ	15452	;# 
   416   003C5D                     CLC4GLS1        equ	15453	;# 
   417   003C5E                     CLC4GLS2        equ	15454	;# 
   418   003C5F                     CLC4GLS3        equ	15455	;# 
   419   003C60                     CLC3CON         equ	15456	;# 
   420   003C61                     CLC3POL         equ	15457	;# 
   421   003C62                     CLC3SEL0        equ	15458	;# 
   422   003C63                     CLC3SEL1        equ	15459	;# 
   423   003C64                     CLC3SEL2        equ	15460	;# 
   424   003C65                     CLC3SEL3        equ	15461	;# 
   425   003C66                     CLC3GLS0        equ	15462	;# 
   426   003C67                     CLC3GLS1        equ	15463	;# 
   427   003C68                     CLC3GLS2        equ	15464	;# 
   428   003C69                     CLC3GLS3        equ	15465	;# 
   429   003C6A                     CLC2CON         equ	15466	;# 
   430   003C6B                     CLC2POL         equ	15467	;# 
   431   003C6C                     CLC2SEL0        equ	15468	;# 
   432   003C6D                     CLC2SEL1        equ	15469	;# 
   433   003C6E                     CLC2SEL2        equ	15470	;# 
   434   003C6F                     CLC2SEL3        equ	15471	;# 
   435   003C70                     CLC2GLS0        equ	15472	;# 
   436   003C71                     CLC2GLS1        equ	15473	;# 
   437   003C72                     CLC2GLS2        equ	15474	;# 
   438   003C73                     CLC2GLS3        equ	15475	;# 
   439   003C74                     CLC1CON         equ	15476	;# 
   440   003C75                     CLC1POL         equ	15477	;# 
   441   003C76                     CLC1SEL0        equ	15478	;# 
   442   003C77                     CLC1SEL1        equ	15479	;# 
   443   003C78                     CLC1SEL2        equ	15480	;# 
   444   003C79                     CLC1SEL3        equ	15481	;# 
   445   003C7A                     CLC1GLS0        equ	15482	;# 
   446   003C7B                     CLC1GLS1        equ	15483	;# 
   447   003C7C                     CLC1GLS2        equ	15484	;# 
   448   003C7D                     CLC1GLS3        equ	15485	;# 
   449   003C7E                     CLCDATA0        equ	15486	;# 
   450   003CE5                     CLKRCON         equ	15589	;# 
   451   003CE6                     CLKRCLK         equ	15590	;# 
   452   003CFA                     MD1CON0         equ	15610	;# 
   453   003CFB                     MD1CON1         equ	15611	;# 
   454   003CFC                     MD1SRC          equ	15612	;# 
   455   003CFD                     MD1CARL         equ	15613	;# 
   456   003CFE                     MD1CARH         equ	15614	;# 
   457   003D10                     SPI1RXB         equ	15632	;# 
   458   003D11                     SPI1TXB         equ	15633	;# 
   459   003D12                     SPI1TCNT        equ	15634	;# 
   460   003D12                     SPI1TCNTL       equ	15634	;# 
   461   003D13                     SPI1TCNTH       equ	15635	;# 
   462   003D14                     SPI1CON0        equ	15636	;# 
   463   003D15                     SPI1CON1        equ	15637	;# 
   464   003D16                     SPI1CON2        equ	15638	;# 
   465   003D17                     SPI1STATUS      equ	15639	;# 
   466   003D18                     SPI1TWIDTH      equ	15640	;# 
   467   003D19                     SPI1BAUD        equ	15641	;# 
   468   003D1A                     SPI1INTF        equ	15642	;# 
   469   003D1B                     SPI1INTE        equ	15643	;# 
   470   003D1C                     SPI1CLK         equ	15644	;# 
   471   003D54                     I2C2RXB         equ	15700	;# 
   472   003D55                     I2C2TXB         equ	15701	;# 
   473   003D56                     I2C2CNT         equ	15702	;# 
   474   003D57                     I2C2ADB0        equ	15703	;# 
   475   003D58                     I2C2ADB1        equ	15704	;# 
   476   003D59                     I2C2ADR0        equ	15705	;# 
   477   003D5A                     I2C2ADR1        equ	15706	;# 
   478   003D5B                     I2C2ADR2        equ	15707	;# 
   479   003D5C                     I2C2ADR3        equ	15708	;# 
   480   003D5D                     I2C2CON0        equ	15709	;# 
   481   003D5E                     I2C2CON1        equ	15710	;# 
   482   003D5F                     I2C2CON2        equ	15711	;# 
   483   003D60                     I2C2ERR         equ	15712	;# 
   484   003D61                     I2C2STAT0       equ	15713	;# 
   485   003D62                     I2C2STAT1       equ	15714	;# 
   486   003D63                     I2C2PIR         equ	15715	;# 
   487   003D64                     I2C2PIE         equ	15716	;# 
   488   003D65                     I2C2CLK         equ	15717	;# 
   489   003D66                     I2C2BTO         equ	15718	;# 
   490   003D6A                     I2C1RXB         equ	15722	;# 
   491   003D6B                     I2C1TXB         equ	15723	;# 
   492   003D6C                     I2C1CNT         equ	15724	;# 
   493   003D6D                     I2C1ADB0        equ	15725	;# 
   494   003D6E                     I2C1ADB1        equ	15726	;# 
   495   003D6F                     I2C1ADR0        equ	15727	;# 
   496   003D70                     I2C1ADR1        equ	15728	;# 
   497   003D71                     I2C1ADR2        equ	15729	;# 
   498   003D72                     I2C1ADR3        equ	15730	;# 
   499   003D73                     I2C1CON0        equ	15731	;# 
   500   003D74                     I2C1CON1        equ	15732	;# 
   501   003D75                     I2C1CON2        equ	15733	;# 
   502   003D76                     I2C1ERR         equ	15734	;# 
   503   003D77                     I2C1STAT0       equ	15735	;# 
   504   003D78                     I2C1STAT1       equ	15736	;# 
   505   003D79                     I2C1PIR         equ	15737	;# 
   506   003D7A                     I2C1PIE         equ	15738	;# 
   507   003D7B                     I2C1CLK         equ	15739	;# 
   508   003D7C                     I2C1BTO         equ	15740	;# 
   509   003DD0                     U2RXB           equ	15824	;# 
   510   003DD0                     U2RXBL          equ	15824	;# 
   511   003DD2                     U2TXB           equ	15826	;# 
   512   003DD2                     U2TXBL          equ	15826	;# 
   513   003DD4                     U2P1            equ	15828	;# 
   514   003DD4                     U2P1L           equ	15828	;# 
   515   003DD6                     U2P2            equ	15830	;# 
   516   003DD6                     U2P2L           equ	15830	;# 
   517   003DD8                     U2P3            equ	15832	;# 
   518   003DD8                     U2P3L           equ	15832	;# 
   519   003DDA                     U2CON0          equ	15834	;# 
   520   003DDB                     U2CON1          equ	15835	;# 
   521   003DDC                     U2CON2          equ	15836	;# 
   522   003DDD                     U2BRG           equ	15837	;# 
   523   003DDD                     U2BRGL          equ	15837	;# 
   524   003DDE                     U2BRGH          equ	15838	;# 
   525   003DDF                     U2FIFO          equ	15839	;# 
   526   003DE0                     U2UIR           equ	15840	;# 
   527   003DE1                     U2ERRIR         equ	15841	;# 
   528   003DE2                     U2ERRIE         equ	15842	;# 
   529   003DE8                     U1RXB           equ	15848	;# 
   530   003DE8                     U1RXBL          equ	15848	;# 
   531   003DE9                     U1RXCHK         equ	15849	;# 
   532   003DEA                     U1TXB           equ	15850	;# 
   533   003DEA                     U1TXBL          equ	15850	;# 
   534   003DEB                     U1TXCHK         equ	15851	;# 
   535   003DEC                     U1P1            equ	15852	;# 
   536   003DEC                     U1P1L           equ	15852	;# 
   537   003DED                     U1P1H           equ	15853	;# 
   538   003DEE                     U1P2            equ	15854	;# 
   539   003DEE                     U1P2L           equ	15854	;# 
   540   003DEF                     U1P2H           equ	15855	;# 
   541   003DF0                     U1P3            equ	15856	;# 
   542   003DF0                     U1P3L           equ	15856	;# 
   543   003DF1                     U1P3H           equ	15857	;# 
   544   003DF2                     U1CON0          equ	15858	;# 
   545   003DF3                     U1CON1          equ	15859	;# 
   546   003DF4                     U1CON2          equ	15860	;# 
   547   003DF5                     U1BRG           equ	15861	;# 
   548   003DF5                     U1BRGL          equ	15861	;# 
   549   003DF6                     U1BRGH          equ	15862	;# 
   550   003DF7                     U1FIFO          equ	15863	;# 
   551   003DF8                     U1UIR           equ	15864	;# 
   552   003DF9                     U1ERRIR         equ	15865	;# 
   553   003DFA                     U1ERRIE         equ	15866	;# 
   554   003E9C                     DAC1CON1        equ	16028	;# 
   555   003E9E                     DAC1CON0        equ	16030	;# 
   556   003EB8                     CM2CON0         equ	16056	;# 
   557   003EB9                     CM2CON1         equ	16057	;# 
   558   003EBA                     CM2NCH          equ	16058	;# 
   559   003EBB                     CM2PCH          equ	16059	;# 
   560   003EBC                     CM1CON0         equ	16060	;# 
   561   003EBD                     CM1CON1         equ	16061	;# 
   562   003EBE                     CM1NCH          equ	16062	;# 
   563   003EBF                     CM1PCH          equ	16063	;# 
   564   003EC0                     CMOUT           equ	16064	;# 
   565   003EC1                     FVRCON          equ	16065	;# 
   566   003EC3                     ZCDCON          equ	16067	;# 
   567   003EC9                     HLVDCON0        equ	16073	;# 
   568   003ECA                     HLVDCON1        equ	16074	;# 
   569   003ED7                     ADCP            equ	16087	;# 
   570   003EDE                     ADLTH           equ	16094	;# 
   571   003EDE                     ADLTHL          equ	16094	;# 
   572   003EDF                     ADLTHH          equ	16095	;# 
   573   003EE0                     ADUTH           equ	16096	;# 
   574   003EE0                     ADUTHL          equ	16096	;# 
   575   003EE1                     ADUTHH          equ	16097	;# 
   576   003EE2                     ADERR           equ	16098	;# 
   577   003EE2                     ADERRL          equ	16098	;# 
   578   003EE3                     ADERRH          equ	16099	;# 
   579   003EE4                     ADSTPT          equ	16100	;# 
   580   003EE4                     ADSTPTL         equ	16100	;# 
   581   003EE5                     ADSTPTH         equ	16101	;# 
   582   003EE6                     ADFLTR          equ	16102	;# 
   583   003EE6                     ADFLTRL         equ	16102	;# 
   584   003EE7                     ADFLTRH         equ	16103	;# 
   585   003EE8                     ADACC           equ	16104	;# 
   586   003EE8                     ADACCL          equ	16104	;# 
   587   003EE9                     ADACCH          equ	16105	;# 
   588   003EEA                     ADACCU          equ	16106	;# 
   589   003EEB                     ADCNT           equ	16107	;# 
   590   003EEC                     ADRPT           equ	16108	;# 
   591   003EED                     ADPREV          equ	16109	;# 
   592   003EED                     ADPREVL         equ	16109	;# 
   593   003EEE                     ADPREVH         equ	16110	;# 
   594   003EEF                     ADRES           equ	16111	;# 
   595   003EEF                     ADRESL          equ	16111	;# 
   596   003EF0                     ADRESH          equ	16112	;# 
   597   003EF1                     ADPCH           equ	16113	;# 
   598   003EF3                     ADACQ           equ	16115	;# 
   599   003EF3                     ADACQL          equ	16115	;# 
   600   003EF4                     ADACQH          equ	16116	;# 
   601   003EF5                     ADCAP           equ	16117	;# 
   602   003EF6                     ADPRE           equ	16118	;# 
   603   003EF6                     ADPREL          equ	16118	;# 
   604   003EF7                     ADPREH          equ	16119	;# 
   605   003EF8                     ADCON0          equ	16120	;# 
   606   003EF9                     ADCON1          equ	16121	;# 
   607   003EFA                     ADCON2          equ	16122	;# 
   608   003EFB                     ADCON3          equ	16123	;# 
   609   003EFC                     ADSTAT          equ	16124	;# 
   610   003EFD                     ADREF           equ	16125	;# 
   611   003EFE                     ADACT           equ	16126	;# 
   612   003EFF                     ADCLK           equ	16127	;# 
   613   003F12                     SMT1TMR         equ	16146	;# 
   614   003F12                     SMT1TMRL        equ	16146	;# 
   615   003F13                     SMT1TMRH        equ	16147	;# 
   616   003F14                     SMT1TMRU        equ	16148	;# 
   617   003F15                     SMT1CPR         equ	16149	;# 
   618   003F15                     SMT1CPRL        equ	16149	;# 
   619   003F16                     SMT1CPRH        equ	16150	;# 
   620   003F17                     SMT1CPRU        equ	16151	;# 
   621   003F18                     SMT1CPW         equ	16152	;# 
   622   003F18                     SMT1CPWL        equ	16152	;# 
   623   003F19                     SMT1CPWH        equ	16153	;# 
   624   003F1A                     SMT1CPWU        equ	16154	;# 
   625   003F1B                     SMT1PR          equ	16155	;# 
   626   003F1B                     SMT1PRL         equ	16155	;# 
   627   003F1C                     SMT1PRH         equ	16156	;# 
   628   003F1D                     SMT1PRU         equ	16157	;# 
   629   003F1E                     SMT1CON0        equ	16158	;# 
   630   003F1F                     SMT1CON1        equ	16159	;# 
   631   003F20                     SMT1STAT        equ	16160	;# 
   632   003F21                     SMT1CLK         equ	16161	;# 
   633   003F22                     SMT1SIG         equ	16162	;# 
   634   003F23                     SMT1WIN         equ	16163	;# 
   635   003F38                     NCO1ACC         equ	16184	;# 
   636   003F38                     NCO1ACCL        equ	16184	;# 
   637   003F39                     NCO1ACCH        equ	16185	;# 
   638   003F3A                     NCO1ACCU        equ	16186	;# 
   639   003F3B                     NCO1INC         equ	16187	;# 
   640   003F3B                     NCO1INCL        equ	16187	;# 
   641   003F3C                     NCO1INCH        equ	16188	;# 
   642   003F3D                     NCO1INCU        equ	16189	;# 
   643   003F3E                     NCO1CON         equ	16190	;# 
   644   003F3F                     NCO1CLK         equ	16191	;# 
   645   003F40                     CWG3CLK         equ	16192	;# 
   646   003F40                     CWG3CLKCON      equ	16192	;# 
   647   003F41                     CWG3ISM         equ	16193	;# 
   648   003F41                     CWG3DAT         equ	16193	;# 
   649   003F42                     CWG3DBR         equ	16194	;# 
   650   003F43                     CWG3DBF         equ	16195	;# 
   651   003F44                     CWG3CON0        equ	16196	;# 
   652   003F45                     CWG3CON1        equ	16197	;# 
   653   003F46                     CWG3AS0         equ	16198	;# 
   654   003F47                     CWG3AS1         equ	16199	;# 
   655   003F48                     CWG3STR         equ	16200	;# 
   656   003F49                     CWG2CLK         equ	16201	;# 
   657   003F49                     CWG2CLKCON      equ	16201	;# 
   658   003F4A                     CWG2ISM         equ	16202	;# 
   659   003F4A                     CWG2DAT         equ	16202	;# 
   660   003F4B                     CWG2DBR         equ	16203	;# 
   661   003F4C                     CWG2DBF         equ	16204	;# 
   662   003F4D                     CWG2CON0        equ	16205	;# 
   663   003F4E                     CWG2CON1        equ	16206	;# 
   664   003F4F                     CWG2AS0         equ	16207	;# 
   665   003F50                     CWG2AS1         equ	16208	;# 
   666   003F51                     CWG2STR         equ	16209	;# 
   667   003F52                     CWG1CLK         equ	16210	;# 
   668   003F52                     CWG1CLKCON      equ	16210	;# 
   669   003F53                     CWG1ISM         equ	16211	;# 
   670   003F53                     CWG1DAT         equ	16211	;# 
   671   003F54                     CWG1DBR         equ	16212	;# 
   672   003F55                     CWG1DBF         equ	16213	;# 
   673   003F56                     CWG1CON0        equ	16214	;# 
   674   003F57                     CWG1CON1        equ	16215	;# 
   675   003F58                     CWG1AS0         equ	16216	;# 
   676   003F59                     CWG1AS1         equ	16217	;# 
   677   003F5A                     CWG1STR         equ	16218	;# 
   678   003F5E                     CCPTMRS0        equ	16222	;# 
   679   003F5F                     CCPTMRS1        equ	16223	;# 
   680   003F60                     PWM8DC          equ	16224	;# 
   681   003F60                     PWM8DCL         equ	16224	;# 
   682   003F61                     PWM8DCH         equ	16225	;# 
   683   003F62                     PWM8CON         equ	16226	;# 
   684   003F64                     PWM7DC          equ	16228	;# 
   685   003F64                     PWM7DCL         equ	16228	;# 
   686   003F65                     PWM7DCH         equ	16229	;# 
   687   003F66                     PWM7CON         equ	16230	;# 
   688   003F68                     PWM6DC          equ	16232	;# 
   689   003F68                     PWM6DCL         equ	16232	;# 
   690   003F69                     PWM6DCH         equ	16233	;# 
   691   003F6A                     PWM6CON         equ	16234	;# 
   692   003F6C                     PWM5DC          equ	16236	;# 
   693   003F6C                     PWM5DCL         equ	16236	;# 
   694   003F6D                     PWM5DCH         equ	16237	;# 
   695   003F6E                     PWM5CON         equ	16238	;# 
   696   003F70                     CCPR4           equ	16240	;# 
   697   003F70                     CCPR4L          equ	16240	;# 
   698   003F71                     CCPR4H          equ	16241	;# 
   699   003F72                     CCP4CON         equ	16242	;# 
   700   003F73                     CCP4CAP         equ	16243	;# 
   701   003F74                     CCPR3           equ	16244	;# 
   702   003F74                     CCPR3L          equ	16244	;# 
   703   003F75                     CCPR3H          equ	16245	;# 
   704   003F76                     CCP3CON         equ	16246	;# 
   705   003F77                     CCP3CAP         equ	16247	;# 
   706   003F78                     CCPR2           equ	16248	;# 
   707   003F78                     CCPR2L          equ	16248	;# 
   708   003F79                     CCPR2H          equ	16249	;# 
   709   003F7A                     CCP2CON         equ	16250	;# 
   710   003F7B                     CCP2CAP         equ	16251	;# 
   711   003F7C                     CCPR1           equ	16252	;# 
   712   003F7C                     CCPR1L          equ	16252	;# 
   713   003F7D                     CCPR1H          equ	16253	;# 
   714   003F7E                     CCP1CON         equ	16254	;# 
   715   003F7F                     CCP1CAP         equ	16255	;# 
   716   003F92                     T6TMR           equ	16274	;# 
   717   003F92                     TMR6            equ	16274	;# 
   718   003F93                     T6PR            equ	16275	;# 
   719   003F93                     PR6             equ	16275	;# 
   720   003F94                     T6CON           equ	16276	;# 
   721   003F95                     T6HLT           equ	16277	;# 
   722   003F96                     T6CLKCON        equ	16278	;# 
   723   003F96                     T6CLK           equ	16278	;# 
   724   003F97                     T6RST           equ	16279	;# 
   725   003F98                     TMR5            equ	16280	;# 
   726   003F98                     TMR5L           equ	16280	;# 
   727   003F99                     TMR5H           equ	16281	;# 
   728   003F9A                     T5CON           equ	16282	;# 
   729   003F9A                     TMR5CON         equ	16282	;# 
   730   003F9B                     T5GCON          equ	16283	;# 
   731   003F9B                     TMR5GCON        equ	16283	;# 
   732   003F9C                     T5GATE          equ	16284	;# 
   733   003F9C                     TMR5GATE        equ	16284	;# 
   734   003F9D                     T5CLK           equ	16285	;# 
   735   003F9D                     TMR5CLK         equ	16285	;# 
   736   003F9D                     PR5             equ	16285	;# 
   737   003F9E                     T4TMR           equ	16286	;# 
   738   003F9E                     TMR4            equ	16286	;# 
   739   003F9F                     T4PR            equ	16287	;# 
   740   003F9F                     PR4             equ	16287	;# 
   741   003FA0                     T4CON           equ	16288	;# 
   742   003FA1                     T4HLT           equ	16289	;# 
   743   003FA2                     T4CLKCON        equ	16290	;# 
   744   003FA2                     T4CLK           equ	16290	;# 
   745   003FA3                     T4RST           equ	16291	;# 
   746   003FA4                     TMR3            equ	16292	;# 
   747   003FA4                     TMR3L           equ	16292	;# 
   748   003FA5                     TMR3H           equ	16293	;# 
   749   003FA6                     T3CON           equ	16294	;# 
   750   003FA6                     TMR3CON         equ	16294	;# 
   751   003FA7                     T3GCON          equ	16295	;# 
   752   003FA7                     TMR3GCON        equ	16295	;# 
   753   003FA8                     T3GATE          equ	16296	;# 
   754   003FA8                     TMR3GATE        equ	16296	;# 
   755   003FA9                     T3CLK           equ	16297	;# 
   756   003FA9                     TMR3CLK         equ	16297	;# 
   757   003FA9                     PR3             equ	16297	;# 
   758   003FAA                     T2TMR           equ	16298	;# 
   759   003FAA                     TMR2            equ	16298	;# 
   760   003FAB                     T2PR            equ	16299	;# 
   761   003FAB                     PR2             equ	16299	;# 
   762   003FAC                     T2CON           equ	16300	;# 
   763   003FAD                     T2HLT           equ	16301	;# 
   764   003FAE                     T2CLKCON        equ	16302	;# 
   765   003FAE                     T2CLK           equ	16302	;# 
   766   003FAF                     T2RST           equ	16303	;# 
   767   003FB0                     TMR1            equ	16304	;# 
   768   003FB0                     TMR1L           equ	16304	;# 
   769   003FB1                     TMR1H           equ	16305	;# 
   770   003FB2                     T1CON           equ	16306	;# 
   771   003FB2                     TMR1CON         equ	16306	;# 
   772   003FB3                     T1GCON          equ	16307	;# 
   773   003FB3                     TMR1GCON        equ	16307	;# 
   774   003FB4                     T1GATE          equ	16308	;# 
   775   003FB4                     TMR1GATE        equ	16308	;# 
   776   003FB5                     T1CLK           equ	16309	;# 
   777   003FB5                     TMR1CLK         equ	16309	;# 
   778   003FB5                     PR1             equ	16309	;# 
   779   003FB6                     TMR0L           equ	16310	;# 
   780   003FB6                     TMR0            equ	16310	;# 
   781   003FB7                     TMR0H           equ	16311	;# 
   782   003FB7                     PR0             equ	16311	;# 
   783   003FB8                     T0CON0          equ	16312	;# 
   784   003FB9                     T0CON1          equ	16313	;# 
   785   003FBA                     LATA            equ	16314	;# 
   786   003FBB                     LATB            equ	16315	;# 
   787   003FBC                     LATC            equ	16316	;# 
   788   003FBD                     LATD            equ	16317	;# 
   789   003FBE                     LATE            equ	16318	;# 
   790   003FC2                     TRISA           equ	16322	;# 
   791   003FC3                     TRISB           equ	16323	;# 
   792   003FC4                     TRISC           equ	16324	;# 
   793   003FC5                     TRISD           equ	16325	;# 
   794   003FC6                     TRISE           equ	16326	;# 
   795   003FCA                     PORTA           equ	16330	;# 
   796   003FCB                     PORTB           equ	16331	;# 
   797   003FCC                     PORTC           equ	16332	;# 
   798   003FCD                     PORTD           equ	16333	;# 
   799   003FCE                     PORTE           equ	16334	;# 
   800   003FD2                     INTCON0         equ	16338	;# 
   801   003FD3                     INTCON1         equ	16339	;# 
   802   003FD4                     IVTLOCK         equ	16340	;# 
   803   003FD5                     IVTBASE         equ	16341	;# 
   804   003FD5                     IVTBASEL        equ	16341	;# 
   805   003FD6                     IVTBASEH        equ	16342	;# 
   806   003FD7                     IVTBASEU        equ	16343	;# 
   807   003FD8                     STATUS          equ	16344	;# 
   808   003FD9                     FSR2            equ	16345	;# 
   809   003FD9                     FSR2L           equ	16345	;# 
   810   003FDA                     FSR2H           equ	16346	;# 
   811   003FDB                     PLUSW2          equ	16347	;# 
   812   003FDC                     PREINC2         equ	16348	;# 
   813   003FDD                     POSTDEC2        equ	16349	;# 
   814   003FDE                     POSTINC2        equ	16350	;# 
   815   003FDF                     INDF2           equ	16351	;# 
   816   003FE0                     BSR             equ	16352	;# 
   817   003FE1                     FSR1            equ	16353	;# 
   818   003FE1                     FSR1L           equ	16353	;# 
   819   003FE2                     FSR1H           equ	16354	;# 
   820   003FE3                     PLUSW1          equ	16355	;# 
   821   003FE4                     PREINC1         equ	16356	;# 
   822   003FE5                     POSTDEC1        equ	16357	;# 
   823   003FE6                     POSTINC1        equ	16358	;# 
   824   003FE7                     INDF1           equ	16359	;# 
   825   003FE8                     WREG            equ	16360	;# 
   826   003FE9                     FSR0            equ	16361	;# 
   827   003FE9                     FSR0L           equ	16361	;# 
   828   003FEA                     FSR0H           equ	16362	;# 
   829   003FEB                     PLUSW0          equ	16363	;# 
   830   003FEC                     PREINC0         equ	16364	;# 
   831   003FED                     POSTDEC0        equ	16365	;# 
   832   003FEE                     POSTINC0        equ	16366	;# 
   833   003FEF                     INDF0           equ	16367	;# 
   834   003FF0                     PCON0           equ	16368	;# 
   835   003FF1                     PCON1           equ	16369	;# 
   836   003FF3                     PROD            equ	16371	;# 
   837   003FF3                     PRODL           equ	16371	;# 
   838   003FF4                     PRODH           equ	16372	;# 
   839   003FF5                     TABLAT          equ	16373	;# 
   840   003FF6                     TBLPTR          equ	16374	;# 
   841   003FF6                     TBLPTRL         equ	16374	;# 
   842   003FF7                     TBLPTRH         equ	16375	;# 
   843   003FF8                     TBLPTRU         equ	16376	;# 
   844   003FF9                     PCLAT           equ	16377	;# 
   845   003FF9                     PCL             equ	16377	;# 
   846   003FFA                     PCLATH          equ	16378	;# 
   847   003FFB                     PCLATU          equ	16379	;# 
   848   003FFC                     STKPTR          equ	16380	;# 
   849   003FFD                     TOS             equ	16381	;# 
   850   003FFD                     TOSL            equ	16381	;# 
   851   003FFE                     TOSH            equ	16382	;# 
   852   003FFF                     TOSU            equ	16383	;# 
   853                           
   854                           	psect	smallconst
   855   002000                     __psmallconst:
   856                           	callstack 0
   857   002000  00                 	db	0
   858   002001                     _Seg7_Digits:
   859                           	callstack 0
   860   002001  3F                 	db	63
   861   002002  06                 	db	6
   862   002003  5B                 	db	91
   863   002004  4F                 	db	79
   864   002005  66                 	db	102
   865   002006  6D                 	db	109
   866   002007  7D                 	db	125
   867   002008  07                 	db	7
   868   002009  7F                 	db	127
   869   00200A  67                 	db	103
   870   00200B                     __end_of_Seg7_Digits:
   871                           	callstack 0
   872   003990                     _PIE0bits       set	14736
   873   0039A0                     _PIR0bits       set	14752
   874   003A55                     _IOCBPbits      set	14933
   875   003A56                     _IOCBNbits      set	14934
   876   003A51                     _WPUBbits       set	14929
   877   003A70                     _ANSELD         set	14960
   878   003A50                     _ANSELB         set	14928
   879   003A57                     _IOCBFbits      set	14935
   880   003FCB                     _PORTBbits      set	16331
   881   003FBB                     _LATBbits       set	16315
   882   003FD2                     _INTCON0bits    set	16338
   883   003FBD                     _LATD           set	16317
   884   003FBB                     _LATB           set	16315
   885   003FC5                     _TRISD          set	16325
   886   003FC3                     _TRISBbits      set	16323
   887   00200B  00                 	db	0	; dummy byte at the end
   888   002000                     __smallconst    set	__psmallconst
   889   002000                     __mediumconst   set	__psmallconst
   890   000003                     __activetblptr  equ	3
   891                           
   892                           ; #config settings
   893                           
   894                           	psect	cinit
   895   002370                     __pcinit:
   896                           	callstack 0
   897   002370                     start_initialization:
   898                           	callstack 0
   899   002370                     __initialization:
   900                           	callstack 0
   901                           
   902                           ; Clear objects allocated to COMRAM (12 bytes)
   903   002370  EE00  F001         	lfsr	0,__pbssCOMRAM
   904   002374  0E0C               	movlw	12
   905   002376                     clear_0:
   906   002376  6AEE               	clrf	postinc0,c
   907   002378  06E8               	decf	wreg,f,c
   908   00237A  E1FD               	bnz	clear_0
   909                           
   910                           ;
   911                           ; Setup IVTBASE
   912                           ;
   913   003FD5                     IVTBASEL        equ	16341
   914   003FD6                     IVTBASEH        equ	16342
   915   003FD7                     IVTBASEU        equ	16343
   916   00237C  0E08               	movlw	(ivt0x8_base shr 0)& (0+255)
   917   00237E  6ED5               	movwf	213,c
   918   002380  0E00               	movlw	(ivt0x8_base shr (0+8))& (0+255)
   919   002382  6ED6               	movwf	214,c
   920   002384  0E00               	movlw	(ivt0x8_base shr (0+16))& (0+255)
   921   002386  6ED7               	movwf	215,c
   922   002388                     end_of_initialization:
   923                           	callstack 0
   924   002388                     __end_of__initialization:
   925                           	callstack 0
   926   002388  0100               	movlb	0
   927   00238A  EF4F  F011         	goto	_main	;jump to C main() function
   928                           
   929                           	psect	bssCOMRAM
   930   000001                     __pbssCOMRAM:
   931                           	callstack 0
   932   000001                     _PR2_DONE:
   933                           	callstack 0
   934   000001                     	ds	2
   935   000003                     _PR1_DONE:
   936                           	callstack 0
   937   000003                     	ds	2
   938   000005                     _SystemState:
   939                           	callstack 0
   940   000005                     	ds	1
   941   000006                     _PR2Prev:
   942                           	callstack 0
   943   000006                     	ds	1
   944   000007                     _PR1Prev:
   945                           	callstack 0
   946   000007                     	ds	1
   947   000008                     _PR2_Debounce:
   948                           	callstack 0
   949   000008                     	ds	1
   950   000009                     _PR1_Debounce:
   951                           	callstack 0
   952   000009                     	ds	1
   953   00000A                     _PR2_Count:
   954                           	callstack 0
   955   00000A                     	ds	1
   956   00000B                     _PR1_Count:
   957                           	callstack 0
   958   00000B                     	ds	1
   959   00000C                     _Check_Emergency_SW:
   960                           	callstack 0
   961   00000C                     	ds	1
   962                           
   963                           	psect	cstackCOMRAM
   964   00000D                     __pcstackCOMRAM:
   965                           	callstack 0
   966   00000D                     DelayMs_Blocking@ms:
   967                           	callstack 0
   968   00000D                     ??_EmergencyOn:
   969   00000D                     ??_Seg7_Display:
   970   00000D                     
   971                           ; 1 bytes @ 0x0
   972   00000D                     	ds	1
   973   00000E                     Seg7_Display@pattern:
   974                           	callstack 0
   975                           
   976                           ; 1 bytes @ 0x1
   977   00000E                     	ds	1
   978   00000F                     Seg7_Display@digit:
   979                           	callstack 0
   980   00000F                     EmergencyOn@i:
   981                           	callstack 0
   982   00000F                     
   983                           ; 1 bytes @ 0x2
   984   00000F                     	ds	1
   985   000010                     ??_Update_SensorsAndCounts:
   986   000010                     ??_Process_System:
   987                           
   988                           ; 1 bytes @ 0x3
   989   000010                     	ds	2
   990   000012                     Update_SensorsAndCounts@pr1_active:
   991                           	callstack 0
   992                           
   993                           ; 1 bytes @ 0x5
   994   000012                     	ds	1
   995   000013                     Update_SensorsAndCounts@pr2_active:
   996                           	callstack 0
   997                           
   998                           ; 1 bytes @ 0x6
   999   000013                     	ds	1
  1000   000014                     ??_main:
  1001                           
  1002                           ; 1 bytes @ 0x7
  1003   000014                     	ds	1
  1004                           
  1005 ;;
  1006 ;;Main: autosize = 0, tempsize = 1, incstack = 0, save=0
  1007 ;;
  1008 ;; *************** function _main *****************
  1009 ;; Defined at:
  1010 ;;		line 95 in file "Photoresistor_lockbox.c"
  1011 ;; Parameters:    Size  Location     Type
  1012 ;;		None
  1013 ;; Auto vars:     Size  Location     Type
  1014 ;;		None
  1015 ;; Return value:  Size  Location     Type
  1016 ;;                  1    wreg      void 
  1017 ;; Registers used:
  1018 ;;		wreg, status,2, status,0, tblptrl, tblptrh, tblptru, cstack
  1019 ;; Tracked objects:
  1020 ;;		On entry : 0/0
  1021 ;;		On exit  : 0/0
  1022 ;;		Unchanged: 0/0
  1023 ;; Data sizes:     COMRAM   BANK0   BANK1   BANK2   BANK3   BANK4   BANK5   BANK6   BANK7   BANK8   BANK9  BANK10  BANK1
      +1  BANK12  BANK13  BANK14  BANK15  BANK16  BANK17  BANK18  BANK19  BANK20  BANK21  BANK22  BANK23  BANK24  BANK25  BANK2
      +6  BANK27  BANK28  BANK29  BANK30  BANK31
  1024 ;;      Params:         0       0       0       0       0       0       0       0       0       0       0       0       
      +0       0       0       0       0       0       0       0       0       0       0       0       0       0       0       
      +0       0       0       0       0       0
  1025 ;;      Locals:         0       0       0       0       0       0       0       0       0       0       0       0       
      +0       0       0       0       0       0       0       0       0       0       0       0       0       0       0       
      +0       0       0       0       0       0
  1026 ;;      Temps:          1       0       0       0       0       0       0       0       0       0       0       0       
      +0       0       0       0       0       0       0       0       0       0       0       0       0       0       0       
      +0       0       0       0       0       0
  1027 ;;      Totals:         1       0       0       0       0       0       0       0       0       0       0       0       
      +0       0       0       0       0       0       0       0       0       0       0       0       0       0       0       
      +0       0       0       0       0       0
  1028 ;;Total ram usage:        1 bytes
  1029 ;; Hardware stack levels required when called: 4
  1030 ;; This function calls:
  1031 ;;		_EmergencyOn
  1032 ;;		_Process_System
  1033 ;;		_Reset_To_Start
  1034 ;;		_SYSTEM_Initialize
  1035 ;;		_SYS_LED_On
  1036 ;;		_Update_SensorsAndCounts
  1037 ;; This function is called by:
  1038 ;;		Startup code after reset
  1039 ;; This function uses a non-reentrant model
  1040 ;;
  1041                           
  1042                           	psect	text0
  1043   00229E                     __ptext0:
  1044                           	callstack 0
  1045   00229E                     _main:
  1046                           	callstack 27
  1047   00229E                     
  1048                           ;Photoresistor_lockbox.c: 97:     SYSTEM_Initialize();
  1049   00229E  ECFC  F011         	call	_SYSTEM_Initialize	;wreg free
  1050   0022A2                     
  1051                           ;Photoresistor_lockbox.c: 98:     Reset_To_Start();
  1052   0022A2  EC25  F012         	call	_Reset_To_Start	;wreg free
  1053   0022A6                     
  1054                           ;Photoresistor_lockbox.c: 99:     SYS_LED_On();
  1055   0022A6  EC2D  F012         	call	_SYS_LED_On	;wreg free
  1056   0022AA                     l1306:
  1057                           
  1058                           ;Photoresistor_lockbox.c: 102:     {;Photoresistor_lockbox.c: 103:         if (Check_Eme
      +                          rgency_SW)
  1059   0022AA  500C               	movf	_Check_Emergency_SW^0,w,c	;volatile
  1060   0022AC  B4D8               	btfsc	status,2,c
  1061   0022AE  EF5B  F011         	goto	u361
  1062   0022B2  EF5D  F011         	goto	u360
  1063   0022B6                     u361:
  1064   0022B6  EF61  F011         	goto	l1310
  1065   0022BA                     u360:
  1066   0022BA                     
  1067                           ;Photoresistor_lockbox.c: 104:         {;Photoresistor_lockbox.c: 105:             Emerg
      +                          encyOn();
  1068   0022BA  EC25  F011         	call	_EmergencyOn	;wreg free
  1069                           
  1070                           ;Photoresistor_lockbox.c: 106:             continue;
  1071   0022BE  EF55  F011         	goto	l1306
  1072   0022C2                     l1310:
  1073                           
  1074                           ;Photoresistor_lockbox.c: 109:         Update_SensorsAndCounts();
  1075   0022C2  EC06  F010         	call	_Update_SensorsAndCounts	;wreg free
  1076   0022C6                     
  1077                           ;Photoresistor_lockbox.c: 110:         Process_System();
  1078   0022C6  ECA4  F010         	call	_Process_System	;wreg free
  1079   0022CA                     
  1080                           ;Photoresistor_lockbox.c: 112:         _delay((unsigned long)((10U)*(4000000/4000.0)));
  1081   0022CA  0E0D               	movlw	13
  1082   0022CC  6E14               	movwf	??_main^0,c
  1083   0022CE  0EFC               	movlw	252
  1084   0022D0                     u377:
  1085   0022D0  2EE8               	decfsz	wreg,f,c
  1086   0022D2  D7FE               	bra	u377
  1087   0022D4  2E14               	decfsz	??_main^0,f,c
  1088   0022D6  D7FC               	bra	u377
  1089   0022D8  EF55  F011         	goto	l1306
  1090   0022DC  EF57  F000         	goto	start
  1091   0022E0                     __end_of_main:
  1092                           	callstack 0
  1093                           
  1094 ;; *************** function _Update_SensorsAndCounts *****************
  1095 ;; Defined at:
  1096 ;;		line 260 in file "Photoresistor_lockbox.c"
  1097 ;; Parameters:    Size  Location     Type
  1098 ;;		None
  1099 ;; Auto vars:     Size  Location     Type
  1100 ;;  pr2_active      1    6[COMRAM] _Bool 
  1101 ;;  pr1_active      1    5[COMRAM] _Bool 
  1102 ;; Return value:  Size  Location     Type
  1103 ;;                  1    wreg      void 
  1104 ;; Registers used:
  1105 ;;		wreg, status,2, status,0, tblptrl, tblptrh, tblptru, cstack
  1106 ;; Tracked objects:
  1107 ;;		On entry : 0/0
  1108 ;;		On exit  : 0/0
  1109 ;;		Unchanged: 0/0
  1110 ;; Data sizes:     COMRAM   BANK0   BANK1   BANK2   BANK3   BANK4   BANK5   BANK6   BANK7   BANK8   BANK9  BANK10  BANK1
      +1  BANK12  BANK13  BANK14  BANK15  BANK16  BANK17  BANK18  BANK19  BANK20  BANK21  BANK22  BANK23  BANK24  BANK25  BANK2
      +6  BANK27  BANK28  BANK29  BANK30  BANK31
  1111 ;;      Params:         0       0       0       0       0       0       0       0       0       0       0       0       
      +0       0       0       0       0       0       0       0       0       0       0       0       0       0       0       
      +0       0       0       0       0       0
  1112 ;;      Locals:         2       0       0       0       0       0       0       0       0       0       0       0       
      +0       0       0       0       0       0       0       0       0       0       0       0       0       0       0       
      +0       0       0       0       0       0
  1113 ;;      Temps:          2       0       0       0       0       0       0       0       0       0       0       0       
      +0       0       0       0       0       0       0       0       0       0       0       0       0       0       0       
      +0       0       0       0       0       0
  1114 ;;      Totals:         4       0       0       0       0       0       0       0       0       0       0       0       
      +0       0       0       0       0       0       0       0       0       0       0       0       0       0       0       
      +0       0       0       0       0       0
  1115 ;;Total ram usage:        4 bytes
  1116 ;; Hardware stack levels used: 1
  1117 ;; Hardware stack levels required when called: 2
  1118 ;; This function calls:
  1119 ;;		_PR1_IsActive
  1120 ;;		_PR2_IsActive
  1121 ;;		_Seg7_Display
  1122 ;; This function is called by:
  1123 ;;		_main
  1124 ;; This function uses a non-reentrant model
  1125 ;;
  1126                           
  1127                           	psect	text1
  1128   00200C                     __ptext1:
  1129                           	callstack 0
  1130   00200C                     _Update_SensorsAndCounts:
  1131                           	callstack 28
  1132   00200C                     
  1133                           ;Photoresistor_lockbox.c: 262:     _Bool pr1_active = PR1_IsActive();
  1134   00200C  EC11  F012         	call	_PR1_IsActive	;wreg free
  1135   002010  6E12               	movwf	Update_SensorsAndCounts@pr1_active^0,c
  1136                           
  1137                           ;Photoresistor_lockbox.c: 263:     _Bool pr2_active = PR2_IsActive();
  1138   002012  EC07  F012         	call	_PR2_IsActive	;wreg free
  1139   002016  6E13               	movwf	Update_SensorsAndCounts@pr2_active^0,c
  1140   002018                     
  1141                           ;Photoresistor_lockbox.c: 265:     if (PR1_Debounce > 0)
  1142   002018  5009               	movf	_PR1_Debounce^0,w,c
  1143   00201A  B4D8               	btfsc	status,2,c
  1144   00201C  EF12  F010         	goto	u81
  1145   002020  EF14  F010         	goto	u80
  1146   002024                     u81:
  1147   002024  EF15  F010         	goto	l1076
  1148   002028                     u80:
  1149   002028                     
  1150                           ;Photoresistor_lockbox.c: 266:     {;Photoresistor_lockbox.c: 267:         PR1_Debounce-
      +                          -;
  1151   002028  0609               	decf	_PR1_Debounce^0,f,c
  1152   00202A                     l1076:
  1153                           
  1154                           ;Photoresistor_lockbox.c: 270:     if (PR2_Debounce > 0)
  1155   00202A  5008               	movf	_PR2_Debounce^0,w,c
  1156   00202C  B4D8               	btfsc	status,2,c
  1157   00202E  EF1B  F010         	goto	u91
  1158   002032  EF1D  F010         	goto	u90
  1159   002036                     u91:
  1160   002036  EF8A  F010         	goto	l1122
  1161   00203A                     u90:
  1162   00203A                     
  1163                           ;Photoresistor_lockbox.c: 271:     {;Photoresistor_lockbox.c: 272:         PR2_Debounce-
      +                          -;
  1164   00203A  0608               	decf	_PR2_Debounce^0,f,c
  1165   00203C  EF8A  F010         	goto	l1122
  1166   002040                     l1080:
  1167                           
  1168                           ;Photoresistor_lockbox.c: 278:         {;Photoresistor_lockbox.c: 279:             if (p
      +                          r1_active && !PR1Prev && (PR1_Debounce == 0))
  1169   002040  5012               	movf	Update_SensorsAndCounts@pr1_active^0,w,c
  1170   002042  B4D8               	btfsc	status,2,c
  1171   002044  EF26  F010         	goto	u101
  1172   002048  EF28  F010         	goto	u100
  1173   00204C                     u101:
  1174   00204C  EF49  F010         	goto	l1096
  1175   002050                     u100:
  1176   002050  5007               	movf	_PR1Prev^0,w,c
  1177   002052  A4D8               	btfss	status,2,c
  1178   002054  EF2E  F010         	goto	u111
  1179   002058  EF30  F010         	goto	u110
  1180   00205C                     u111:
  1181   00205C  EF49  F010         	goto	l1096
  1182   002060                     u110:
  1183   002060  5009               	movf	_PR1_Debounce^0,w,c
  1184   002062  A4D8               	btfss	status,2,c
  1185   002064  EF36  F010         	goto	u121
  1186   002068  EF38  F010         	goto	u120
  1187   00206C                     u121:
  1188   00206C  EF49  F010         	goto	l1096
  1189   002070                     u120:
  1190   002070                     
  1191                           ;Photoresistor_lockbox.c: 280:             {;Photoresistor_lockbox.c: 281:              
      +                             if (PR1_Count < 4U)
  1192   002070  0E04               	movlw	4
  1193   002072  600B               	cpfslt	_PR1_Count^0,c
  1194   002074  EF3E  F010         	goto	u131
  1195   002078  EF40  F010         	goto	u130
  1196   00207C                     u131:
  1197   00207C  EF44  F010         	goto	l1092
  1198   002080                     u130:
  1199   002080                     
  1200                           ;Photoresistor_lockbox.c: 282:                 {;Photoresistor_lockbox.c: 283:          
      +                                     PR1_Count++;
  1201   002080  2A0B               	incf	_PR1_Count^0,f,c
  1202   002082                     
  1203                           ;Photoresistor_lockbox.c: 284:                     Seg7_Display(PR1_Count);
  1204   002082  500B               	movf	_PR1_Count^0,w,c
  1205   002084  EC70  F011         	call	_Seg7_Display
  1206   002088                     l1092:
  1207                           
  1208                           ;Photoresistor_lockbox.c: 287:                 PR1_DONE = 0;
  1209   002088  6A04               	clrf	(_PR1_DONE+1)^0,c
  1210   00208A  0E00               	movlw	0
  1211   00208C  6E03               	movwf	_PR1_DONE^0,c
  1212   00208E                     
  1213                           ;Photoresistor_lockbox.c: 288:                 PR1_Debounce = (60U / 10U);
  1214   00208E  0E06               	movlw	6
  1215   002090  6E09               	movwf	_PR1_Debounce^0,c
  1216   002092                     l1096:
  1217                           
  1218                           ;Photoresistor_lockbox.c: 291:             if (PR1_Count > 0U)
  1219   002092  500B               	movf	_PR1_Count^0,w,c
  1220   002094  B4D8               	btfsc	status,2,c
  1221   002096  EF4F  F010         	goto	u141
  1222   00209A  EF51  F010         	goto	u140
  1223   00209E                     u141:
  1224   00209E  EF9F  F010         	goto	l153
  1225   0020A2                     u140:
  1226   0020A2                     
  1227                           ;Photoresistor_lockbox.c: 292:             {;Photoresistor_lockbox.c: 293:              
      +                             PR1_DONE++;
  1228   0020A2  4A03               	infsnz	_PR1_DONE^0,f,c
  1229   0020A4  2A04               	incf	(_PR1_DONE+1)^0,f,c
  1230   0020A6  EF9F  F010         	goto	l153
  1231   0020AA                     l1100:
  1232                           
  1233                           ;Photoresistor_lockbox.c: 300:         {;Photoresistor_lockbox.c: 301:             if (p
      +                          r2_active && !PR2Prev && (PR2_Debounce == 0))
  1234   0020AA  5013               	movf	Update_SensorsAndCounts@pr2_active^0,w,c
  1235   0020AC  B4D8               	btfsc	status,2,c
  1236   0020AE  EF5B  F010         	goto	u151
  1237   0020B2  EF5D  F010         	goto	u150
  1238   0020B6                     u151:
  1239   0020B6  EF7E  F010         	goto	l1116
  1240   0020BA                     u150:
  1241   0020BA  5006               	movf	_PR2Prev^0,w,c
  1242   0020BC  A4D8               	btfss	status,2,c
  1243   0020BE  EF63  F010         	goto	u161
  1244   0020C2  EF65  F010         	goto	u160
  1245   0020C6                     u161:
  1246   0020C6  EF7E  F010         	goto	l1116
  1247   0020CA                     u160:
  1248   0020CA  5008               	movf	_PR2_Debounce^0,w,c
  1249   0020CC  A4D8               	btfss	status,2,c
  1250   0020CE  EF6B  F010         	goto	u171
  1251   0020D2  EF6D  F010         	goto	u170
  1252   0020D6                     u171:
  1253   0020D6  EF7E  F010         	goto	l1116
  1254   0020DA                     u170:
  1255   0020DA                     
  1256                           ;Photoresistor_lockbox.c: 302:             {;Photoresistor_lockbox.c: 303:              
      +                             if (PR2_Count < 4U)
  1257   0020DA  0E04               	movlw	4
  1258   0020DC  600A               	cpfslt	_PR2_Count^0,c
  1259   0020DE  EF73  F010         	goto	u181
  1260   0020E2  EF75  F010         	goto	u180
  1261   0020E6                     u181:
  1262   0020E6  EF79  F010         	goto	l1112
  1263   0020EA                     u180:
  1264   0020EA                     
  1265                           ;Photoresistor_lockbox.c: 304:                 {;Photoresistor_lockbox.c: 305:          
      +                                     PR2_Count++;
  1266   0020EA  2A0A               	incf	_PR2_Count^0,f,c
  1267   0020EC                     
  1268                           ;Photoresistor_lockbox.c: 306:                     Seg7_Display(PR2_Count);
  1269   0020EC  500A               	movf	_PR2_Count^0,w,c
  1270   0020EE  EC70  F011         	call	_Seg7_Display
  1271   0020F2                     l1112:
  1272                           
  1273                           ;Photoresistor_lockbox.c: 309:                 PR2_DONE = 0;
  1274   0020F2  6A02               	clrf	(_PR2_DONE+1)^0,c
  1275   0020F4  0E00               	movlw	0
  1276   0020F6  6E01               	movwf	_PR2_DONE^0,c
  1277   0020F8                     
  1278                           ;Photoresistor_lockbox.c: 310:                 PR2_Debounce = (60U / 10U);
  1279   0020F8  0E06               	movlw	6
  1280   0020FA  6E08               	movwf	_PR2_Debounce^0,c
  1281   0020FC                     l1116:
  1282                           
  1283                           ;Photoresistor_lockbox.c: 313:             if (PR2_Count > 0U)
  1284   0020FC  500A               	movf	_PR2_Count^0,w,c
  1285   0020FE  B4D8               	btfsc	status,2,c
  1286   002100  EF84  F010         	goto	u191
  1287   002104  EF86  F010         	goto	u190
  1288   002108                     u191:
  1289   002108  EF9F  F010         	goto	l153
  1290   00210C                     u190:
  1291   00210C                     
  1292                           ;Photoresistor_lockbox.c: 314:             {;Photoresistor_lockbox.c: 315:              
      +                             PR2_DONE++;
  1293   00210C  4A01               	infsnz	_PR2_DONE^0,f,c
  1294   00210E  2A02               	incf	(_PR2_DONE+1)^0,f,c
  1295   002110  EF9F  F010         	goto	l153
  1296   002114                     l1122:
  1297   002114  5005               	movf	_SystemState^0,w,c
  1298   002116  6E10               	movwf	??_Update_SensorsAndCounts^0,c
  1299   002118  6A11               	clrf	(??_Update_SensorsAndCounts+1)^0,c
  1300                           
  1301                           ; Switch on 2 bytes has been partitioned into a top level switch of size 1, and 1 sub-sw
      +                          itches
  1302                           ; Switch size 1, requested type "simple"
  1303                           ; Number of cases is 1, Range of values is 0 to 0
  1304                           ; switch strategies available:
  1305                           ; Name         Instructions Cycles
  1306                           ; simple_byte            4     3 (average)
  1307                           ;	Chosen strategy is simple_byte
  1308   00211A  5011               	movf	(??_Update_SensorsAndCounts+1)^0,w,c
  1309   00211C  0A00               	xorlw	0	; case 0
  1310   00211E  B4D8               	btfsc	status,2,c
  1311   002120  EF94  F010         	goto	l1356
  1312   002124  EF9F  F010         	goto	l153
  1313   002128                     l1356:
  1314                           
  1315                           ; Switch size 1, requested type "simple"
  1316                           ; Number of cases is 2, Range of values is 0 to 1
  1317                           ; switch strategies available:
  1318                           ; Name         Instructions Cycles
  1319                           ; simple_byte            7     4 (average)
  1320                           ;	Chosen strategy is simple_byte
  1321   002128  5010               	movf	??_Update_SensorsAndCounts^0,w,c
  1322   00212A  0A00               	xorlw	0	; case 0
  1323   00212C  B4D8               	btfsc	status,2,c
  1324   00212E  EF20  F010         	goto	l1080
  1325   002132  0A01               	xorlw	1	; case 1
  1326   002134  B4D8               	btfsc	status,2,c
  1327   002136  EF55  F010         	goto	l1100
  1328   00213A  EF9F  F010         	goto	l153
  1329   00213E                     l153:
  1330                           
  1331                           ;Photoresistor_lockbox.c: 325:     PR1Prev = pr1_active;
  1332   00213E  C012  F007         	movff	Update_SensorsAndCounts@pr1_active,_PR1Prev
  1333                           
  1334                           ;Photoresistor_lockbox.c: 326:     PR2Prev = pr2_active;
  1335   002142  C013  F006         	movff	Update_SensorsAndCounts@pr2_active,_PR2Prev
  1336   002146  0012               	return		;funcret
  1337   002148                     __end_of_Update_SensorsAndCounts:
  1338                           	callstack 0
  1339                           
  1340 ;; *************** function _Seg7_Display *****************
  1341 ;; Defined at:
  1342 ;;		line 197 in file "Photoresistor_lockbox.c"
  1343 ;; Parameters:    Size  Location     Type
  1344 ;;  digit           1    wreg     unsigned char 
  1345 ;; Auto vars:     Size  Location     Type
  1346 ;;  digit           1    2[COMRAM] unsigned char 
  1347 ;;  pattern         1    1[COMRAM] unsigned char 
  1348 ;; Return value:  Size  Location     Type
  1349 ;;                  1    wreg      void 
  1350 ;; Registers used:
  1351 ;;		wreg, status,2, status,0, tblptrl, tblptrh, tblptru
  1352 ;; Tracked objects:
  1353 ;;		On entry : 0/0
  1354 ;;		On exit  : 0/0
  1355 ;;		Unchanged: 0/0
  1356 ;; Data sizes:     COMRAM   BANK0   BANK1   BANK2   BANK3   BANK4   BANK5   BANK6   BANK7   BANK8   BANK9  BANK10  BANK1
      +1  BANK12  BANK13  BANK14  BANK15  BANK16  BANK17  BANK18  BANK19  BANK20  BANK21  BANK22  BANK23  BANK24  BANK25  BANK2
      +6  BANK27  BANK28  BANK29  BANK30  BANK31
  1357 ;;      Params:         0       0       0       0       0       0       0       0       0       0       0       0       
      +0       0       0       0       0       0       0       0       0       0       0       0       0       0       0       
      +0       0       0       0       0       0
  1358 ;;      Locals:         2       0       0       0       0       0       0       0       0       0       0       0       
      +0       0       0       0       0       0       0       0       0       0       0       0       0       0       0       
      +0       0       0       0       0       0
  1359 ;;      Temps:          1       0       0       0       0       0       0       0       0       0       0       0       
      +0       0       0       0       0       0       0       0       0       0       0       0       0       0       0       
      +0       0       0       0       0       0
  1360 ;;      Totals:         3       0       0       0       0       0       0       0       0       0       0       0       
      +0       0       0       0       0       0       0       0       0       0       0       0       0       0       0       
      +0       0       0       0       0       0
  1361 ;;Total ram usage:        3 bytes
  1362 ;; Hardware stack levels used: 1
  1363 ;; Hardware stack levels required when called: 1
  1364 ;; This function calls:
  1365 ;;		Nothing
  1366 ;; This function is called by:
  1367 ;;		_Update_SensorsAndCounts
  1368 ;; This function uses a non-reentrant model
  1369 ;;
  1370                           
  1371                           	psect	text2
  1372   0022E0                     __ptext2:
  1373                           	callstack 0
  1374   0022E0                     _Seg7_Display:
  1375                           	callstack 28
  1376                           
  1377                           ;incstack = 0
  1378                           ;Seg7_Display@digit stored from wreg
  1379   0022E0  6E0F               	movwf	Seg7_Display@digit^0,c
  1380   0022E2                     
  1381                           ;Photoresistor_lockbox.c: 197: void Seg7_Display(uint8_t digit);Photoresistor_lockbox.c:
      +                           198: {;Photoresistor_lockbox.c: 199:     uint8_t pattern = 0x00;
  1382   0022E2  6A0E               	clrf	Seg7_Display@pattern^0,c
  1383   0022E4                     
  1384                           ;Photoresistor_lockbox.c: 201:     if (digit <= 9U)
  1385   0022E4  0E0A               	movlw	10
  1386   0022E6  600F               	cpfslt	Seg7_Display@digit^0,c
  1387   0022E8  EF78  F011         	goto	u31
  1388   0022EC  EF7A  F011         	goto	u30
  1389   0022F0                     u31:
  1390   0022F0  EF88  F011         	goto	l1040
  1391   0022F4                     u30:
  1392   0022F4                     
  1393                           ;Photoresistor_lockbox.c: 202:     {;Photoresistor_lockbox.c: 203:         pattern = Seg
      +                          7_Digits[digit];
  1394   0022F4  500F               	movf	Seg7_Display@digit^0,w,c
  1395   0022F6  0F01               	addlw	low _Seg7_Digits
  1396   0022F8  6E0D               	movwf	??_Seg7_Display^0,c
  1397   0022FA  0060  F037  FFF6   	movff	??_Seg7_Display,tblptrl
  1398   002300                     	if	1	;There is more than 1 active tblptr byte
  1399   002300  0E20               	movlw	high __smallconst
  1400   002302  6EF7               	movwf	tblptrh,c
  1401   002304                     	endif
  1402   002304                     	if	0	;tblptru may be non-zero
  1403   002304                     	endif
  1404   002304                     	if	1	;Program memory is > 0xFFFF, there are 3 active tblptr bytes
  1405   002304  0E00               	movlw	low (__smallconst shr (0+16))
  1406   002306  6EF8               	movwf	tblptru,c
  1407   002308                     	endif
  1408   002308  0008               	tblrd		*
  1409   00230A  006F FFD4  F00E    	movff	tablat,Seg7_Display@pattern
  1410   002310                     l1040:
  1411                           
  1412                           ;Photoresistor_lockbox.c: 206:     LATD = pattern;
  1413   002310  0060  F03B  FFBD   	movff	Seg7_Display@pattern,16317	;volatile
  1414   002316  0012               	return		;funcret
  1415   002318                     __end_of_Seg7_Display:
  1416                           	callstack 0
  1417                           
  1418 ;; *************** function _PR2_IsActive *****************
  1419 ;; Defined at:
  1420 ;;		line 224 in file "Photoresistor_lockbox.c"
  1421 ;; Parameters:    Size  Location     Type
  1422 ;;		None
  1423 ;; Auto vars:     Size  Location     Type
  1424 ;;		None
  1425 ;; Return value:  Size  Location     Type
  1426 ;;                  1    wreg      _Bool 
  1427 ;; Registers used:
  1428 ;;		wreg
  1429 ;; Tracked objects:
  1430 ;;		On entry : 0/0
  1431 ;;		On exit  : 0/0
  1432 ;;		Unchanged: 0/0
  1433 ;; Data sizes:     COMRAM   BANK0   BANK1   BANK2   BANK3   BANK4   BANK5   BANK6   BANK7   BANK8   BANK9  BANK10  BANK1
      +1  BANK12  BANK13  BANK14  BANK15  BANK16  BANK17  BANK18  BANK19  BANK20  BANK21  BANK22  BANK23  BANK24  BANK25  BANK2
      +6  BANK27  BANK28  BANK29  BANK30  BANK31
  1434 ;;      Params:         0       0       0       0       0       0       0       0       0       0       0       0       
      +0       0       0       0       0       0       0       0       0       0       0       0       0       0       0       
      +0       0       0       0       0       0
  1435 ;;      Locals:         0       0       0       0       0       0       0       0       0       0       0       0       
      +0       0       0       0       0       0       0       0       0       0       0       0       0       0       0       
      +0       0       0       0       0       0
  1436 ;;      Temps:          0       0       0       0       0       0       0       0       0       0       0       0       
      +0       0       0       0       0       0       0       0       0       0       0       0       0       0       0       
      +0       0       0       0       0       0
  1437 ;;      Totals:         0       0       0       0       0       0       0       0       0       0       0       0       
      +0       0       0       0       0       0       0       0       0       0       0       0       0       0       0       
      +0       0       0       0       0       0
  1438 ;;Total ram usage:        0 bytes
  1439 ;; Hardware stack levels used: 1
  1440 ;; Hardware stack levels required when called: 1
  1441 ;; This function calls:
  1442 ;;		Nothing
  1443 ;; This function is called by:
  1444 ;;		_Update_SensorsAndCounts
  1445 ;; This function uses a non-reentrant model
  1446 ;;
  1447                           
  1448                           	psect	text3
  1449   00240E                     __ptext3:
  1450                           	callstack 0
  1451   00240E                     _PR2_IsActive:
  1452                           	callstack 28
  1453   00240E                     
  1454                           ;Photoresistor_lockbox.c: 226:     return (PORTBbits.RB2 == 0);
  1455   00240E  A4CB               	btfss	203,2,c	;volatile
  1456   002410  EF0C  F012         	goto	u61
  1457   002414  EF0F  F012         	goto	u60
  1458   002418                     u61:
  1459   002418  0E01               	movlw	1
  1460   00241A  EF10  F012         	goto	u70
  1461   00241E                     u60:
  1462   00241E  0E00               	movlw	0
  1463   002420                     u70:
  1464   002420  0012               	return		;funcret
  1465   002422                     __end_of_PR2_IsActive:
  1466                           	callstack 0
  1467                           
  1468 ;; *************** function _PR1_IsActive *****************
  1469 ;; Defined at:
  1470 ;;		line 219 in file "Photoresistor_lockbox.c"
  1471 ;; Parameters:    Size  Location     Type
  1472 ;;		None
  1473 ;; Auto vars:     Size  Location     Type
  1474 ;;		None
  1475 ;; Return value:  Size  Location     Type
  1476 ;;                  1    wreg      _Bool 
  1477 ;; Registers used:
  1478 ;;		wreg
  1479 ;; Tracked objects:
  1480 ;;		On entry : 0/0
  1481 ;;		On exit  : 0/0
  1482 ;;		Unchanged: 0/0
  1483 ;; Data sizes:     COMRAM   BANK0   BANK1   BANK2   BANK3   BANK4   BANK5   BANK6   BANK7   BANK8   BANK9  BANK10  BANK1
      +1  BANK12  BANK13  BANK14  BANK15  BANK16  BANK17  BANK18  BANK19  BANK20  BANK21  BANK22  BANK23  BANK24  BANK25  BANK2
      +6  BANK27  BANK28  BANK29  BANK30  BANK31
  1484 ;;      Params:         0       0       0       0       0       0       0       0       0       0       0       0       
      +0       0       0       0       0       0       0       0       0       0       0       0       0       0       0       
      +0       0       0       0       0       0
  1485 ;;      Locals:         0       0       0       0       0       0       0       0       0       0       0       0       
      +0       0       0       0       0       0       0       0       0       0       0       0       0       0       0       
      +0       0       0       0       0       0
  1486 ;;      Temps:          0       0       0       0       0       0       0       0       0       0       0       0       
      +0       0       0       0       0       0       0       0       0       0       0       0       0       0       0       
      +0       0       0       0       0       0
  1487 ;;      Totals:         0       0       0       0       0       0       0       0       0       0       0       0       
      +0       0       0       0       0       0       0       0       0       0       0       0       0       0       0       
      +0       0       0       0       0       0
  1488 ;;Total ram usage:        0 bytes
  1489 ;; Hardware stack levels used: 1
  1490 ;; Hardware stack levels required when called: 1
  1491 ;; This function calls:
  1492 ;;		Nothing
  1493 ;; This function is called by:
  1494 ;;		_Update_SensorsAndCounts
  1495 ;; This function uses a non-reentrant model
  1496 ;;
  1497                           
  1498                           	psect	text4
  1499   002422                     __ptext4:
  1500                           	callstack 0
  1501   002422                     _PR1_IsActive:
  1502                           	callstack 28
  1503   002422                     
  1504                           ;Photoresistor_lockbox.c: 221:     return (PORTBbits.RB1 == 0);
  1505   002422  A2CB               	btfss	203,1,c	;volatile
  1506   002424  EF16  F012         	goto	u41
  1507   002428  EF19  F012         	goto	u40
  1508   00242C                     u41:
  1509   00242C  0E01               	movlw	1
  1510   00242E  EF1A  F012         	goto	u50
  1511   002432                     u40:
  1512   002432  0E00               	movlw	0
  1513   002434                     u50:
  1514   002434  0012               	return		;funcret
  1515   002436                     __end_of_PR1_IsActive:
  1516                           	callstack 0
  1517                           
  1518 ;; *************** function _SYS_LED_On *****************
  1519 ;; Defined at:
  1520 ;;		line 167 in file "Photoresistor_lockbox.c"
  1521 ;; Parameters:    Size  Location     Type
  1522 ;;		None
  1523 ;; Auto vars:     Size  Location     Type
  1524 ;;		None
  1525 ;; Return value:  Size  Location     Type
  1526 ;;                  1    wreg      void 
  1527 ;; Registers used:
  1528 ;;		None
  1529 ;; Tracked objects:
  1530 ;;		On entry : 0/0
  1531 ;;		On exit  : 0/0
  1532 ;;		Unchanged: 0/0
  1533 ;; Data sizes:     COMRAM   BANK0   BANK1   BANK2   BANK3   BANK4   BANK5   BANK6   BANK7   BANK8   BANK9  BANK10  BANK1
      +1  BANK12  BANK13  BANK14  BANK15  BANK16  BANK17  BANK18  BANK19  BANK20  BANK21  BANK22  BANK23  BANK24  BANK25  BANK2
      +6  BANK27  BANK28  BANK29  BANK30  BANK31
  1534 ;;      Params:         0       0       0       0       0       0       0       0       0       0       0       0       
      +0       0       0       0       0       0       0       0       0       0       0       0       0       0       0       
      +0       0       0       0       0       0
  1535 ;;      Locals:         0       0       0       0       0       0       0       0       0       0       0       0       
      +0       0       0       0       0       0       0       0       0       0       0       0       0       0       0       
      +0       0       0       0       0       0
  1536 ;;      Temps:          0       0       0       0       0       0       0       0       0       0       0       0       
      +0       0       0       0       0       0       0       0       0       0       0       0       0       0       0       
      +0       0       0       0       0       0
  1537 ;;      Totals:         0       0       0       0       0       0       0       0       0       0       0       0       
      +0       0       0       0       0       0       0       0       0       0       0       0       0       0       0       
      +0       0       0       0       0       0
  1538 ;;Total ram usage:        0 bytes
  1539 ;; Hardware stack levels used: 1
  1540 ;; Hardware stack levels required when called: 1
  1541 ;; This function calls:
  1542 ;;		Nothing
  1543 ;; This function is called by:
  1544 ;;		_main
  1545 ;; This function uses a non-reentrant model
  1546 ;;
  1547                           
  1548                           	psect	text5
  1549   00245A                     __ptext5:
  1550                           	callstack 0
  1551   00245A                     _SYS_LED_On:
  1552                           	callstack 29
  1553   00245A                     
  1554                           ;Photoresistor_lockbox.c: 169:     LATBbits.LATB3 = 1;
  1555   00245A  86BB               	bsf	187,3,c	;volatile
  1556   00245C  0012               	return		;funcret
  1557   00245E                     __end_of_SYS_LED_On:
  1558                           	callstack 0
  1559                           
  1560 ;; *************** function _SYSTEM_Initialize *****************
  1561 ;; Defined at:
  1562 ;;		line 120 in file "Photoresistor_lockbox.c"
  1563 ;; Parameters:    Size  Location     Type
  1564 ;;		None
  1565 ;; Auto vars:     Size  Location     Type
  1566 ;;		None
  1567 ;; Return value:  Size  Location     Type
  1568 ;;                  1    wreg      void 
  1569 ;; Registers used:
  1570 ;;		cstack
  1571 ;; Tracked objects:
  1572 ;;		On entry : 0/0
  1573 ;;		On exit  : 0/0
  1574 ;;		Unchanged: 0/0
  1575 ;; Data sizes:     COMRAM   BANK0   BANK1   BANK2   BANK3   BANK4   BANK5   BANK6   BANK7   BANK8   BANK9  BANK10  BANK1
      +1  BANK12  BANK13  BANK14  BANK15  BANK16  BANK17  BANK18  BANK19  BANK20  BANK21  BANK22  BANK23  BANK24  BANK25  BANK2
      +6  BANK27  BANK28  BANK29  BANK30  BANK31
  1576 ;;      Params:         0       0       0       0       0       0       0       0       0       0       0       0       
      +0       0       0       0       0       0       0       0       0       0       0       0       0       0       0       
      +0       0       0       0       0       0
  1577 ;;      Locals:         0       0       0       0       0       0       0       0       0       0       0       0       
      +0       0       0       0       0       0       0       0       0       0       0       0       0       0       0       
      +0       0       0       0       0       0
  1578 ;;      Temps:          0       0       0       0       0       0       0       0       0       0       0       0       
      +0       0       0       0       0       0       0       0       0       0       0       0       0       0       0       
      +0       0       0       0       0       0
  1579 ;;      Totals:         0       0       0       0       0       0       0       0       0       0       0       0       
      +0       0       0       0       0       0       0       0       0       0       0       0       0       0       0       
      +0       0       0       0       0       0
  1580 ;;Total ram usage:        0 bytes
  1581 ;; Hardware stack levels used: 1
  1582 ;; Hardware stack levels required when called: 2
  1583 ;; This function calls:
  1584 ;;		_BUZZER_Off
  1585 ;;		_Emergency_Initialize
  1586 ;;		_GPIO_Initialize
  1587 ;;		_RELAY_Off
  1588 ;;		_SEG_Clear
  1589 ;; This function is called by:
  1590 ;;		_main
  1591 ;; This function uses a non-reentrant model
  1592 ;;
  1593                           
  1594                           	psect	text6
  1595   0023F8                     __ptext6:
  1596                           	callstack 0
  1597   0023F8                     _SYSTEM_Initialize:
  1598                           	callstack 28
  1599   0023F8                     
  1600                           ;Photoresistor_lockbox.c: 122:     GPIO_Initialize();
  1601   0023F8  ECC7  F011         	call	_GPIO_Initialize	;wreg free
  1602                           
  1603                           ;Photoresistor_lockbox.c: 123:     Emergency_Initialize();
  1604   0023FC  EC1B  F012         	call	_Emergency_Initialize	;wreg free
  1605                           
  1606                           ;Photoresistor_lockbox.c: 125:     RELAY_Off();
  1607   002400  EC33  F012         	call	_RELAY_Off	;wreg free
  1608                           
  1609                           ;Photoresistor_lockbox.c: 126:     BUZZER_Off();
  1610   002404  EC37  F012         	call	_BUZZER_Off	;wreg free
  1611                           
  1612                           ;Photoresistor_lockbox.c: 127:     SEG_Clear();
  1613   002408  EC31  F012         	call	_SEG_Clear	;wreg free
  1614   00240C  0012               	return		;funcret
  1615   00240E                     __end_of_SYSTEM_Initialize:
  1616                           	callstack 0
  1617                           
  1618 ;; *************** function _GPIO_Initialize *****************
  1619 ;; Defined at:
  1620 ;;		line 130 in file "Photoresistor_lockbox.c"
  1621 ;; Parameters:    Size  Location     Type
  1622 ;;		None
  1623 ;; Auto vars:     Size  Location     Type
  1624 ;;		None
  1625 ;; Return value:  Size  Location     Type
  1626 ;;                  1    wreg      void 
  1627 ;; Registers used:
  1628 ;;		None
  1629 ;; Tracked objects:
  1630 ;;		On entry : 0/0
  1631 ;;		On exit  : 0/0
  1632 ;;		Unchanged: 0/0
  1633 ;; Data sizes:     COMRAM   BANK0   BANK1   BANK2   BANK3   BANK4   BANK5   BANK6   BANK7   BANK8   BANK9  BANK10  BANK1
      +1  BANK12  BANK13  BANK14  BANK15  BANK16  BANK17  BANK18  BANK19  BANK20  BANK21  BANK22  BANK23  BANK24  BANK25  BANK2
      +6  BANK27  BANK28  BANK29  BANK30  BANK31
  1634 ;;      Params:         0       0       0       0       0       0       0       0       0       0       0       0       
      +0       0       0       0       0       0       0       0       0       0       0       0       0       0       0       
      +0       0       0       0       0       0
  1635 ;;      Locals:         0       0       0       0       0       0       0       0       0       0       0       0       
      +0       0       0       0       0       0       0       0       0       0       0       0       0       0       0       
      +0       0       0       0       0       0
  1636 ;;      Temps:          0       0       0       0       0       0       0       0       0       0       0       0       
      +0       0       0       0       0       0       0       0       0       0       0       0       0       0       0       
      +0       0       0       0       0       0
  1637 ;;      Totals:         0       0       0       0       0       0       0       0       0       0       0       0       
      +0       0       0       0       0       0       0       0       0       0       0       0       0       0       0       
      +0       0       0       0       0       0
  1638 ;;Total ram usage:        0 bytes
  1639 ;; Hardware stack levels used: 1
  1640 ;; Hardware stack levels required when called: 1
  1641 ;; This function calls:
  1642 ;;		Nothing
  1643 ;; This function is called by:
  1644 ;;		_SYSTEM_Initialize
  1645 ;; This function uses a non-reentrant model
  1646 ;;
  1647                           
  1648                           	psect	text7
  1649   00238E                     __ptext7:
  1650                           	callstack 0
  1651   00238E                     _GPIO_Initialize:
  1652                           	callstack 28
  1653   00238E                     
  1654                           ;Photoresistor_lockbox.c: 132:     ANSELB = 0x00;
  1655   00238E  013A               	movlb	58	; () banked
  1656   002390  6B50               	clrf	80,b	;volatile
  1657                           
  1658                           ;Photoresistor_lockbox.c: 133:     ANSELD = 0x00;
  1659   002392  6B70               	clrf	112,b	;volatile
  1660                           
  1661                           ;Photoresistor_lockbox.c: 135:     TRISBbits.TRISB3 = 0;
  1662   002394  96C3               	bcf	195,3,c	;volatile
  1663                           
  1664                           ;Photoresistor_lockbox.c: 136:     TRISBbits.TRISB1 = 1;
  1665   002396  82C3               	bsf	195,1,c	;volatile
  1666                           
  1667                           ;Photoresistor_lockbox.c: 137:     TRISBbits.TRISB2 = 1;
  1668   002398  84C3               	bsf	195,2,c	;volatile
  1669                           
  1670                           ;Photoresistor_lockbox.c: 138:     TRISBbits.TRISB0 = 1;
  1671   00239A  80C3               	bsf	195,0,c	;volatile
  1672                           
  1673                           ;Photoresistor_lockbox.c: 139:     TRISBbits.TRISB5 = 0;
  1674   00239C  9AC3               	bcf	195,5,c	;volatile
  1675                           
  1676                           ;Photoresistor_lockbox.c: 140:     TRISBbits.TRISB7 = 0;
  1677   00239E  9EC3               	bcf	195,7,c	;volatile
  1678                           
  1679                           ;Photoresistor_lockbox.c: 141:     TRISD = 0x00;
  1680   0023A0  6AC5               	clrf	197,c	;volatile
  1681                           
  1682                           ;Photoresistor_lockbox.c: 143:     LATB = 0x00;
  1683   0023A2  6ABB               	clrf	187,c	;volatile
  1684                           
  1685                           ;Photoresistor_lockbox.c: 144:     LATD = 0x00;
  1686   0023A4  6ABD               	clrf	189,c	;volatile
  1687                           
  1688                           ;Photoresistor_lockbox.c: 146:     WPUBbits.WPUB0 = 1;
  1689   0023A6  8151               	bsf	81,0,b	;volatile
  1690   0023A8                     
  1691                           ; BSR set to: 58
  1692   0023A8  0012               	return		;funcret
  1693   0023AA                     __end_of_GPIO_Initialize:
  1694                           	callstack 0
  1695                           
  1696 ;; *************** function _Emergency_Initialize *****************
  1697 ;; Defined at:
  1698 ;;		line 149 in file "Photoresistor_lockbox.c"
  1699 ;; Parameters:    Size  Location     Type
  1700 ;;		None
  1701 ;; Auto vars:     Size  Location     Type
  1702 ;;		None
  1703 ;; Return value:  Size  Location     Type
  1704 ;;                  1    wreg      void 
  1705 ;; Registers used:
  1706 ;;		None
  1707 ;; Tracked objects:
  1708 ;;		On entry : 0/0
  1709 ;;		On exit  : 0/0
  1710 ;;		Unchanged: 0/0
  1711 ;; Data sizes:     COMRAM   BANK0   BANK1   BANK2   BANK3   BANK4   BANK5   BANK6   BANK7   BANK8   BANK9  BANK10  BANK1
      +1  BANK12  BANK13  BANK14  BANK15  BANK16  BANK17  BANK18  BANK19  BANK20  BANK21  BANK22  BANK23  BANK24  BANK25  BANK2
      +6  BANK27  BANK28  BANK29  BANK30  BANK31
  1712 ;;      Params:         0       0       0       0       0       0       0       0       0       0       0       0       
      +0       0       0       0       0       0       0       0       0       0       0       0       0       0       0       
      +0       0       0       0       0       0
  1713 ;;      Locals:         0       0       0       0       0       0       0       0       0       0       0       0       
      +0       0       0       0       0       0       0       0       0       0       0       0       0       0       0       
      +0       0       0       0       0       0
  1714 ;;      Temps:          0       0       0       0       0       0       0       0       0       0       0       0       
      +0       0       0       0       0       0       0       0       0       0       0       0       0       0       0       
      +0       0       0       0       0       0
  1715 ;;      Totals:         0       0       0       0       0       0       0       0       0       0       0       0       
      +0       0       0       0       0       0       0       0       0       0       0       0       0       0       0       
      +0       0       0       0       0       0
  1716 ;;Total ram usage:        0 bytes
  1717 ;; Hardware stack levels used: 1
  1718 ;; Hardware stack levels required when called: 1
  1719 ;; This function calls:
  1720 ;;		Nothing
  1721 ;; This function is called by:
  1722 ;;		_SYSTEM_Initialize
  1723 ;; This function uses a non-reentrant model
  1724 ;;
  1725                           
  1726                           	psect	text8
  1727   002436                     __ptext8:
  1728                           	callstack 0
  1729   002436                     _Emergency_Initialize:
  1730                           	callstack 28
  1731   002436                     
  1732                           ;Photoresistor_lockbox.c: 151:     IOCBNbits.IOCBN0 = 1;
  1733   002436  013A               	movlb	58	; () banked
  1734   002438  8156               	bsf	86,0,b	;volatile
  1735                           
  1736                           ;Photoresistor_lockbox.c: 152:     IOCBPbits.IOCBP0 = 0;
  1737   00243A  9155               	bcf	85,0,b	;volatile
  1738                           
  1739                           ;Photoresistor_lockbox.c: 154:     IOCBFbits.IOCBF0 = 0;
  1740   00243C  9157               	bcf	87,0,b	;volatile
  1741                           
  1742                           ;Photoresistor_lockbox.c: 155:     PIR0bits.IOCIF = 0;
  1743   00243E  0139               	movlb	57	; () banked
  1744   002440  9FA0               	bcf	160,7,b	;volatile
  1745                           
  1746                           ;Photoresistor_lockbox.c: 157:     PIE0bits.IOCIE = 1;
  1747   002442  8F90               	bsf	144,7,b	;volatile
  1748                           
  1749                           ;Photoresistor_lockbox.c: 159:     INTCON0bits.GIEH = 1;
  1750   002444  8ED2               	bsf	210,7,c	;volatile
  1751                           
  1752                           ;Photoresistor_lockbox.c: 160:     INTCON0bits.GIEL = 1;
  1753   002446  8CD2               	bsf	210,6,c	;volatile
  1754   002448                     
  1755                           ; BSR set to: 57
  1756   002448  0012               	return		;funcret
  1757   00244A                     __end_of_Emergency_Initialize:
  1758                           	callstack 0
  1759                           
  1760 ;; *************** function _Process_System *****************
  1761 ;; Defined at:
  1762 ;;		line 333 in file "Photoresistor_lockbox.c"
  1763 ;; Parameters:    Size  Location     Type
  1764 ;;		None
  1765 ;; Auto vars:     Size  Location     Type
  1766 ;;		None
  1767 ;; Return value:  Size  Location     Type
  1768 ;;                  1    wreg      void 
  1769 ;; Registers used:
  1770 ;;		wreg, status,2, status,0, cstack
  1771 ;; Tracked objects:
  1772 ;;		On entry : 0/0
  1773 ;;		On exit  : 0/0
  1774 ;;		Unchanged: 0/0
  1775 ;; Data sizes:     COMRAM   BANK0   BANK1   BANK2   BANK3   BANK4   BANK5   BANK6   BANK7   BANK8   BANK9  BANK10  BANK1
      +1  BANK12  BANK13  BANK14  BANK15  BANK16  BANK17  BANK18  BANK19  BANK20  BANK21  BANK22  BANK23  BANK24  BANK25  BANK2
      +6  BANK27  BANK28  BANK29  BANK30  BANK31
  1776 ;;      Params:         0       0       0       0       0       0       0       0       0       0       0       0       
      +0       0       0       0       0       0       0       0       0       0       0       0       0       0       0       
      +0       0       0       0       0       0
  1777 ;;      Locals:         0       0       0       0       0       0       0       0       0       0       0       0       
      +0       0       0       0       0       0       0       0       0       0       0       0       0       0       0       
      +0       0       0       0       0       0
  1778 ;;      Temps:          2       0       0       0       0       0       0       0       0       0       0       0       
      +0       0       0       0       0       0       0       0       0       0       0       0       0       0       0       
      +0       0       0       0       0       0
  1779 ;;      Totals:         2       0       0       0       0       0       0       0       0       0       0       0       
      +0       0       0       0       0       0       0       0       0       0       0       0       0       0       0       
      +0       0       0       0       0       0
  1780 ;;Total ram usage:        2 bytes
  1781 ;; Hardware stack levels used: 1
  1782 ;; Hardware stack levels required when called: 3
  1783 ;; This function calls:
  1784 ;;		_EmergencyOn
  1785 ;;		_Handle_CorrectCode
  1786 ;;		_Handle_WrongCode
  1787 ;;		_Reset_To_Start
  1788 ;; This function is called by:
  1789 ;;		_main
  1790 ;; This function uses a non-reentrant model
  1791 ;;
  1792                           
  1793                           	psect	text9
  1794   002148                     __ptext9:
  1795                           	callstack 0
  1796   002148                     _Process_System:
  1797                           	callstack 27
  1798   002148                     
  1799                           ;Photoresistor_lockbox.c: 335:     switch (SystemState)
  1800   002148  EFFF  F010         	goto	l1294
  1801   00214C                     l1260:
  1802                           
  1803                           ;Photoresistor_lockbox.c: 338:         {;Photoresistor_lockbox.c: 344:             if ((
      +                          PR1_Count > 0U) && (PR1_DONE >= (1500U / 10U)))
  1804   00214C  500B               	movf	_PR1_Count^0,w,c
  1805   00214E  B4D8               	btfsc	status,2,c
  1806   002150  EFAC  F010         	goto	u301
  1807   002154  EFAE  F010         	goto	u300
  1808   002158                     u301:
  1809   002158  EF24  F011         	goto	l175
  1810   00215C                     u300:
  1811   00215C  5004               	movf	(_PR1_DONE+1)^0,w,c
  1812   00215E  E109               	bnz	u310
  1813   002160  0E96               	movlw	150
  1814   002162  5C03               	subwf	_PR1_DONE^0,w,c
  1815   002164  A0D8               	btfss	status,0,c
  1816   002166  EFB7  F010         	goto	u311
  1817   00216A  EFB9  F010         	goto	u310
  1818   00216E                     u311:
  1819   00216E  EF24  F011         	goto	l175
  1820   002172                     u310:
  1821   002172                     
  1822                           ;Photoresistor_lockbox.c: 345:             {;Photoresistor_lockbox.c: 346:              
      +                             SystemState = STATE_WAIT_PR2;
  1823   002172  0E01               	movlw	1
  1824   002174  6E05               	movwf	_SystemState^0,c
  1825                           
  1826                           ;Photoresistor_lockbox.c: 347:                 PR2_DONE = 0;
  1827   002176  6A02               	clrf	(_PR2_DONE+1)^0,c
  1828   002178  0E00               	movlw	0
  1829   00217A  6E01               	movwf	_PR2_DONE^0,c
  1830   00217C  EF24  F011         	goto	l175
  1831   002180                     l1266:
  1832                           
  1833                           ;Photoresistor_lockbox.c: 353:         {;Photoresistor_lockbox.c: 354:             if ((
      +                          PR2_Count > 0U) && (PR2_DONE >= (1500U / 10U)))
  1834   002180  500A               	movf	_PR2_Count^0,w,c
  1835   002182  B4D8               	btfsc	status,2,c
  1836   002184  EFC6  F010         	goto	u321
  1837   002188  EFC8  F010         	goto	u320
  1838   00218C                     u321:
  1839   00218C  EF24  F011         	goto	l175
  1840   002190                     u320:
  1841   002190  5002               	movf	(_PR2_DONE+1)^0,w,c
  1842   002192  E109               	bnz	u330
  1843   002194  0E96               	movlw	150
  1844   002196  5C01               	subwf	_PR2_DONE^0,w,c
  1845   002198  A0D8               	btfss	status,0,c
  1846   00219A  EFD1  F010         	goto	u331
  1847   00219E  EFD3  F010         	goto	u330
  1848   0021A2                     u331:
  1849   0021A2  EF24  F011         	goto	l175
  1850   0021A6                     u330:
  1851   0021A6                     
  1852                           ;Photoresistor_lockbox.c: 355:             {;Photoresistor_lockbox.c: 356:              
      +                             SystemState = STATE_CHECK_CODE;
  1853   0021A6  0E02               	movlw	2
  1854   0021A8  6E05               	movwf	_SystemState^0,c
  1855   0021AA  EF24  F011         	goto	l175
  1856   0021AE                     l1272:
  1857                           
  1858                           ;Photoresistor_lockbox.c: 362:         {;Photoresistor_lockbox.c: 363:             if ((
      +                          PR1_Count == 3U) && (PR2_Count == 2U))
  1859   0021AE  0E03               	movlw	3
  1860   0021B0  180B               	xorwf	_PR1_Count^0,w,c
  1861   0021B2  A4D8               	btfss	status,2,c
  1862   0021B4  EFDE  F010         	goto	u341
  1863   0021B8  EFE0  F010         	goto	u340
  1864   0021BC                     u341:
  1865   0021BC  EFED  F010         	goto	l1278
  1866   0021C0                     u340:
  1867   0021C0  0E02               	movlw	2
  1868   0021C2  180A               	xorwf	_PR2_Count^0,w,c
  1869   0021C4  A4D8               	btfss	status,2,c
  1870   0021C6  EFE7  F010         	goto	u351
  1871   0021CA  EFE9  F010         	goto	u350
  1872   0021CE                     u351:
  1873   0021CE  EFED  F010         	goto	l1278
  1874   0021D2                     u350:
  1875   0021D2                     
  1876                           ;Photoresistor_lockbox.c: 364:             {;Photoresistor_lockbox.c: 365:              
      +                             SystemState = Correct_Secret_Code;
  1877   0021D2  0E03               	movlw	3
  1878   0021D4  6E05               	movwf	_SystemState^0,c
  1879                           
  1880                           ;Photoresistor_lockbox.c: 366:             }
  1881   0021D6  EF24  F011         	goto	l175
  1882   0021DA                     l1278:
  1883                           
  1884                           ;Photoresistor_lockbox.c: 368:             {;Photoresistor_lockbox.c: 369:              
      +                             SystemState = Wrong_Secret_Code;
  1885   0021DA  0E04               	movlw	4
  1886   0021DC  6E05               	movwf	_SystemState^0,c
  1887   0021DE  EF24  F011         	goto	l175
  1888   0021E2                     l1280:
  1889                           
  1890                           ;Photoresistor_lockbox.c: 375:         {;Photoresistor_lockbox.c: 376:             Handl
      +                          e_CorrectCode();
  1891   0021E2  ECE2  F011         	call	_Handle_CorrectCode	;wreg free
  1892   0021E6                     l1282:
  1893                           
  1894                           ;Photoresistor_lockbox.c: 377:             Reset_To_Start();
  1895   0021E6  EC25  F012         	call	_Reset_To_Start	;wreg free
  1896                           
  1897                           ;Photoresistor_lockbox.c: 378:             break;
  1898   0021EA  EF24  F011         	goto	l175
  1899   0021EE                     l1284:
  1900                           
  1901                           ;Photoresistor_lockbox.c: 382:         {;Photoresistor_lockbox.c: 383:             Handl
      +                          e_WrongCode();
  1902   0021EE  ECD5  F011         	call	_Handle_WrongCode	;wreg free
  1903   0021F2  EFF3  F010         	goto	l1282
  1904   0021F6                     l1288:
  1905                           
  1906                           ;Photoresistor_lockbox.c: 389:         {;Photoresistor_lockbox.c: 390:             Emerg
      +                          encyOn();
  1907   0021F6  EC25  F011         	call	_EmergencyOn	;wreg free
  1908                           
  1909                           ;Photoresistor_lockbox.c: 391:             break;
  1910   0021FA  EF24  F011         	goto	l175
  1911   0021FE                     l1294:
  1912   0021FE  5005               	movf	_SystemState^0,w,c
  1913   002200  6E10               	movwf	??_Process_System^0,c
  1914   002202  6A11               	clrf	(??_Process_System+1)^0,c
  1915                           
  1916                           ; Switch on 2 bytes has been partitioned into a top level switch of size 1, and 1 sub-sw
      +                          itches
  1917                           ; Switch size 1, requested type "simple"
  1918                           ; Number of cases is 1, Range of values is 0 to 0
  1919                           ; switch strategies available:
  1920                           ; Name         Instructions Cycles
  1921                           ; simple_byte            4     3 (average)
  1922                           ;	Chosen strategy is simple_byte
  1923   002204  5011               	movf	(??_Process_System+1)^0,w,c
  1924   002206  0A00               	xorlw	0	; case 0
  1925   002208  B4D8               	btfsc	status,2,c
  1926   00220A  EF09  F011         	goto	l1358
  1927   00220E  EFF3  F010         	goto	l1282
  1928   002212                     l1358:
  1929                           
  1930                           ; Switch size 1, requested type "simple"
  1931                           ; Number of cases is 6, Range of values is 0 to 5
  1932                           ; switch strategies available:
  1933                           ; Name         Instructions Cycles
  1934                           ; simple_byte           19    10 (average)
  1935                           ;	Chosen strategy is simple_byte
  1936   002212  5010               	movf	??_Process_System^0,w,c
  1937   002214  0A00               	xorlw	0	; case 0
  1938   002216  B4D8               	btfsc	status,2,c
  1939   002218  EFA6  F010         	goto	l1260
  1940   00221C  0A01               	xorlw	1	; case 1
  1941   00221E  B4D8               	btfsc	status,2,c
  1942   002220  EFC0  F010         	goto	l1266
  1943   002224  0A03               	xorlw	3	; case 2
  1944   002226  B4D8               	btfsc	status,2,c
  1945   002228  EFD7  F010         	goto	l1272
  1946   00222C  0A01               	xorlw	1	; case 3
  1947   00222E  B4D8               	btfsc	status,2,c
  1948   002230  EFF1  F010         	goto	l1280
  1949   002234  0A07               	xorlw	7	; case 4
  1950   002236  B4D8               	btfsc	status,2,c
  1951   002238  EFF7  F010         	goto	l1284
  1952   00223C  0A01               	xorlw	1	; case 5
  1953   00223E  B4D8               	btfsc	status,2,c
  1954   002240  EFFB  F010         	goto	l1288
  1955   002244  EFF3  F010         	goto	l1282
  1956   002248                     l175:
  1957   002248  0012               	return		;funcret
  1958   00224A                     __end_of_Process_System:
  1959                           	callstack 0
  1960                           
  1961 ;; *************** function _Handle_WrongCode *****************
  1962 ;; Defined at:
  1963 ;;		line 415 in file "Photoresistor_lockbox.c"
  1964 ;; Parameters:    Size  Location     Type
  1965 ;;		None
  1966 ;; Auto vars:     Size  Location     Type
  1967 ;;		None
  1968 ;; Return value:  Size  Location     Type
  1969 ;;                  1    wreg      void 
  1970 ;; Registers used:
  1971 ;;		wreg, status,2, status,0, cstack
  1972 ;; Tracked objects:
  1973 ;;		On entry : 0/0
  1974 ;;		On exit  : 0/0
  1975 ;;		Unchanged: 0/0
  1976 ;; Data sizes:     COMRAM   BANK0   BANK1   BANK2   BANK3   BANK4   BANK5   BANK6   BANK7   BANK8   BANK9  BANK10  BANK1
      +1  BANK12  BANK13  BANK14  BANK15  BANK16  BANK17  BANK18  BANK19  BANK20  BANK21  BANK22  BANK23  BANK24  BANK25  BANK2
      +6  BANK27  BANK28  BANK29  BANK30  BANK31
  1977 ;;      Params:         0       0       0       0       0       0       0       0       0       0       0       0       
      +0       0       0       0       0       0       0       0       0       0       0       0       0       0       0       
      +0       0       0       0       0       0
  1978 ;;      Locals:         0       0       0       0       0       0       0       0       0       0       0       0       
      +0       0       0       0       0       0       0       0       0       0       0       0       0       0       0       
      +0       0       0       0       0       0
  1979 ;;      Temps:          0       0       0       0       0       0       0       0       0       0       0       0       
      +0       0       0       0       0       0       0       0       0       0       0       0       0       0       0       
      +0       0       0       0       0       0
  1980 ;;      Totals:         0       0       0       0       0       0       0       0       0       0       0       0       
      +0       0       0       0       0       0       0       0       0       0       0       0       0       0       0       
      +0       0       0       0       0       0
  1981 ;;Total ram usage:        0 bytes
  1982 ;; Hardware stack levels used: 1
  1983 ;; Hardware stack levels required when called: 2
  1984 ;; This function calls:
  1985 ;;		_BUZZER_Off
  1986 ;;		_BUZZER_On
  1987 ;;		_DelayMs_Blocking
  1988 ;;		_SEG_Clear
  1989 ;; This function is called by:
  1990 ;;		_Process_System
  1991 ;; This function uses a non-reentrant model
  1992 ;;
  1993                           
  1994                           	psect	text10
  1995   0023AA                     __ptext10:
  1996                           	callstack 0
  1997   0023AA                     _Handle_WrongCode:
  1998                           	callstack 27
  1999   0023AA                     
  2000                           ;Photoresistor_lockbox.c: 417:     BUZZER_On();
  2001   0023AA  EC35  F012         	call	_BUZZER_On	;wreg free
  2002   0023AE                     
  2003                           ;Photoresistor_lockbox.c: 418:     DelayMs_Blocking(2000U);
  2004   0023AE  0E07               	movlw	7
  2005   0023B0  6E0E               	movwf	(DelayMs_Blocking@ms+1)^0,c
  2006   0023B2  0ED0               	movlw	208
  2007   0023B4  6E0D               	movwf	DelayMs_Blocking@ms^0,c
  2008   0023B6  ECA4  F011         	call	_DelayMs_Blocking	;wreg free
  2009   0023BA                     
  2010                           ;Photoresistor_lockbox.c: 419:     BUZZER_Off();
  2011   0023BA  EC37  F012         	call	_BUZZER_Off	;wreg free
  2012   0023BE                     
  2013                           ;Photoresistor_lockbox.c: 421:     SEG_Clear();
  2014   0023BE  EC31  F012         	call	_SEG_Clear	;wreg free
  2015   0023C2  0012               	return		;funcret
  2016   0023C4                     __end_of_Handle_WrongCode:
  2017                           	callstack 0
  2018                           
  2019 ;; *************** function _Handle_CorrectCode *****************
  2020 ;; Defined at:
  2021 ;;		line 406 in file "Photoresistor_lockbox.c"
  2022 ;; Parameters:    Size  Location     Type
  2023 ;;		None
  2024 ;; Auto vars:     Size  Location     Type
  2025 ;;		None
  2026 ;; Return value:  Size  Location     Type
  2027 ;;                  1    wreg      void 
  2028 ;; Registers used:
  2029 ;;		wreg, status,2, status,0, cstack
  2030 ;; Tracked objects:
  2031 ;;		On entry : 0/0
  2032 ;;		On exit  : 0/0
  2033 ;;		Unchanged: 0/0
  2034 ;; Data sizes:     COMRAM   BANK0   BANK1   BANK2   BANK3   BANK4   BANK5   BANK6   BANK7   BANK8   BANK9  BANK10  BANK1
      +1  BANK12  BANK13  BANK14  BANK15  BANK16  BANK17  BANK18  BANK19  BANK20  BANK21  BANK22  BANK23  BANK24  BANK25  BANK2
      +6  BANK27  BANK28  BANK29  BANK30  BANK31
  2035 ;;      Params:         0       0       0       0       0       0       0       0       0       0       0       0       
      +0       0       0       0       0       0       0       0       0       0       0       0       0       0       0       
      +0       0       0       0       0       0
  2036 ;;      Locals:         0       0       0       0       0       0       0       0       0       0       0       0       
      +0       0       0       0       0       0       0       0       0       0       0       0       0       0       0       
      +0       0       0       0       0       0
  2037 ;;      Temps:          0       0       0       0       0       0       0       0       0       0       0       0       
      +0       0       0       0       0       0       0       0       0       0       0       0       0       0       0       
      +0       0       0       0       0       0
  2038 ;;      Totals:         0       0       0       0       0       0       0       0       0       0       0       0       
      +0       0       0       0       0       0       0       0       0       0       0       0       0       0       0       
      +0       0       0       0       0       0
  2039 ;;Total ram usage:        0 bytes
  2040 ;; Hardware stack levels used: 1
  2041 ;; Hardware stack levels required when called: 2
  2042 ;; This function calls:
  2043 ;;		_DelayMs_Blocking
  2044 ;;		_RELAY_Off
  2045 ;;		_RELAY_On
  2046 ;;		_SEG_Clear
  2047 ;; This function is called by:
  2048 ;;		_Process_System
  2049 ;; This function uses a non-reentrant model
  2050 ;;
  2051                           
  2052                           	psect	text11
  2053   0023C4                     __ptext11:
  2054                           	callstack 0
  2055   0023C4                     _Handle_CorrectCode:
  2056                           	callstack 27
  2057   0023C4                     
  2058                           ;Photoresistor_lockbox.c: 408:     RELAY_On();
  2059   0023C4  EC2F  F012         	call	_RELAY_On	;wreg free
  2060   0023C8                     
  2061                           ;Photoresistor_lockbox.c: 409:     DelayMs_Blocking(2000U);
  2062   0023C8  0E07               	movlw	7
  2063   0023CA  6E0E               	movwf	(DelayMs_Blocking@ms+1)^0,c
  2064   0023CC  0ED0               	movlw	208
  2065   0023CE  6E0D               	movwf	DelayMs_Blocking@ms^0,c
  2066   0023D0  ECA4  F011         	call	_DelayMs_Blocking	;wreg free
  2067   0023D4                     
  2068                           ;Photoresistor_lockbox.c: 410:     RELAY_Off();
  2069   0023D4  EC33  F012         	call	_RELAY_Off	;wreg free
  2070   0023D8                     
  2071                           ;Photoresistor_lockbox.c: 412:     SEG_Clear();
  2072   0023D8  EC31  F012         	call	_SEG_Clear	;wreg free
  2073   0023DC  0012               	return		;funcret
  2074   0023DE                     __end_of_Handle_CorrectCode:
  2075                           	callstack 0
  2076                           
  2077 ;; *************** function _RELAY_On *****************
  2078 ;; Defined at:
  2079 ;;		line 177 in file "Photoresistor_lockbox.c"
  2080 ;; Parameters:    Size  Location     Type
  2081 ;;		None
  2082 ;; Auto vars:     Size  Location     Type
  2083 ;;		None
  2084 ;; Return value:  Size  Location     Type
  2085 ;;                  1    wreg      void 
  2086 ;; Registers used:
  2087 ;;		None
  2088 ;; Tracked objects:
  2089 ;;		On entry : 0/0
  2090 ;;		On exit  : 0/0
  2091 ;;		Unchanged: 0/0
  2092 ;; Data sizes:     COMRAM   BANK0   BANK1   BANK2   BANK3   BANK4   BANK5   BANK6   BANK7   BANK8   BANK9  BANK10  BANK1
      +1  BANK12  BANK13  BANK14  BANK15  BANK16  BANK17  BANK18  BANK19  BANK20  BANK21  BANK22  BANK23  BANK24  BANK25  BANK2
      +6  BANK27  BANK28  BANK29  BANK30  BANK31
  2093 ;;      Params:         0       0       0       0       0       0       0       0       0       0       0       0       
      +0       0       0       0       0       0       0       0       0       0       0       0       0       0       0       
      +0       0       0       0       0       0
  2094 ;;      Locals:         0       0       0       0       0       0       0       0       0       0       0       0       
      +0       0       0       0       0       0       0       0       0       0       0       0       0       0       0       
      +0       0       0       0       0       0
  2095 ;;      Temps:          0       0       0       0       0       0       0       0       0       0       0       0       
      +0       0       0       0       0       0       0       0       0       0       0       0       0       0       0       
      +0       0       0       0       0       0
  2096 ;;      Totals:         0       0       0       0       0       0       0       0       0       0       0       0       
      +0       0       0       0       0       0       0       0       0       0       0       0       0       0       0       
      +0       0       0       0       0       0
  2097 ;;Total ram usage:        0 bytes
  2098 ;; Hardware stack levels used: 1
  2099 ;; Hardware stack levels required when called: 1
  2100 ;; This function calls:
  2101 ;;		Nothing
  2102 ;; This function is called by:
  2103 ;;		_Handle_CorrectCode
  2104 ;; This function uses a non-reentrant model
  2105 ;;
  2106                           
  2107                           	psect	text12
  2108   00245E                     __ptext12:
  2109                           	callstack 0
  2110   00245E                     _RELAY_On:
  2111                           	callstack 27
  2112   00245E                     
  2113                           ;Photoresistor_lockbox.c: 179:     LATBbits.LATB5 = 0;
  2114   00245E  9ABB               	bcf	187,5,c	;volatile
  2115   002460  0012               	return		;funcret
  2116   002462                     __end_of_RELAY_On:
  2117                           	callstack 0
  2118                           
  2119 ;; *************** function _DelayMs_Blocking *****************
  2120 ;; Defined at:
  2121 ;;		line 442 in file "Photoresistor_lockbox.c"
  2122 ;; Parameters:    Size  Location     Type
  2123 ;;  ms              2    0[COMRAM] unsigned short 
  2124 ;; Auto vars:     Size  Location     Type
  2125 ;;		None
  2126 ;; Return value:  Size  Location     Type
  2127 ;;                  1    wreg      void 
  2128 ;; Registers used:
  2129 ;;		wreg, status,2, status,0
  2130 ;; Tracked objects:
  2131 ;;		On entry : 0/0
  2132 ;;		On exit  : 0/0
  2133 ;;		Unchanged: 0/0
  2134 ;; Data sizes:     COMRAM   BANK0   BANK1   BANK2   BANK3   BANK4   BANK5   BANK6   BANK7   BANK8   BANK9  BANK10  BANK1
      +1  BANK12  BANK13  BANK14  BANK15  BANK16  BANK17  BANK18  BANK19  BANK20  BANK21  BANK22  BANK23  BANK24  BANK25  BANK2
      +6  BANK27  BANK28  BANK29  BANK30  BANK31
  2135 ;;      Params:         2       0       0       0       0       0       0       0       0       0       0       0       
      +0       0       0       0       0       0       0       0       0       0       0       0       0       0       0       
      +0       0       0       0       0       0
  2136 ;;      Locals:         0       0       0       0       0       0       0       0       0       0       0       0       
      +0       0       0       0       0       0       0       0       0       0       0       0       0       0       0       
      +0       0       0       0       0       0
  2137 ;;      Temps:          0       0       0       0       0       0       0       0       0       0       0       0       
      +0       0       0       0       0       0       0       0       0       0       0       0       0       0       0       
      +0       0       0       0       0       0
  2138 ;;      Totals:         2       0       0       0       0       0       0       0       0       0       0       0       
      +0       0       0       0       0       0       0       0       0       0       0       0       0       0       0       
      +0       0       0       0       0       0
  2139 ;;Total ram usage:        2 bytes
  2140 ;; Hardware stack levels used: 1
  2141 ;; Hardware stack levels required when called: 1
  2142 ;; This function calls:
  2143 ;;		Nothing
  2144 ;; This function is called by:
  2145 ;;		_Handle_CorrectCode
  2146 ;;		_Handle_WrongCode
  2147 ;; This function uses a non-reentrant model
  2148 ;;
  2149                           
  2150                           	psect	text13
  2151   002348                     __ptext13:
  2152                           	callstack 0
  2153   002348                     _DelayMs_Blocking:
  2154                           	callstack 27
  2155   002348                     
  2156                           ;Photoresistor_lockbox.c: 442: void DelayMs_Blocking(uint16_t ms);Photoresistor_lockbox.
      +                          c: 443: {;Photoresistor_lockbox.c: 444:     while (ms--)
  2157   002348  EFAA  F011         	goto	l1240
  2158   00234C                     l1238:
  2159                           
  2160                           ;Photoresistor_lockbox.c: 445:     {;Photoresistor_lockbox.c: 446:         _delay((unsig
      +                          ned long)((1)*(4000000/4000.0)));
  2161   00234C  0EC8               	movlw	200
  2162   00234E                     u387:
  2163   00234E  D000               	nop2	
  2164   002350  2EE8               	decfsz	wreg,f,c
  2165   002352  D7FD               	bra	u387
  2166   002354                     l1240:
  2167                           
  2168                           ;Photoresistor_lockbox.c: 444:     while (ms--)
  2169   002354  060D               	decf	DelayMs_Blocking@ms^0,f,c
  2170   002356  A0D8               	btfss	status,0,c
  2171   002358  060E               	decf	(DelayMs_Blocking@ms+1)^0,f,c
  2172   00235A  280D               	incf	DelayMs_Blocking@ms^0,w,c
  2173   00235C  E106               	bnz	u291
  2174   00235E  280E               	incf	(DelayMs_Blocking@ms+1)^0,w,c
  2175   002360  A4D8               	btfss	status,2,c
  2176   002362  EFB5  F011         	goto	u291
  2177   002366  EFB7  F011         	goto	u290
  2178   00236A                     u291:
  2179   00236A  EFA6  F011         	goto	l1238
  2180   00236E                     u290:
  2181   00236E  0012               	return		;funcret
  2182   002370                     __end_of_DelayMs_Blocking:
  2183                           	callstack 0
  2184                           
  2185 ;; *************** function _EmergencyOn *****************
  2186 ;; Defined at:
  2187 ;;		line 424 in file "Photoresistor_lockbox.c"
  2188 ;; Parameters:    Size  Location     Type
  2189 ;;		None
  2190 ;; Auto vars:     Size  Location     Type
  2191 ;;  i               1    2[COMRAM] unsigned char 
  2192 ;; Return value:  Size  Location     Type
  2193 ;;                  1    wreg      void 
  2194 ;; Registers used:
  2195 ;;		wreg, status,2, status,0, cstack
  2196 ;; Tracked objects:
  2197 ;;		On entry : 0/0
  2198 ;;		On exit  : 0/0
  2199 ;;		Unchanged: 0/0
  2200 ;; Data sizes:     COMRAM   BANK0   BANK1   BANK2   BANK3   BANK4   BANK5   BANK6   BANK7   BANK8   BANK9  BANK10  BANK1
      +1  BANK12  BANK13  BANK14  BANK15  BANK16  BANK17  BANK18  BANK19  BANK20  BANK21  BANK22  BANK23  BANK24  BANK25  BANK2
      +6  BANK27  BANK28  BANK29  BANK30  BANK31
  2201 ;;      Params:         0       0       0       0       0       0       0       0       0       0       0       0       
      +0       0       0       0       0       0       0       0       0       0       0       0       0       0       0       
      +0       0       0       0       0       0
  2202 ;;      Locals:         1       0       0       0       0       0       0       0       0       0       0       0       
      +0       0       0       0       0       0       0       0       0       0       0       0       0       0       0       
      +0       0       0       0       0       0
  2203 ;;      Temps:          2       0       0       0       0       0       0       0       0       0       0       0       
      +0       0       0       0       0       0       0       0       0       0       0       0       0       0       0       
      +0       0       0       0       0       0
  2204 ;;      Totals:         3       0       0       0       0       0       0       0       0       0       0       0       
      +0       0       0       0       0       0       0       0       0       0       0       0       0       0       0       
      +0       0       0       0       0       0
  2205 ;;Total ram usage:        3 bytes
  2206 ;; Hardware stack levels used: 1
  2207 ;; Hardware stack levels required when called: 1
  2208 ;; This function calls:
  2209 ;;		_BUZZER_Off
  2210 ;;		_BUZZER_On
  2211 ;;		_Reset_To_Start
  2212 ;; This function is called by:
  2213 ;;		_main
  2214 ;;		_Process_System
  2215 ;; This function uses a non-reentrant model
  2216 ;;
  2217                           
  2218                           	psect	text14
  2219   00224A                     __ptext14:
  2220                           	callstack 0
  2221   00224A                     _EmergencyOn:
  2222                           	callstack 28
  2223   00224A                     
  2224                           ;Photoresistor_lockbox.c: 427:         for (uint8_t i = 0; i < 5; i++)
  2225   00224A  6A0F               	clrf	EmergencyOn@i^0,c
  2226   00224C                     l1020:
  2227                           
  2228                           ;Photoresistor_lockbox.c: 428:         {;Photoresistor_lockbox.c: 429:             BUZZE
      +                          R_On();
  2229   00224C  EC35  F012         	call	_BUZZER_On	;wreg free
  2230   002250                     
  2231                           ;Photoresistor_lockbox.c: 430:             _delay((unsigned long)((200)*(4000000/4000.0)
      +                          ));
  2232   002250  0E02               	movlw	2
  2233   002252  6E0E               	movwf	(??_EmergencyOn+1)^0,c
  2234   002254  0E04               	movlw	4
  2235   002256  6E0D               	movwf	??_EmergencyOn^0,c
  2236   002258  0EBA               	movlw	186
  2237   00225A                     u397:
  2238   00225A  2EE8               	decfsz	wreg,f,c
  2239   00225C  D7FE               	bra	u397
  2240   00225E  2E0D               	decfsz	??_EmergencyOn^0,f,c
  2241   002260  D7FC               	bra	u397
  2242   002262  2E0E               	decfsz	(??_EmergencyOn+1)^0,f,c
  2243   002264  D7FA               	bra	u397
  2244   002266  D000               	nop2	
  2245   002268                     
  2246                           ;Photoresistor_lockbox.c: 431:             BUZZER_Off();
  2247   002268  EC37  F012         	call	_BUZZER_Off	;wreg free
  2248                           
  2249                           ;Photoresistor_lockbox.c: 432:             _delay((unsigned long)((200)*(4000000/4000.0)
      +                          ));
  2250   00226C  0E02               	movlw	2
  2251   00226E  6E0E               	movwf	(??_EmergencyOn+1)^0,c
  2252   002270  0E04               	movlw	4
  2253   002272  6E0D               	movwf	??_EmergencyOn^0,c
  2254   002274  0EBA               	movlw	186
  2255   002276                     u407:
  2256   002276  2EE8               	decfsz	wreg,f,c
  2257   002278  D7FE               	bra	u407
  2258   00227A  2E0D               	decfsz	??_EmergencyOn^0,f,c
  2259   00227C  D7FC               	bra	u407
  2260   00227E  2E0E               	decfsz	(??_EmergencyOn+1)^0,f,c
  2261   002280  D7FA               	bra	u407
  2262   002282  D000               	nop2	
  2263   002284                     
  2264                           ;Photoresistor_lockbox.c: 433:         }
  2265   002284  2A0F               	incf	EmergencyOn@i^0,f,c
  2266   002286  0E04               	movlw	4
  2267   002288  640F               	cpfsgt	EmergencyOn@i^0,c
  2268   00228A  EF49  F011         	goto	u21
  2269   00228E  EF4B  F011         	goto	u20
  2270   002292                     u21:
  2271   002292  EF26  F011         	goto	l1020
  2272   002296                     u20:
  2273   002296                     
  2274                           ;Photoresistor_lockbox.c: 434:     Check_Emergency_SW = 0;
  2275   002296  6A0C               	clrf	_Check_Emergency_SW^0,c	;volatile
  2276   002298                     
  2277                           ;Photoresistor_lockbox.c: 435:     Reset_To_Start();
  2278   002298  EC25  F012         	call	_Reset_To_Start	;wreg free
  2279   00229C  0012               	return		;funcret
  2280   00229E                     __end_of_EmergencyOn:
  2281                           	callstack 0
  2282                           
  2283 ;; *************** function _Reset_To_Start *****************
  2284 ;; Defined at:
  2285 ;;		line 248 in file "Photoresistor_lockbox.c"
  2286 ;; Parameters:    Size  Location     Type
  2287 ;;		None
  2288 ;; Auto vars:     Size  Location     Type
  2289 ;;		None
  2290 ;; Return value:  Size  Location     Type
  2291 ;;                  1    wreg      void 
  2292 ;; Registers used:
  2293 ;;		wreg, status,2, cstack
  2294 ;; Tracked objects:
  2295 ;;		On entry : 0/0
  2296 ;;		On exit  : 0/0
  2297 ;;		Unchanged: 0/0
  2298 ;; Data sizes:     COMRAM   BANK0   BANK1   BANK2   BANK3   BANK4   BANK5   BANK6   BANK7   BANK8   BANK9  BANK10  BANK1
      +1  BANK12  BANK13  BANK14  BANK15  BANK16  BANK17  BANK18  BANK19  BANK20  BANK21  BANK22  BANK23  BANK24  BANK25  BANK2
      +6  BANK27  BANK28  BANK29  BANK30  BANK31
  2299 ;;      Params:         0       0       0       0       0       0       0       0       0       0       0       0       
      +0       0       0       0       0       0       0       0       0       0       0       0       0       0       0       
      +0       0       0       0       0       0
  2300 ;;      Locals:         0       0       0       0       0       0       0       0       0       0       0       0       
      +0       0       0       0       0       0       0       0       0       0       0       0       0       0       0       
      +0       0       0       0       0       0
  2301 ;;      Temps:          0       0       0       0       0       0       0       0       0       0       0       0       
      +0       0       0       0       0       0       0       0       0       0       0       0       0       0       0       
      +0       0       0       0       0       0
  2302 ;;      Totals:         0       0       0       0       0       0       0       0       0       0       0       0       
      +0       0       0       0       0       0       0       0       0       0       0       0       0       0       0       
      +0       0       0       0       0       0
  2303 ;;Total ram usage:        0 bytes
  2304 ;; Hardware stack levels used: 1
  2305 ;; Hardware stack levels required when called: 1
  2306 ;; This function calls:
  2307 ;;		_RELAY_Off
  2308 ;;		_Reset_InputData
  2309 ;;		_SEG_Clear
  2310 ;; This function is called by:
  2311 ;;		_main
  2312 ;;		_Process_System
  2313 ;;		_EmergencyOn
  2314 ;; This function uses a non-reentrant model
  2315 ;;
  2316                           
  2317                           	psect	text15
  2318   00244A                     __ptext15:
  2319                           	callstack 0
  2320   00244A                     _Reset_To_Start:
  2321                           	callstack 27
  2322   00244A                     
  2323                           ;Photoresistor_lockbox.c: 250:     Reset_InputData();
  2324   00244A  ECEF  F011         	call	_Reset_InputData	;wreg free
  2325   00244E                     
  2326                           ;Photoresistor_lockbox.c: 251:     SystemState = waitFor_PR1;
  2327   00244E  6A05               	clrf	_SystemState^0,c
  2328   002450                     
  2329                           ;Photoresistor_lockbox.c: 252:     SEG_Clear();
  2330   002450  EC31  F012         	call	_SEG_Clear	;wreg free
  2331   002454                     
  2332                           ;Photoresistor_lockbox.c: 253:     RELAY_Off();
  2333   002454  EC33  F012         	call	_RELAY_Off	;wreg free
  2334   002458  0012               	return		;funcret
  2335   00245A                     __end_of_Reset_To_Start:
  2336                           	callstack 0
  2337                           
  2338 ;; *************** function _SEG_Clear *****************
  2339 ;; Defined at:
  2340 ;;		line 209 in file "Photoresistor_lockbox.c"
  2341 ;; Parameters:    Size  Location     Type
  2342 ;;		None
  2343 ;; Auto vars:     Size  Location     Type
  2344 ;;		None
  2345 ;; Return value:  Size  Location     Type
  2346 ;;                  1    wreg      void 
  2347 ;; Registers used:
  2348 ;;		None
  2349 ;; Tracked objects:
  2350 ;;		On entry : 0/0
  2351 ;;		On exit  : 0/0
  2352 ;;		Unchanged: 0/0
  2353 ;; Data sizes:     COMRAM   BANK0   BANK1   BANK2   BANK3   BANK4   BANK5   BANK6   BANK7   BANK8   BANK9  BANK10  BANK1
      +1  BANK12  BANK13  BANK14  BANK15  BANK16  BANK17  BANK18  BANK19  BANK20  BANK21  BANK22  BANK23  BANK24  BANK25  BANK2
      +6  BANK27  BANK28  BANK29  BANK30  BANK31
  2354 ;;      Params:         0       0       0       0       0       0       0       0       0       0       0       0       
      +0       0       0       0       0       0       0       0       0       0       0       0       0       0       0       
      +0       0       0       0       0       0
  2355 ;;      Locals:         0       0       0       0       0       0       0       0       0       0       0       0       
      +0       0       0       0       0       0       0       0       0       0       0       0       0       0       0       
      +0       0       0       0       0       0
  2356 ;;      Temps:          0       0       0       0       0       0       0       0       0       0       0       0       
      +0       0       0       0       0       0       0       0       0       0       0       0       0       0       0       
      +0       0       0       0       0       0
  2357 ;;      Totals:         0       0       0       0       0       0       0       0       0       0       0       0       
      +0       0       0       0       0       0       0       0       0       0       0       0       0       0       0       
      +0       0       0       0       0       0
  2358 ;;Total ram usage:        0 bytes
  2359 ;; Hardware stack levels used: 1
  2360 ;; Hardware stack levels required when called: 1
  2361 ;; This function calls:
  2362 ;;		Nothing
  2363 ;; This function is called by:
  2364 ;;		_SYSTEM_Initialize
  2365 ;;		_Reset_To_Start
  2366 ;;		_Handle_CorrectCode
  2367 ;;		_Handle_WrongCode
  2368 ;; This function uses a non-reentrant model
  2369 ;;
  2370                           
  2371                           	psect	text16
  2372   002462                     __ptext16:
  2373                           	callstack 0
  2374   002462                     _SEG_Clear:
  2375                           	callstack 26
  2376   002462                     
  2377                           ;Photoresistor_lockbox.c: 212:     LATD = 0x00;
  2378   002462  6ABD               	clrf	189,c	;volatile
  2379   002464  0012               	return		;funcret
  2380   002466                     __end_of_SEG_Clear:
  2381                           	callstack 0
  2382                           
  2383 ;; *************** function _Reset_InputData *****************
  2384 ;; Defined at:
  2385 ;;		line 233 in file "Photoresistor_lockbox.c"
  2386 ;; Parameters:    Size  Location     Type
  2387 ;;		None
  2388 ;; Auto vars:     Size  Location     Type
  2389 ;;		None
  2390 ;; Return value:  Size  Location     Type
  2391 ;;                  1    wreg      void 
  2392 ;; Registers used:
  2393 ;;		wreg, status,2
  2394 ;; Tracked objects:
  2395 ;;		On entry : 0/0
  2396 ;;		On exit  : 0/0
  2397 ;;		Unchanged: 0/0
  2398 ;; Data sizes:     COMRAM   BANK0   BANK1   BANK2   BANK3   BANK4   BANK5   BANK6   BANK7   BANK8   BANK9  BANK10  BANK1
      +1  BANK12  BANK13  BANK14  BANK15  BANK16  BANK17  BANK18  BANK19  BANK20  BANK21  BANK22  BANK23  BANK24  BANK25  BANK2
      +6  BANK27  BANK28  BANK29  BANK30  BANK31
  2399 ;;      Params:         0       0       0       0       0       0       0       0       0       0       0       0       
      +0       0       0       0       0       0       0       0       0       0       0       0       0       0       0       
      +0       0       0       0       0       0
  2400 ;;      Locals:         0       0       0       0       0       0       0       0       0       0       0       0       
      +0       0       0       0       0       0       0       0       0       0       0       0       0       0       0       
      +0       0       0       0       0       0
  2401 ;;      Temps:          0       0       0       0       0       0       0       0       0       0       0       0       
      +0       0       0       0       0       0       0       0       0       0       0       0       0       0       0       
      +0       0       0       0       0       0
  2402 ;;      Totals:         0       0       0       0       0       0       0       0       0       0       0       0       
      +0       0       0       0       0       0       0       0       0       0       0       0       0       0       0       
      +0       0       0       0       0       0
  2403 ;;Total ram usage:        0 bytes
  2404 ;; Hardware stack levels used: 1
  2405 ;; Hardware stack levels required when called: 1
  2406 ;; This function calls:
  2407 ;;		Nothing
  2408 ;; This function is called by:
  2409 ;;		_Reset_To_Start
  2410 ;; This function uses a non-reentrant model
  2411 ;;
  2412                           
  2413                           	psect	text17
  2414   0023DE                     __ptext17:
  2415                           	callstack 0
  2416   0023DE                     _Reset_InputData:
  2417                           	callstack 26
  2418   0023DE                     
  2419                           ;Photoresistor_lockbox.c: 235:     PR1_Count = 0;
  2420   0023DE  6A0B               	clrf	_PR1_Count^0,c
  2421                           
  2422                           ;Photoresistor_lockbox.c: 236:     PR2_Count = 0;
  2423   0023E0  6A0A               	clrf	_PR2_Count^0,c
  2424   0023E2                     
  2425                           ;Photoresistor_lockbox.c: 238:     PR1_DONE = 0;
  2426   0023E2  6A04               	clrf	(_PR1_DONE+1)^0,c
  2427   0023E4  0E00               	movlw	0
  2428   0023E6  6E03               	movwf	_PR1_DONE^0,c
  2429                           
  2430                           ;Photoresistor_lockbox.c: 239:     PR2_DONE = 0;
  2431   0023E8  6A02               	clrf	(_PR2_DONE+1)^0,c
  2432   0023EA  0E00               	movlw	0
  2433   0023EC  6E01               	movwf	_PR2_DONE^0,c
  2434   0023EE                     
  2435                           ;Photoresistor_lockbox.c: 241:     PR1_Debounce = 0;
  2436   0023EE  6A09               	clrf	_PR1_Debounce^0,c
  2437   0023F0                     
  2438                           ;Photoresistor_lockbox.c: 242:     PR2_Debounce = 0;
  2439   0023F0  6A08               	clrf	_PR2_Debounce^0,c
  2440   0023F2                     
  2441                           ;Photoresistor_lockbox.c: 244:     PR1Prev = 0;
  2442   0023F2  6A07               	clrf	_PR1Prev^0,c
  2443   0023F4                     
  2444                           ;Photoresistor_lockbox.c: 245:     PR2Prev = 0;
  2445   0023F4  6A06               	clrf	_PR2Prev^0,c
  2446   0023F6  0012               	return		;funcret
  2447   0023F8                     __end_of_Reset_InputData:
  2448                           	callstack 0
  2449                           
  2450 ;; *************** function _RELAY_Off *****************
  2451 ;; Defined at:
  2452 ;;		line 182 in file "Photoresistor_lockbox.c"
  2453 ;; Parameters:    Size  Location     Type
  2454 ;;		None
  2455 ;; Auto vars:     Size  Location     Type
  2456 ;;		None
  2457 ;; Return value:  Size  Location     Type
  2458 ;;                  1    wreg      void 
  2459 ;; Registers used:
  2460 ;;		None
  2461 ;; Tracked objects:
  2462 ;;		On entry : 0/0
  2463 ;;		On exit  : 0/0
  2464 ;;		Unchanged: 0/0
  2465 ;; Data sizes:     COMRAM   BANK0   BANK1   BANK2   BANK3   BANK4   BANK5   BANK6   BANK7   BANK8   BANK9  BANK10  BANK1
      +1  BANK12  BANK13  BANK14  BANK15  BANK16  BANK17  BANK18  BANK19  BANK20  BANK21  BANK22  BANK23  BANK24  BANK25  BANK2
      +6  BANK27  BANK28  BANK29  BANK30  BANK31
  2466 ;;      Params:         0       0       0       0       0       0       0       0       0       0       0       0       
      +0       0       0       0       0       0       0       0       0       0       0       0       0       0       0       
      +0       0       0       0       0       0
  2467 ;;      Locals:         0       0       0       0       0       0       0       0       0       0       0       0       
      +0       0       0       0       0       0       0       0       0       0       0       0       0       0       0       
      +0       0       0       0       0       0
  2468 ;;      Temps:          0       0       0       0       0       0       0       0       0       0       0       0       
      +0       0       0       0       0       0       0       0       0       0       0       0       0       0       0       
      +0       0       0       0       0       0
  2469 ;;      Totals:         0       0       0       0       0       0       0       0       0       0       0       0       
      +0       0       0       0       0       0       0       0       0       0       0       0       0       0       0       
      +0       0       0       0       0       0
  2470 ;;Total ram usage:        0 bytes
  2471 ;; Hardware stack levels used: 1
  2472 ;; Hardware stack levels required when called: 1
  2473 ;; This function calls:
  2474 ;;		Nothing
  2475 ;; This function is called by:
  2476 ;;		_SYSTEM_Initialize
  2477 ;;		_Reset_To_Start
  2478 ;;		_Handle_CorrectCode
  2479 ;; This function uses a non-reentrant model
  2480 ;;
  2481                           
  2482                           	psect	text18
  2483   002466                     __ptext18:
  2484                           	callstack 0
  2485   002466                     _RELAY_Off:
  2486                           	callstack 26
  2487   002466                     
  2488                           ;Photoresistor_lockbox.c: 184:     LATBbits.LATB5 = 1;
  2489   002466  8ABB               	bsf	187,5,c	;volatile
  2490   002468  0012               	return		;funcret
  2491   00246A                     __end_of_RELAY_Off:
  2492                           	callstack 0
  2493                           
  2494 ;; *************** function _BUZZER_On *****************
  2495 ;; Defined at:
  2496 ;;		line 187 in file "Photoresistor_lockbox.c"
  2497 ;; Parameters:    Size  Location     Type
  2498 ;;		None
  2499 ;; Auto vars:     Size  Location     Type
  2500 ;;		None
  2501 ;; Return value:  Size  Location     Type
  2502 ;;                  1    wreg      void 
  2503 ;; Registers used:
  2504 ;;		None
  2505 ;; Tracked objects:
  2506 ;;		On entry : 0/0
  2507 ;;		On exit  : 0/0
  2508 ;;		Unchanged: 0/0
  2509 ;; Data sizes:     COMRAM   BANK0   BANK1   BANK2   BANK3   BANK4   BANK5   BANK6   BANK7   BANK8   BANK9  BANK10  BANK1
      +1  BANK12  BANK13  BANK14  BANK15  BANK16  BANK17  BANK18  BANK19  BANK20  BANK21  BANK22  BANK23  BANK24  BANK25  BANK2
      +6  BANK27  BANK28  BANK29  BANK30  BANK31
  2510 ;;      Params:         0       0       0       0       0       0       0       0       0       0       0       0       
      +0       0       0       0       0       0       0       0       0       0       0       0       0       0       0       
      +0       0       0       0       0       0
  2511 ;;      Locals:         0       0       0       0       0       0       0       0       0       0       0       0       
      +0       0       0       0       0       0       0       0       0       0       0       0       0       0       0       
      +0       0       0       0       0       0
  2512 ;;      Temps:          0       0       0       0       0       0       0       0       0       0       0       0       
      +0       0       0       0       0       0       0       0       0       0       0       0       0       0       0       
      +0       0       0       0       0       0
  2513 ;;      Totals:         0       0       0       0       0       0       0       0       0       0       0       0       
      +0       0       0       0       0       0       0       0       0       0       0       0       0       0       0       
      +0       0       0       0       0       0
  2514 ;;Total ram usage:        0 bytes
  2515 ;; Hardware stack levels used: 1
  2516 ;; Hardware stack levels required when called: 1
  2517 ;; This function calls:
  2518 ;;		Nothing
  2519 ;; This function is called by:
  2520 ;;		_Handle_WrongCode
  2521 ;;		_EmergencyOn
  2522 ;; This function uses a non-reentrant model
  2523 ;;
  2524                           
  2525                           	psect	text19
  2526   00246A                     __ptext19:
  2527                           	callstack 0
  2528   00246A                     _BUZZER_On:
  2529                           	callstack 27
  2530   00246A                     
  2531                           ;Photoresistor_lockbox.c: 189:     LATBbits.LATB7 = 1;
  2532   00246A  8EBB               	bsf	187,7,c	;volatile
  2533   00246C  0012               	return		;funcret
  2534   00246E                     __end_of_BUZZER_On:
  2535                           	callstack 0
  2536                           
  2537 ;; *************** function _BUZZER_Off *****************
  2538 ;; Defined at:
  2539 ;;		line 192 in file "Photoresistor_lockbox.c"
  2540 ;; Parameters:    Size  Location     Type
  2541 ;;		None
  2542 ;; Auto vars:     Size  Location     Type
  2543 ;;		None
  2544 ;; Return value:  Size  Location     Type
  2545 ;;                  1    wreg      void 
  2546 ;; Registers used:
  2547 ;;		None
  2548 ;; Tracked objects:
  2549 ;;		On entry : 0/0
  2550 ;;		On exit  : 0/0
  2551 ;;		Unchanged: 0/0
  2552 ;; Data sizes:     COMRAM   BANK0   BANK1   BANK2   BANK3   BANK4   BANK5   BANK6   BANK7   BANK8   BANK9  BANK10  BANK1
      +1  BANK12  BANK13  BANK14  BANK15  BANK16  BANK17  BANK18  BANK19  BANK20  BANK21  BANK22  BANK23  BANK24  BANK25  BANK2
      +6  BANK27  BANK28  BANK29  BANK30  BANK31
  2553 ;;      Params:         0       0       0       0       0       0       0       0       0       0       0       0       
      +0       0       0       0       0       0       0       0       0       0       0       0       0       0       0       
      +0       0       0       0       0       0
  2554 ;;      Locals:         0       0       0       0       0       0       0       0       0       0       0       0       
      +0       0       0       0       0       0       0       0       0       0       0       0       0       0       0       
      +0       0       0       0       0       0
  2555 ;;      Temps:          0       0       0       0       0       0       0       0       0       0       0       0       
      +0       0       0       0       0       0       0       0       0       0       0       0       0       0       0       
      +0       0       0       0       0       0
  2556 ;;      Totals:         0       0       0       0       0       0       0       0       0       0       0       0       
      +0       0       0       0       0       0       0       0       0       0       0       0       0       0       0       
      +0       0       0       0       0       0
  2557 ;;Total ram usage:        0 bytes
  2558 ;; Hardware stack levels used: 1
  2559 ;; Hardware stack levels required when called: 1
  2560 ;; This function calls:
  2561 ;;		Nothing
  2562 ;; This function is called by:
  2563 ;;		_SYSTEM_Initialize
  2564 ;;		_Handle_WrongCode
  2565 ;;		_EmergencyOn
  2566 ;; This function uses a non-reentrant model
  2567 ;;
  2568                           
  2569                           	psect	text20
  2570   00246E                     __ptext20:
  2571                           	callstack 0
  2572   00246E                     _BUZZER_Off:
  2573                           	callstack 27
  2574   00246E                     
  2575                           ;Photoresistor_lockbox.c: 194:     LATBbits.LATB7 = 0;
  2576   00246E  9EBB               	bcf	187,7,c	;volatile
  2577   002470  0012               	return		;funcret
  2578   002472                     __end_of_BUZZER_Off:
  2579                           	callstack 0
  2580                           
  2581 ;; *************** function _ISR_IOC *****************
  2582 ;; Defined at:
  2583 ;;		line 77 in file "Photoresistor_lockbox.c"
  2584 ;; Parameters:    Size  Location     Type
  2585 ;;		None
  2586 ;; Auto vars:     Size  Location     Type
  2587 ;;		None
  2588 ;; Return value:  Size  Location     Type
  2589 ;;                  1    wreg      void 
  2590 ;; Registers used:
  2591 ;;		wreg, status,2
  2592 ;; Tracked objects:
  2593 ;;		On entry : 0/0
  2594 ;;		On exit  : 0/0
  2595 ;;		Unchanged: 0/0
  2596 ;; Data sizes:     COMRAM   BANK0   BANK1   BANK2   BANK3   BANK4   BANK5   BANK6   BANK7   BANK8   BANK9  BANK10  BANK1
      +1  BANK12  BANK13  BANK14  BANK15  BANK16  BANK17  BANK18  BANK19  BANK20  BANK21  BANK22  BANK23  BANK24  BANK25  BANK2
      +6  BANK27  BANK28  BANK29  BANK30  BANK31
  2597 ;;      Params:         0       0       0       0       0       0       0       0       0       0       0       0       
      +0       0       0       0       0       0       0       0       0       0       0       0       0       0       0       
      +0       0       0       0       0       0
  2598 ;;      Locals:         0       0       0       0       0       0       0       0       0       0       0       0       
      +0       0       0       0       0       0       0       0       0       0       0       0       0       0       0       
      +0       0       0       0       0       0
  2599 ;;      Temps:          0       0       0       0       0       0       0       0       0       0       0       0       
      +0       0       0       0       0       0       0       0       0       0       0       0       0       0       0       
      +0       0       0       0       0       0
  2600 ;;      Totals:         0       0       0       0       0       0       0       0       0       0       0       0       
      +0       0       0       0       0       0       0       0       0       0       0       0       0       0       0       
      +0       0       0       0       0       0
  2601 ;;Total ram usage:        0 bytes
  2602 ;; Hardware stack levels used: 1
  2603 ;; This function calls:
  2604 ;;		Nothing
  2605 ;; This function is called by:
  2606 ;;		Interrupt level 2
  2607 ;; This function uses a non-reentrant model
  2608 ;;
  2609                           
  2610                           	psect	text21
  2611   002318                     __ptext21:
  2612                           	callstack 0
  2613   002318                     _ISR_IOC:
  2614                           	callstack 26
  2615   002318                     
  2616                           ;Photoresistor_lockbox.c: 79:     if (PIR0bits.IOCIF && IOCBFbits.IOCBF0)
  2617   002318  0139               	movlb	57	; () banked
  2618   00231A  AFA0               	btfss	160,7,b	;volatile
  2619   00231C  EF92  F011         	goto	i2u26_41
  2620   002320  EF94  F011         	goto	i2u26_40
  2621   002324                     i2u26_41:
  2622   002324  EFA3  F011         	goto	i2l88
  2623   002328                     i2u26_40:
  2624   002328                     
  2625                           ; BSR set to: 57
  2626   002328  013A               	movlb	58	; () banked
  2627   00232A  A157               	btfss	87,0,b	;volatile
  2628   00232C  EF9A  F011         	goto	i2u27_41
  2629   002330  EF9C  F011         	goto	i2u27_40
  2630   002334                     i2u27_41:
  2631   002334  EFA3  F011         	goto	i2l88
  2632   002338                     i2u27_40:
  2633   002338                     
  2634                           ; BSR set to: 58
  2635                           ;Photoresistor_lockbox.c: 80:     {;Photoresistor_lockbox.c: 81:         IOCBFbits.IOCBF
      +                          0 = 0;
  2636   002338  9157               	bcf	87,0,b	;volatile
  2637                           
  2638                           ;Photoresistor_lockbox.c: 82:         PIR0bits.IOCIF = 0;
  2639   00233A  0139               	movlb	57	; () banked
  2640   00233C  9FA0               	bcf	160,7,b	;volatile
  2641   00233E                     
  2642                           ; BSR set to: 57
  2643                           ;Photoresistor_lockbox.c: 84:         Check_Emergency_SW = 1;
  2644   00233E  0E01               	movlw	1
  2645   002340  6E0C               	movwf	_Check_Emergency_SW^0,c	;volatile
  2646                           
  2647                           ;Photoresistor_lockbox.c: 85:         SystemState = Emergency_Pressed;
  2648   002342  0E05               	movlw	5
  2649   002344  6E05               	movwf	_SystemState^0,c
  2650   002346                     i2l88:
  2651   002346  0011               	retfie		f
  2652   002348                     __end_of_ISR_IOC:
  2653                           	callstack 0
  2654                           
  2655                           ;
  2656                           ; H/W Interrupt Vector Table @ 0x8
  2657                           ;
  2658                           
  2659                           	psect	ivt0x8
  2660   000008                     __pivt0x8:
  2661                           	callstack 0
  2662   000008                     ivt0x8_base:
  2663                           	callstack 0
  2664                           
  2665                           ; Vector 0 : SWINT
  2666   000008  002B               	dw	ivt0x8_undefint shr (0+2)
  2667                           
  2668                           ; Vector 1 : HLVD
  2669   00000A  002B               	dw	ivt0x8_undefint shr (0+2)
  2670                           
  2671                           ; Vector 2 : OSF
  2672   00000C  002B               	dw	ivt0x8_undefint shr (0+2)
  2673                           
  2674                           ; Vector 3 : CSW
  2675   00000E  002B               	dw	ivt0x8_undefint shr (0+2)
  2676                           
  2677                           ; Vector 4 : NVM
  2678   000010  002B               	dw	ivt0x8_undefint shr (0+2)
  2679                           
  2680                           ; Vector 5 : SCAN
  2681   000012  002B               	dw	ivt0x8_undefint shr (0+2)
  2682                           
  2683                           ; Vector 6 : CRC
  2684   000014  002B               	dw	ivt0x8_undefint shr (0+2)
  2685                           
  2686                           ; Vector 7 : IOC
  2687   000016  08C6               	dw	_ISR_IOC shr (0+2)
  2688                           
  2689                           ; Vector 8 : INT0
  2690   000018  002B               	dw	ivt0x8_undefint shr (0+2)
  2691                           
  2692                           ; Vector 9 : ZCD
  2693   00001A  002B               	dw	ivt0x8_undefint shr (0+2)
  2694                           
  2695                           ; Vector 10 : AD
  2696   00001C  002B               	dw	ivt0x8_undefint shr (0+2)
  2697                           
  2698                           ; Vector 11 : ADT
  2699   00001E  002B               	dw	ivt0x8_undefint shr (0+2)
  2700                           
  2701                           ; Vector 12 : CMP1
  2702   000020  002B               	dw	ivt0x8_undefint shr (0+2)
  2703                           
  2704                           ; Vector 13 : SMT1
  2705   000022  002B               	dw	ivt0x8_undefint shr (0+2)
  2706                           
  2707                           ; Vector 14 : SMT1PRA
  2708   000024  002B               	dw	ivt0x8_undefint shr (0+2)
  2709                           
  2710                           ; Vector 15 : SMT1PRW
  2711   000026  002B               	dw	ivt0x8_undefint shr (0+2)
  2712                           
  2713                           ; Vector 16 : DMA1SCNT
  2714   000028  002B               	dw	ivt0x8_undefint shr (0+2)
  2715                           
  2716                           ; Vector 17 : DMA1DCNT
  2717   00002A  002B               	dw	ivt0x8_undefint shr (0+2)
  2718                           
  2719                           ; Vector 18 : DMA1OR
  2720   00002C  002B               	dw	ivt0x8_undefint shr (0+2)
  2721                           
  2722                           ; Vector 19 : DMA1A
  2723   00002E  002B               	dw	ivt0x8_undefint shr (0+2)
  2724                           
  2725                           ; Vector 20 : SPI1RX
  2726   000030  002B               	dw	ivt0x8_undefint shr (0+2)
  2727                           
  2728                           ; Vector 21 : SPI1TX
  2729   000032  002B               	dw	ivt0x8_undefint shr (0+2)
  2730                           
  2731                           ; Vector 22 : SPI1
  2732   000034  002B               	dw	ivt0x8_undefint shr (0+2)
  2733                           
  2734                           ; Vector 23 : I2C1RX
  2735   000036  002B               	dw	ivt0x8_undefint shr (0+2)
  2736                           
  2737                           ; Vector 24 : I2C1TX
  2738   000038  002B               	dw	ivt0x8_undefint shr (0+2)
  2739                           
  2740                           ; Vector 25 : I2C1
  2741   00003A  002B               	dw	ivt0x8_undefint shr (0+2)
  2742                           
  2743                           ; Vector 26 : I2C1E
  2744   00003C  002B               	dw	ivt0x8_undefint shr (0+2)
  2745                           
  2746                           ; Vector 27 : U1RX
  2747   00003E  002B               	dw	ivt0x8_undefint shr (0+2)
  2748                           
  2749                           ; Vector 28 : U1TX
  2750   000040  002B               	dw	ivt0x8_undefint shr (0+2)
  2751                           
  2752                           ; Vector 29 : U1E
  2753   000042  002B               	dw	ivt0x8_undefint shr (0+2)
  2754                           
  2755                           ; Vector 30 : U1
  2756   000044  002B               	dw	ivt0x8_undefint shr (0+2)
  2757                           
  2758                           ; Vector 31 : TMR0
  2759   000046  002B               	dw	ivt0x8_undefint shr (0+2)
  2760                           
  2761                           ; Vector 32 : TMR1
  2762   000048  002B               	dw	ivt0x8_undefint shr (0+2)
  2763                           
  2764                           ; Vector 33 : TMR1G
  2765   00004A  002B               	dw	ivt0x8_undefint shr (0+2)
  2766                           
  2767                           ; Vector 34 : TMR2
  2768   00004C  002B               	dw	ivt0x8_undefint shr (0+2)
  2769                           
  2770                           ; Vector 35 : CCP1
  2771   00004E  002B               	dw	ivt0x8_undefint shr (0+2)
  2772                           
  2773                           ; Vector 36 : Undefined
  2774   000050  002B               	dw	ivt0x8_undefint shr (0+2)
  2775                           
  2776                           ; Vector 37 : NCO1
  2777   000052  002B               	dw	ivt0x8_undefint shr (0+2)
  2778                           
  2779                           ; Vector 38 : CWG1
  2780   000054  002B               	dw	ivt0x8_undefint shr (0+2)
  2781                           
  2782                           ; Vector 39 : CLC1
  2783   000056  002B               	dw	ivt0x8_undefint shr (0+2)
  2784                           
  2785                           ; Vector 40 : INT1
  2786   000058  002B               	dw	ivt0x8_undefint shr (0+2)
  2787                           
  2788                           ; Vector 41 : CMP2
  2789   00005A  002B               	dw	ivt0x8_undefint shr (0+2)
  2790                           
  2791                           ; Vector 42 : DMA2SCNT
  2792   00005C  002B               	dw	ivt0x8_undefint shr (0+2)
  2793                           
  2794                           ; Vector 43 : DMA2DCNT
  2795   00005E  002B               	dw	ivt0x8_undefint shr (0+2)
  2796                           
  2797                           ; Vector 44 : DMA2OR
  2798   000060  002B               	dw	ivt0x8_undefint shr (0+2)
  2799                           
  2800                           ; Vector 45 : DMA2A
  2801   000062  002B               	dw	ivt0x8_undefint shr (0+2)
  2802                           
  2803                           ; Vector 46 : I2C2RX
  2804   000064  002B               	dw	ivt0x8_undefint shr (0+2)
  2805                           
  2806                           ; Vector 47 : I2C2TX
  2807   000066  002B               	dw	ivt0x8_undefint shr (0+2)
  2808                           
  2809                           ; Vector 48 : I2C2
  2810   000068  002B               	dw	ivt0x8_undefint shr (0+2)
  2811                           
  2812                           ; Vector 49 : I2C2E
  2813   00006A  002B               	dw	ivt0x8_undefint shr (0+2)
  2814                           
  2815                           ; Vector 50 : U2RX
  2816   00006C  002B               	dw	ivt0x8_undefint shr (0+2)
  2817                           
  2818                           ; Vector 51 : U2TX
  2819   00006E  002B               	dw	ivt0x8_undefint shr (0+2)
  2820                           
  2821                           ; Vector 52 : U2E
  2822   000070  002B               	dw	ivt0x8_undefint shr (0+2)
  2823                           
  2824                           ; Vector 53 : U2
  2825   000072  002B               	dw	ivt0x8_undefint shr (0+2)
  2826                           
  2827                           ; Vector 54 : TMR3
  2828   000074  002B               	dw	ivt0x8_undefint shr (0+2)
  2829                           
  2830                           ; Vector 55 : TMR3G
  2831   000076  002B               	dw	ivt0x8_undefint shr (0+2)
  2832                           
  2833                           ; Vector 56 : TMR4
  2834   000078  002B               	dw	ivt0x8_undefint shr (0+2)
  2835                           
  2836                           ; Vector 57 : CCP2
  2837   00007A  002B               	dw	ivt0x8_undefint shr (0+2)
  2838                           
  2839                           ; Vector 58 : Undefined
  2840   00007C  002B               	dw	ivt0x8_undefint shr (0+2)
  2841                           
  2842                           ; Vector 59 : CWG2
  2843   00007E  002B               	dw	ivt0x8_undefint shr (0+2)
  2844                           
  2845                           ; Vector 60 : CLC2
  2846   000080  002B               	dw	ivt0x8_undefint shr (0+2)
  2847                           
  2848                           ; Vector 61 : INT2
  2849   000082  002B               	dw	ivt0x8_undefint shr (0+2)
  2850                           
  2851                           ; Vector 62 : Undefined
  2852   000084  002B               	dw	ivt0x8_undefint shr (0+2)
  2853                           
  2854                           ; Vector 63 : Undefined
  2855   000086  002B               	dw	ivt0x8_undefint shr (0+2)
  2856                           
  2857                           ; Vector 64 : Undefined
  2858   000088  002B               	dw	ivt0x8_undefint shr (0+2)
  2859                           
  2860                           ; Vector 65 : Undefined
  2861   00008A  002B               	dw	ivt0x8_undefint shr (0+2)
  2862                           
  2863                           ; Vector 66 : Undefined
  2864   00008C  002B               	dw	ivt0x8_undefint shr (0+2)
  2865                           
  2866                           ; Vector 67 : Undefined
  2867   00008E  002B               	dw	ivt0x8_undefint shr (0+2)
  2868                           
  2869                           ; Vector 68 : Undefined
  2870   000090  002B               	dw	ivt0x8_undefint shr (0+2)
  2871                           
  2872                           ; Vector 69 : Undefined
  2873   000092  002B               	dw	ivt0x8_undefint shr (0+2)
  2874                           
  2875                           ; Vector 70 : TMR5
  2876   000094  002B               	dw	ivt0x8_undefint shr (0+2)
  2877                           
  2878                           ; Vector 71 : TMR5G
  2879   000096  002B               	dw	ivt0x8_undefint shr (0+2)
  2880                           
  2881                           ; Vector 72 : TMR6
  2882   000098  002B               	dw	ivt0x8_undefint shr (0+2)
  2883                           
  2884                           ; Vector 73 : CCP3
  2885   00009A  002B               	dw	ivt0x8_undefint shr (0+2)
  2886                           
  2887                           ; Vector 74 : CWG3
  2888   00009C  002B               	dw	ivt0x8_undefint shr (0+2)
  2889                           
  2890                           ; Vector 75 : CLC3
  2891   00009E  002B               	dw	ivt0x8_undefint shr (0+2)
  2892                           
  2893                           ; Vector 76 : Undefined
  2894   0000A0  002B               	dw	ivt0x8_undefint shr (0+2)
  2895                           
  2896                           ; Vector 77 : Undefined
  2897   0000A2  002B               	dw	ivt0x8_undefint shr (0+2)
  2898                           
  2899                           ; Vector 78 : Undefined
  2900   0000A4  002B               	dw	ivt0x8_undefint shr (0+2)
  2901                           
  2902                           ; Vector 79 : Undefined
  2903   0000A6  002B               	dw	ivt0x8_undefint shr (0+2)
  2904                           
  2905                           ; Vector 80 : CCP4
  2906   0000A8  002B               	dw	ivt0x8_undefint shr (0+2)
  2907                           
  2908                           ; Vector 81 : CLC4
  2909   0000AA  002B               	dw	ivt0x8_undefint shr (0+2)
  2910   0000AC                     ivt0x8_undefint:
  2911                           	callstack 0
  2912   0000AC  00FF               	reset	
  2913                           
  2914                           	psect	rparam
  2915   000001                     ___rparam_used  equ	1
  2916   000000                     ___param_bank   equ	0
  2917   000000                     __Lparam        equ	__Lrparam
  2918   000000                     __Hparam        equ	__Hrparam
  2919                           
  2920                           	psect	config
  2921                           
  2922                           ;Config register CONFIG1L @ 0x300000
  2923                           ;	External Oscillator Selection
  2924                           ;	FEXTOSC = LP, LP (crystal oscillator) optimized for 32.768 kHz; PFM set to low power
  2925                           ;	Reset Oscillator Selection
  2926                           ;	RSTOSC = EXTOSC, EXTOSC operating per FEXTOSC bits (device manufacturing default)
  2927   300000                     	org	3145728
  2928   300000  F8                 	db	248
  2929                           
  2930                           ;Config register CONFIG1H @ 0x300001
  2931                           ;	Clock out Enable bit
  2932                           ;	CLKOUTEN = OFF, CLKOUT function is disabled
  2933                           ;	PRLOCKED One-Way Set Enable bit
  2934                           ;	PR1WAY = ON, PRLOCK bit can be cleared and set only once
  2935                           ;	Clock Switch Enable bit
  2936                           ;	CSWEN = ON, Writing to NOSC and NDIV is allowed
  2937                           ;	Fail-Safe Clock Monitor Enable bit
  2938                           ;	FCMEN = ON, Fail-Safe Clock Monitor enabled
  2939   300001                     	org	3145729
  2940   300001  FF                 	db	255
  2941                           
  2942                           ;Config register CONFIG2L @ 0x300002
  2943                           ;	MCLR Enable bit
  2944                           ;	MCLRE = EXTMCLR, If LVP = 0, MCLR pin is MCLR; If LVP = 1, RE3 pin function is MCLR
  2945                           ;	Power-up timer selection bits
  2946                           ;	PWRTS = PWRT_OFF, PWRT is disabled
  2947                           ;	Multi-vector enable bit
  2948                           ;	MVECEN = ON, Multi-vector enabled, Vector table used for interrupts
  2949                           ;	IVTLOCK bit One-way set enable bit
  2950                           ;	IVT1WAY = ON, IVTLOCK bit can be cleared and set only once
  2951                           ;	Low Power BOR Enable bit
  2952                           ;	LPBOREN = OFF, ULPBOR disabled
  2953                           ;	Brown-out Reset Enable bits
  2954                           ;	BOREN = SBORDIS, Brown-out Reset enabled , SBOREN bit is ignored
  2955   300002                     	org	3145730
  2956   300002  FF                 	db	255
  2957                           
  2958                           ;Config register CONFIG2H @ 0x300003
  2959                           ;	Brown-out Reset Voltage Selection bits
  2960                           ;	BORV = VBOR_2P45, Brown-out Reset Voltage (VBOR) set to 2.45V
  2961                           ;	ZCD Disable bit
  2962                           ;	ZCD = OFF, ZCD disabled. ZCD can be enabled by setting the ZCDSEN bit of ZCDCON
  2963                           ;	PPSLOCK bit One-Way Set Enable bit
  2964                           ;	PPS1WAY = ON, PPSLOCK bit can be cleared and set only once; PPS registers remain locke
      +                          d after one clear/set cycle
  2965                           ;	Stack Full/Underflow Reset Enable bit
  2966                           ;	STVREN = ON, Stack full/underflow will cause Reset
  2967                           ;	Debugger Enable bit
  2968                           ;	DEBUG = OFF, Background debugger disabled
  2969                           ;	Extended Instruction Set Enable bit
  2970                           ;	XINST = OFF, Extended Instruction Set and Indexed Addressing Mode disabled
  2971   300003                     	org	3145731
  2972   300003  FF                 	db	255
  2973                           
  2974                           ;Config register CONFIG3L @ 0x300004
  2975                           ;	WDT Period selection bits
  2976                           ;	WDTCPS = WDTCPS_31, Divider ratio 1:65536; software control of WDTPS
  2977                           ;	WDT operating mode
  2978                           ;	WDTE = OFF, WDT Disabled; SWDTEN is ignored
  2979   300004                     	org	3145732
  2980   300004  9F                 	db	159
  2981                           
  2982                           ;Config register CONFIG3H @ 0x300005
  2983                           ;	WDT Window Select bits
  2984                           ;	WDTCWS = WDTCWS_7, window always open (100%); software control; keyed access not requi
      +                          red
  2985                           ;	WDT input clock selector
  2986                           ;	WDTCCS = SC, Software Control
  2987   300005                     	org	3145733
  2988   300005  FF                 	db	255
  2989                           
  2990                           ;Config register CONFIG4L @ 0x300006
  2991                           ;	Boot Block Size selection bits
  2992                           ;	BBSIZE = BBSIZE_512, Boot Block size is 512 words
  2993                           ;	Boot Block enable bit
  2994                           ;	BBEN = OFF, Boot block disabled
  2995                           ;	Storage Area Flash enable bit
  2996                           ;	SAFEN = OFF, SAF disabled
  2997                           ;	Application Block write protection bit
  2998                           ;	WRTAPP = OFF, Application Block not write protected
  2999   300006                     	org	3145734
  3000   300006  FF                 	db	255
  3001                           
  3002                           ;Config register CONFIG4H @ 0x300007
  3003                           ;	Boot Block Write Protection bit
  3004                           ;	WRTB = OFF, Boot Block not write-protected
  3005                           ;	Configuration Register Write Protection bit
  3006                           ;	WRTC = OFF, Configuration registers not write-protected
  3007                           ;	Data EEPROM Write Protection bit
  3008                           ;	WRTD = OFF, Data EEPROM not write-protected
  3009                           ;	SAF Write protection bit
  3010                           ;	WRTSAF = OFF, SAF not Write Protected
  3011                           ;	Low Voltage Programming Enable bit
  3012                           ;	LVP = ON, Low voltage programming enabled. MCLR/VPP pin function is MCLR. MCLRE config
      +                          uration bit is ignored
  3013   300007                     	org	3145735
  3014   300007  FF                 	db	255
  3015                           
  3016                           ;Config register CONFIG5L @ 0x300008
  3017                           ;	PFM and Data EEPROM Code Protection bit
  3018                           ;	CP = OFF, PFM and Data EEPROM code protection disabled
  3019   300008                     	org	3145736
  3020   300008  FF                 	db	255
  3021                           
  3022                           ;Config register CONFIG5H @ 0x300009
  3023                           ;	unspecified, using default values
  3024   300009                     	org	3145737
  3025   300009  FF                 	db	255
  3026                           tosu	equ	0x3FFF
  3027                           tosh	equ	0x3FFE
  3028                           tosl	equ	0x3FFD
  3029                           stkptr	equ	0x3FFC
  3030                           pclatu	equ	0x3FFB
  3031                           pclath	equ	0x3FFA
  3032                           pcl	equ	0x3FF9
  3033                           tblptru	equ	0x3FF8
  3034                           tblptrh	equ	0x3FF7
  3035                           tblptrl	equ	0x3FF6
  3036                           tablat	equ	0x3FF5
  3037                           prodh	equ	0x3FF4
  3038                           prodl	equ	0x3FF3
  3039                           indf0	equ	0x3FEF
  3040                           postinc0	equ	0x3FEE
  3041                           postdec0	equ	0x3FED
  3042                           preinc0	equ	0x3FEC
  3043                           plusw0	equ	0x3FEB
  3044                           fsr0h	equ	0x3FEA
  3045                           fsr0l	equ	0x3FE9
  3046                           wreg	equ	0x3FE8
  3047                           indf1	equ	0x3FE7
  3048                           postinc1	equ	0x3FE6
  3049                           postdec1	equ	0x3FE5
  3050                           preinc1	equ	0x3FE4
  3051                           plusw1	equ	0x3FE3
  3052                           fsr1h	equ	0x3FE2
  3053                           fsr1l	equ	0x3FE1
  3054                           bsr	equ	0x3FE0
  3055                           indf2	equ	0x3FDF
  3056                           postinc2	equ	0x3FDE
  3057                           postdec2	equ	0x3FDD
  3058                           preinc2	equ	0x3FDC
  3059                           plusw2	equ	0x3FDB
  3060                           fsr2h	equ	0x3FDA
  3061                           fsr2l	equ	0x3FD9
  3062                           status	equ	0x3FD8

Data Sizes:
    Strings     0
    Constant    10
    Data        0
    BSS         12
    Persistent  0
    Stack       0

Auto Spaces:
    Space          Size  Autos    Used
    COMRAM           95      8      20
    BANK0           160      0       0
    BANK1           256      0       0
    BANK2           256      0       0
    BANK3           256      0       0
    BANK4           256      0       0
    BANK5           256      0       0
    BANK6           256      0       0
    BANK7           256      0       0
    BANK8           256      0       0
    BANK9           256      0       0
    BANK10          256      0       0
    BANK11          256      0       0
    BANK12          256      0       0
    BANK13          256      0       0
    BANK14          256      0       0
    BANK15          256      0       0
    BANK16          256      0       0
    BANK17          256      0       0
    BANK18          256      0       0
    BANK19          256      0       0
    BANK20          256      0       0
    BANK21          256      0       0
    BANK22          256      0       0
    BANK23          256      0       0
    BANK24          256      0       0
    BANK25          256      0       0
    BANK26          256      0       0
    BANK27          256      0       0
    BANK28          256      0       0
    BANK29          256      0       0
    BANK30          256      0       0
    BANK31          256      0       0

Pointer List with Targets:

    None.

Critical Paths under _main in COMRAM

    _main->_Update_SensorsAndCounts
    _Update_SensorsAndCounts->_Seg7_Display
    _Process_System->_EmergencyOn
    _Handle_WrongCode->_DelayMs_Blocking
    _Handle_CorrectCode->_DelayMs_Blocking

Critical Paths under _ISR_IOC in COMRAM

    None.

Critical Paths under _main in BANK0

    None.

Critical Paths under _ISR_IOC in BANK0

    None.

Critical Paths under _main in BANK1

    None.

Critical Paths under _ISR_IOC in BANK1

    None.

Critical Paths under _main in BANK2

    None.

Critical Paths under _ISR_IOC in BANK2

    None.

Critical Paths under _main in BANK3

    None.

Critical Paths under _ISR_IOC in BANK3

    None.

Critical Paths under _main in BANK4

    None.

Critical Paths under _ISR_IOC in BANK4

    None.

Critical Paths under _main in BANK5

    None.

Critical Paths under _ISR_IOC in BANK5

    None.

Critical Paths under _main in BANK6

    None.

Critical Paths under _ISR_IOC in BANK6

    None.

Critical Paths under _main in BANK7

    None.

Critical Paths under _ISR_IOC in BANK7

    None.

Critical Paths under _main in BANK8

    None.

Critical Paths under _ISR_IOC in BANK8

    None.

Critical Paths under _main in BANK9

    None.

Critical Paths under _ISR_IOC in BANK9

    None.

Critical Paths under _main in BANK10

    None.

Critical Paths under _ISR_IOC in BANK10

    None.

Critical Paths under _main in BANK11

    None.

Critical Paths under _ISR_IOC in BANK11

    None.

Critical Paths under _main in BANK12

    None.

Critical Paths under _ISR_IOC in BANK12

    None.

Critical Paths under _main in BANK13

    None.

Critical Paths under _ISR_IOC in BANK13

    None.

Critical Paths under _main in BANK14

    None.

Critical Paths under _ISR_IOC in BANK14

    None.

Critical Paths under _main in BANK15

    None.

Critical Paths under _ISR_IOC in BANK15

    None.

Critical Paths under _main in BANK16

    None.

Critical Paths under _ISR_IOC in BANK16

    None.

Critical Paths under _main in BANK17

    None.

Critical Paths under _ISR_IOC in BANK17

    None.

Critical Paths under _main in BANK18

    None.

Critical Paths under _ISR_IOC in BANK18

    None.

Critical Paths under _main in BANK19

    None.

Critical Paths under _ISR_IOC in BANK19

    None.

Critical Paths under _main in BANK20

    None.

Critical Paths under _ISR_IOC in BANK20

    None.

Critical Paths under _main in BANK21

    None.

Critical Paths under _ISR_IOC in BANK21

    None.

Critical Paths under _main in BANK22

    None.

Critical Paths under _ISR_IOC in BANK22

    None.

Critical Paths under _main in BANK23

    None.

Critical Paths under _ISR_IOC in BANK23

    None.

Critical Paths under _main in BANK24

    None.

Critical Paths under _ISR_IOC in BANK24

    None.

Critical Paths under _main in BANK25

    None.

Critical Paths under _ISR_IOC in BANK25

    None.

Critical Paths under _main in BANK26

    None.

Critical Paths under _ISR_IOC in BANK26

    None.

Critical Paths under _main in BANK27

    None.

Critical Paths under _ISR_IOC in BANK27

    None.

Critical Paths under _main in BANK28

    None.

Critical Paths under _ISR_IOC in BANK28

    None.

Critical Paths under _main in BANK29

    None.

Critical Paths under _ISR_IOC in BANK29

    None.

Critical Paths under _main in BANK30

    None.

Critical Paths under _ISR_IOC in BANK30

    None.

Critical Paths under _main in BANK31

    None.

Critical Paths under _ISR_IOC in BANK31

    None.

Call Graph Tables:

 ---------------------------------------------------------------------------------
 (Depth) Function   	        Calls       Base Space   Used Autos Params    Refs
 ---------------------------------------------------------------------------------
 (0) _main                                                 1     1      0     213
                                              7 COMRAM     1     1      0
                        _EmergencyOn
                     _Process_System
                     _Reset_To_Start
                  _SYSTEM_Initialize
                         _SYS_LED_On
            _Update_SensorsAndCounts
 ---------------------------------------------------------------------------------
 (1) _Update_SensorsAndCounts                              4     4      0     105
                                              3 COMRAM     4     4      0
                       _PR1_IsActive
                       _PR2_IsActive
                       _Seg7_Display
 ---------------------------------------------------------------------------------
 (2) _Seg7_Display                                         3     3      0      45
                                              0 COMRAM     3     3      0
 ---------------------------------------------------------------------------------
 (2) _PR2_IsActive                                         0     0      0       0
 ---------------------------------------------------------------------------------
 (2) _PR1_IsActive                                         0     0      0       0
 ---------------------------------------------------------------------------------
 (1) _SYS_LED_On                                           0     0      0       0
 ---------------------------------------------------------------------------------
 (1) _SYSTEM_Initialize                                    0     0      0       0
                         _BUZZER_Off
               _Emergency_Initialize
                    _GPIO_Initialize
                          _RELAY_Off
                          _SEG_Clear
 ---------------------------------------------------------------------------------
 (2) _GPIO_Initialize                                      0     0      0       0
 ---------------------------------------------------------------------------------
 (2) _Emergency_Initialize                                 0     0      0       0
 ---------------------------------------------------------------------------------
 (1) _Process_System                                       2     2      0      78
                                              3 COMRAM     2     2      0
                        _EmergencyOn
                 _Handle_CorrectCode
                   _Handle_WrongCode
                     _Reset_To_Start
 ---------------------------------------------------------------------------------
 (2) _Handle_WrongCode                                     0     0      0      24
                         _BUZZER_Off
                          _BUZZER_On
                   _DelayMs_Blocking
                          _SEG_Clear
 ---------------------------------------------------------------------------------
 (2) _Handle_CorrectCode                                   0     0      0      24
                   _DelayMs_Blocking
                          _RELAY_Off
                           _RELAY_On
                          _SEG_Clear
 ---------------------------------------------------------------------------------
 (3) _RELAY_On                                             0     0      0       0
 ---------------------------------------------------------------------------------
 (3) _DelayMs_Blocking                                     2     0      2      24
                                              0 COMRAM     2     0      2
 ---------------------------------------------------------------------------------
 (2) _EmergencyOn                                          3     3      0      30
                                              0 COMRAM     3     3      0
                         _BUZZER_Off
                          _BUZZER_On
                     _Reset_To_Start
 ---------------------------------------------------------------------------------
 (3) _Reset_To_Start                                       0     0      0       0
                          _RELAY_Off
                    _Reset_InputData
                          _SEG_Clear
 ---------------------------------------------------------------------------------
 (4) _SEG_Clear                                            0     0      0       0
 ---------------------------------------------------------------------------------
 (4) _Reset_InputData                                      0     0      0       0
 ---------------------------------------------------------------------------------
 (4) _RELAY_Off                                            0     0      0       0
 ---------------------------------------------------------------------------------
 (3) _BUZZER_On                                            0     0      0       0
 ---------------------------------------------------------------------------------
 (3) _BUZZER_Off                                           0     0      0       0
 ---------------------------------------------------------------------------------
 Estimated maximum stack depth 4
 ---------------------------------------------------------------------------------
 (Depth) Function   	        Calls       Base Space   Used Autos Params    Refs
 ---------------------------------------------------------------------------------
 (5) _ISR_IOC                                              0     0      0       0
 ---------------------------------------------------------------------------------
 Estimated maximum stack depth 5
 ---------------------------------------------------------------------------------

 Call Graph Graphs:

 _main (ROOT)
   _EmergencyOn
     _BUZZER_Off
     _BUZZER_On
     _Reset_To_Start
       _RELAY_Off
       _Reset_InputData
       _SEG_Clear
   _Process_System
     _EmergencyOn
     _Handle_CorrectCode
       _DelayMs_Blocking
       _RELAY_Off
       _RELAY_On
       _SEG_Clear
     _Handle_WrongCode
       _BUZZER_Off
       _BUZZER_On
       _DelayMs_Blocking
       _SEG_Clear
     _Reset_To_Start
   _Reset_To_Start
   _SYSTEM_Initialize
     _BUZZER_Off
     _Emergency_Initialize
     _GPIO_Initialize
     _RELAY_Off
     _SEG_Clear
   _SYS_LED_On
   _Update_SensorsAndCounts
     _PR1_IsActive
     _PR2_IsActive
     _Seg7_Display

 _ISR_IOC (ROOT)

Address spaces:
Name               Size   Autos  Total    Usage
BIGRAM            8191      0       0      0.0%
BITBIGSFRlh       1397      0       0      0.0%
BITBIGSFRllll      400      0       0      0.0%
BITBANK31          256      0       0      0.0%
BANK31             256      0       0      0.0%
BITBANK30          256      0       0      0.0%
BANK30             256      0       0      0.0%
BITBANK29          256      0       0      0.0%
BANK29             256      0       0      0.0%
BITBANK28          256      0       0      0.0%
BANK28             256      0       0      0.0%
BITBANK27          256      0       0      0.0%
BANK27             256      0       0      0.0%
BITBANK26          256      0       0      0.0%
BANK26             256      0       0      0.0%
BITBANK25          256      0       0      0.0%
BANK25             256      0       0      0.0%
BITBANK24          256      0       0      0.0%
BANK24             256      0       0      0.0%
BITBANK23          256      0       0      0.0%
BANK23             256      0       0      0.0%
BITBANK22          256      0       0      0.0%
BANK22             256      0       0      0.0%
BITBANK21          256      0       0      0.0%
BANK21             256      0       0      0.0%
BITBANK20          256      0       0      0.0%
BANK20             256      0       0      0.0%
BITBANK19          256      0       0      0.0%
BANK19             256      0       0      0.0%
BITBANK18          256      0       0      0.0%
BANK18             256      0       0      0.0%
BITBANK17          256      0       0      0.0%
BANK17             256      0       0      0.0%
BITBANK16          256      0       0      0.0%
BANK16             256      0       0      0.0%
BITBANK15          256      0       0      0.0%
BANK15             256      0       0      0.0%
BITBANK14          256      0       0      0.0%
BANK14             256      0       0      0.0%
BITBANK13          256      0       0      0.0%
BANK13             256      0       0      0.0%
BITBANK12          256      0       0      0.0%
BANK12             256      0       0      0.0%
BITBANK11          256      0       0      0.0%
BANK11             256      0       0      0.0%
BITBANK10          256      0       0      0.0%
BANK10             256      0       0      0.0%
BITBANK9           256      0       0      0.0%
BANK9              256      0       0      0.0%
BITBANK8           256      0       0      0.0%
BANK8              256      0       0      0.0%
BITBANK7           256      0       0      0.0%
BANK7              256      0       0      0.0%
BITBANK6           256      0       0      0.0%
BANK6              256      0       0      0.0%
BITBANK5           256      0       0      0.0%
BANK5              256      0       0      0.0%
BITBANK4           256      0       0      0.0%
BANK4              256      0       0      0.0%
BITBANK3           256      0       0      0.0%
BANK3              256      0       0      0.0%
BITBANK2           256      0       0      0.0%
BANK2              256      0       0      0.0%
BITBANK1           256      0       0      0.0%
BANK1              256      0       0      0.0%
BITBIGSFRlllh      192      0       0      0.0%
BITBANK0           160      0       0      0.0%
BANK0              160      0       0      0.0%
BITCOMRAM           95      0       0      0.0%
COMRAM              95      8      20     21.1%
BITBIGSFRh          52      0       0      0.0%
BITBIGSFRllh         3      0       0      0.0%
STACK                0      0       0      0.0%
DATA                 0      0      20      0.0%


Microchip Technology PIC18 Macro Assembler V3.10 build 20250813170317 
Symbol Table                                                                                   Thu Apr 16 15:29:53 2026

        ??_Update_SensorsAndCounts 0010                                 u20 2296  
                               u21 2292                                 u30 22F4  
                               u31 22F0                                 u40 2432  
                               u41 242C                                 u50 2434  
                               u60 241E                                 u61 2418  
                               u70 2420                                 u80 2028  
                               u81 2024                                 u90 203A  
                               u91 2036                                l100 240C  
                              l103 23A8                                l121 246C  
                              l106 2448                                l131 2464  
                              l115 2460                                l124 2470  
                              l140 23F6                                l109 245C  
                              l118 2468                                l134 2434  
                              l143 2458                                l128 2316  
                              l137 2420                                l153 213E  
                              l181 23C2                                l175 2248  
                              l159 2146                                l192 236E  
                              l185 2296                                l186 229C  
                              l178 23DC                                l980 2462  
                              l990 23F2                                l982 23DE  
                              l992 23F4                                l984 23E2  
                              l978 2466                                l986 23EE  
                              l994 244A                                l988 23F0  
                              l996 244E                                l998 2450  
                              u100 2050                                u101 204C  
                              u110 2060                                u111 205C  
                              u120 2070                                u121 206C  
                              u130 2080                                u131 207C  
                              u300 215C                                u140 20A2  
                              u301 2158                                u141 209E  
                              u310 2172                                u150 20BA  
                              u311 216E                                u151 20B6  
                              u320 2190                                u160 20CA  
                              u321 218C                                u161 20C6  
                              u330 21A6                                u170 20DA  
                              u331 21A2                                u171 20D6  
                              u340 21C0                                u180 20EA  
                              u341 21BC                                u181 20E6  
                              u350 21D2                                u190 210C  
                              u407 2276                                u351 21CE  
                              u191 2108                                u360 22BA  
                              u361 22B6                                u290 236E  
                              u291 236A                                u377 22D0  
                              u387 234E                                u397 225A  
                      ?_BUZZER_Off 000D                                wreg 3FE8  
                   ??_Seg7_Display 000D                               l1000 2454  
                             l1002 246E                               l1020 224C  
                             l1004 245E                               l1100 20AA  
                             l1006 246A                               l1022 2250  
                             l1014 224A                               l1030 238E  
                             l1110 20EC                               l1102 20BA  
                             l1024 2268                               l1032 2436  
                             l1040 2310                               l1112 20F2  
                             l1104 20CA                               l1026 2284  
                             l1042 2422                               l1034 22E2  
                             l1114 20F8                               l1106 20DA  
                             l1122 2114                               l1028 2298  
                             l1036 22E4                               l1108 20EA  
                             l1116 20FC                               l1300 229E  
                             l1046 240E                               l1038 22F4  
                             l1118 210C                               l1070 200C  
                             l1310 22C2                               l1302 22A2  
                             l1240 2354                               l1080 2040  
                             l1072 2018                               l1312 22C6  
                             l1304 22A6                               l1242 23C4  
                             l1250 23AA                               l1066 23F8  
                             l1090 2082                               l1082 2050  
                             l1074 2028                               l1314 22CA  
                             l1306 22AA                               l1236 2348  
                             l1244 23C8                               l1252 23AE  
                             l1260 214C                               l1068 245A  
                             l1092 2088                               l1084 2060  
                             l1076 202A                               l1308 22BA  
                             l1238 234C                               l1246 23D4  
                             l1254 23BA                               l1270 21A6  
                             l1262 215C                               l1094 208E  
                             l1086 2070                               l1078 203A  
                             l1248 23D8                               l1256 23BE  
                             l1280 21E2                               l1272 21AE  
                             l1264 2172                               l1088 2080  
                             l1096 2092                               l1282 21E6  
                             l1274 21C0                               l1266 2180  
                             l1258 2148                               l1098 20A2  
                             l1284 21EE                               l1276 21D2  
                             l1268 2190                               l1356 2128  
                             l1358 2212                               l1278 21DA  
                             l1294 21FE                               l1288 21F6  
                ??_GPIO_Initialize 000D                         _SYS_LED_On 245A  
                             _LATB 3FBB                               _LATD 3FBD  
                             i2l88 2346                    __end_of_ISR_IOC 2348  
                             _main 229E                     _Reset_To_Start 244A  
                             start 00AE                       ___param_bank 0000  
              __end_of_EmergencyOn 229E                              ?_main 000D  
                 __end_of_RELAY_On 2462                              _TRISD 3FC5  
                  _Reset_InputData 23DE           __end_of_Handle_WrongCode 23C4  
              __end_of_Seg7_Digits 200B                              tablat 3FF5  
           __end_of_Reset_To_Start 245A                              status 3FD8  
               _Handle_CorrectCode 23C4                    __initialization 2370  
                     __end_of_main 22E0                ?_Handle_CorrectCode 000D  
                           ??_main 0014                      __activetblptr 0003  
                        ??_ISR_IOC 000D                  __end_of_BUZZER_On 246E  
                      ?_SYS_LED_On 000D                             _ANSELB 3A50  
                           _ANSELD 3A70               ??_Handle_CorrectCode 000F  
                           i2l1170 2318                             i2l1172 2328  
                           i2l1174 2338                             i2l1176 233E  
                __end_of_RELAY_Off 246A                    ?_Reset_To_Start 000D  
                __end_of_SEG_Clear 2466                        _EmergencyOn 224A  
               DelayMs_Blocking@ms 000D               __end_of_Seg7_Display 2318  
          __end_of_Reset_InputData 23F8                             clear_0 2376  
                           isa$std 0001                        _Seg7_Digits 2001  
                     __mediumconst 2000                             tblptrh 3FF7  
                           tblptrl 3FF6                             tblptru 3FF8  
Update_SensorsAndCounts@pr1_active 0012       __end_of_Emergency_Initialize 244A  
Update_SensorsAndCounts@pr2_active 0013                      ?_PR1_IsActive 000D  
                _SYSTEM_Initialize 23F8                         __accesstop 0060  
          __end_of__initialization 2388                      ?_PR2_IsActive 000D  
               ?_SYSTEM_Initialize 000D                      ___rparam_used 0001  
                        ?_RELAY_On 000D                     __pcstackCOMRAM 000D  
              ??_SYSTEM_Initialize 000D                     ivt0x8_undefint 00AC  
                  _GPIO_Initialize 238E                       ??_BUZZER_Off 000D  
                   ??_PR1_IsActive 000D          __end_of_SYSTEM_Initialize 240E  
                   ??_PR2_IsActive 000D                            IVTBASEH 3FD6  
                          IVTBASEL 3FD5                            IVTBASEU 3FD7  
                       ??_RELAY_On 000D                 __end_of_BUZZER_Off 2472  
                 ?_Reset_InputData 000D                            _ISR_IOC 2318  
                          _PR1Prev 0007                            _PR2Prev 0006  
                          i2u26_40 2328                            i2u26_41 2324  
                          i2u27_40 2338                            i2u27_41 2334  
                ?_Handle_WrongCode 000D                 ??_Handle_WrongCode 000F  
                          __Hparam 0000                            __Lparam 0000  
         ?_Update_SensorsAndCounts 000D            __end_of_GPIO_Initialize 23AA  
                     __psmallconst 2000               _Emergency_Initialize 2436  
                          __pcinit 2370                            __ramtop 2000  
                          __ptext0 229E                            __ptext1 200C  
                          __ptext2 22E0                            __ptext3 240E  
                          __ptext4 2422                            __ptext5 245A  
                          __ptext6 23F8                            __ptext7 238E  
                          __ptext8 2436                            __ptext9 2148  
                        _IOCBFbits 3A57                          _IOCBNbits 3A56  
                        _IOCBPbits 3A55                   ??_Reset_To_Start 000D  
                     ??_SYS_LED_On 000D               end_of_initialization 2388  
                     _Seg7_Display 22E0                   _DelayMs_Blocking 2348  
                        _BUZZER_On 246A                       ?_EmergencyOn 000D  
                        _RELAY_Off 2466                          _PR1_Count 000B  
                        _PR2_Count 000A                          _SEG_Clear 2462  
                          postinc0 3FEE               __end_of_PR1_IsActive 2436  
            ?_Emergency_Initialize 000D                 __end_of_SYS_LED_On 245E  
             __end_of_PR2_IsActive 2422                          _PORTBbits 3FCB  
                        _TRISBbits 3FC3                     _Process_System 2148  
                       ?_BUZZER_On 000D    __end_of_Update_SensorsAndCounts 2148  
                       ?_RELAY_Off 000D                         ?_SEG_Clear 000D  
                 ?_GPIO_Initialize 000D                start_initialization 2370  
           __end_of_Process_System 224A                         ivt0x8_base 0008  
                      _SystemState 0005             ??_Emergency_Initialize 000D  
                      __pbssCOMRAM 0001                           ?_ISR_IOC 000D  
                  ?_Process_System 000D                        ??_BUZZER_On 000D  
                      ??_RELAY_Off 000D                        ??_SEG_Clear 000D  
         __end_of_DelayMs_Blocking 2370                        __smallconst 2000  
                     _PR1_Debounce 0009                       _PR1_IsActive 2422  
                     _PR2_Debounce 0008                       _PR2_IsActive 240E  
                         _LATBbits 3FBB                           _PIE0bits 3990  
                         _PR1_DONE 0003                           _PR2_DONE 0001  
                         _RELAY_On 245E                           _PIR0bits 39A0  
                Seg7_Display@digit 000F                           _WPUBbits 3A51  
                      _INTCON0bits 3FD2                           __Hrparam 0000  
                         __Lrparam 0000                           __pivt0x8 0008  
       __end_of_Handle_CorrectCode 23DE                           __ptext10 23AA  
                         __ptext11 23C4                           __ptext20 246E  
                         __ptext12 245E                           __ptext21 2318  
                         __ptext13 2348                           __ptext14 224A  
                         __ptext15 244A                           __ptext16 2462  
                         __ptext17 23DE                           __ptext18 2466  
                         __ptext19 246A                  ??_Reset_InputData 000D  
                 _Handle_WrongCode 23AA                           isa$xinst 0000  
                 ??_Process_System 0010            _Update_SensorsAndCounts 200C  
                       _BUZZER_Off 246E                       EmergencyOn@i 000F  
                         intlevel2 0000                 _Check_Emergency_SW 000C  
                ?_DelayMs_Blocking 000D                 ??_DelayMs_Blocking 000F  
                    ?_Seg7_Display 000D                      ??_EmergencyOn 000D  
              Seg7_Display@pattern 000E  
